FlightID,FlightNumber,FlightDate,RouteID,AircraftID,ServiceID,CustomerID,Passengers,Status,DelayMinutes,CancellationReason,FlightDurationMinutes,Revenue,OperatingCost,Profit,CustomerSatisfaction
1,FL10000,2025-05-20,14,3.0,3,174,271,Cancelled,0,Technical,342,0.0,23806.23,-23806.23,2.34
2,FL10001,2026-01-06,10,5.0,4,594,155,Delayed,183,,83,43824.95,14195.67,29629.29,3.49
3,FL10002,2024-02-08,2,4.0,1,142,182,On Time,0,,1363,171582.9,22981.47,148601.43,4.72
4,FL10003,2025-04-03,7,4.0,3,404,182,Delayed,230,,758,125188.89,20789.95,104398.94,3.83
5,FL10004,2025-03-11,15,5.0,3,324,95,Delayed,19,,361,40010.06,11558.94,28451.12,4.02
6,FL10005,2024-07-27,7,1.0,2,76,215,On Time,0,,729,130191.64,18809.72,111381.91,4.8
7,FL10006,2026-05-05,8,5.0,3,395,195,On Time,0,,773,125977.31,18114.66,107862.66,3.9
8,FL10007,2025-03-26,8,3.0,3,253,306,Delayed,126,,787,195157.95,31472.63,163685.31,4.52
9,FL10008,2026-05-04,10,3.0,3,624,175,Cancelled,0,Operational,50,0.0,13855.91,-13855.91,3.49
10,FL10009,2025-02-25,3,2.0,6,200,272,On Time,0,,90,89551.12,24247.61,65303.51,3.38
11,FL10010,2025-07-21,13,4.0,4,389,179, delayed,0,,784,127392.16,18668.98,108723.18,3.57
12,FL10011,2025-07-27,15,5.0,4,571,132,On Time,0,,308,56863.74,10271.65,46592.09,4.1
13,FL10012,2025-08-30,3,4.0,2,308,170,On Time,0,,87,31643.75,14948.0,16695.75,4.57
14,FL10013,2025-08-22,13,1.0,6,231,293,Delayed,88,,808,234649.78,30339.8,204309.98,3.15
15,FL10014,2026-02-07,13,3.0,1,253,148,On Time,0,,806,85766.1,19573.59,66192.51,3.37
16,FL10015,2024-07-26,12,4.0,4,56,284,Delayed,33,,93,75237.81,21892.47,53345.34,3.81
17,FL10016,2025-11-16,6,2.0,2,490,243,Delayed,213,,72,35061.65,25779.94,9281.71,2.57
18,FL10017,2026-02-11,8,4.0,5,8,261,On Time,0,,775,185447.92,27058.68,158389.23,4.2
19,FL10018,2026-02-24,13,4.0,3,512,263,Delayed,129,,758,192788.72,24449.86,168338.86,3.33
20,FL10019,2025-01-30,3,1.0,2,372,208,Delayed,196,,76,33833.59,16108.87,17724.72,2.43
21,FL10020,2025-02-06,13,3.0,1,5,228,On Time,0,,812,137442.94,19708.65,117734.3,5.0
22,FL10021,2026-01-24,14,1.0,5,99,106,On Time,0,,416,49273.34,10553.56,38719.77,4.01
23,FL10022,2025-05-07,11,3.0,3,60,250,Delayed,153,,50,33328.36,18576.5,14751.86,2.53
24,FL10023,2024-01-15,6,2.0,2,646,253,On Time,0,,93,50110.18,19112.84,30997.35,4.03
25,FL10024,2025-12-20,9,5.0,6,52,113,On Time,0,,921,94556.78,18733.81,75822.97,2.88
26,FL10025,2026-01-07,1,5.0,1,590,209,On Time,0,Weather ,693,113631.51,18483.52,95147.99,4.23
27,FL10026,2025-05-04,14,3.0,3,16,207,On Time,0,,389,92195.76,17295.78,74899.98,4.56
28,FL10027,2025-06-10,6,3.0,1,338,161,Delayed,144,,65,24425.46,15932.76,8492.71,5.0
29,FL10028,2025-05-22,1,4.0,1,370,105,On Time,0,,690,57121.62,13842.86,43278.76,4.06
30,FL10029,2025-02-09,12,4.0,1,455,92,On Time,0,,99,11849.33,7475.72,4373.62,3.57
31,FL10030,2025-10-30,10,4.0,2,296,137,On Time,0,,76,27001.18,11596.52,15404.66,4.13
32,FL10031,2024-05-16,10,4.0,6,130,143,Delayed,54,,50,43716.68,16182.99,27533.69,4.24
33,FL10032,2024-10-03,1,5.0,3,175,138,On Time,0,,706,73496.04,15233.52,58262.52,4.33
34,FL10033,2026-04-29,12,5.0,6,14,229,Delayed,146,,116,83156.44,22363.83,60792.61,3.84
35,FL10034,2026-02-07,10,1.0,2,544,186,Delayed,98,,53,39432.82,12346.34,27086.48,3.79
36,FL10035,2024-02-20,12,3.0,5,18,115,On Time,0,,85,40366.64,7265.08,33101.57,4.33
37,FL10036,2024-06-13,13,3.0,1,402,109,Delayed,18,,776,72319.19,16186.91,56132.28,2.39
38,FL10037,2024-04-18,4,3.0,1,369,240,On Time,0,,735,133097.69,21551.32,111546.37,3.05
39,FL10038,2026-07-06,4,3.0,1,195,304,Delayed,204,,725,165828.66,29712.71,136115.95,2.27
40,FL10039,2026-03-21,14,4.0,6,111,278,On Time,0,,386,153999.26,19538.12,134461.14,3.22
41,FL10040,2025-07-04,8,3.0,5,385,264,On Time,0,,804,181884.16,28079.21,153804.95,
42,FL10041,2025-10-21,7,2.0,5,465,163,On Time,0,,727,103542.66,18772.82,84769.85,5.0
43,FL10042,2025-08-14,5,3.0,6,309,251,On Time,0,,63,75075.28,21603.21,53472.06,3.54
44,FL10043,2026-03-19,10,5.0,2,457,108,Delayed,217,,50,23441.78,9664.31,13777.47,3.36
45,FL10044,2026-06-01,12,2.0,5,400,129,Delayed,138,,59,35608.71,14368.29,21240.43,3.14
46,FL10045,2026-07-20,1,1.0,4,626,122,On Time,0,,692,79766.21,14334.85,65431.36,4.13
47,FL10046,2024-11-22,9,5.0,4,180,132,On Time,0,,937,106433.63,16225.43,90208.21,4.05
48,FL10047,2024-11-21,15,1.0,4,502,172,On Time,0,,340,71818.48,16547.55,55270.93,3.18
49,FL10048,2024-04-19,5,4.0,3,248,100,On Time,0,,80,16608.29,6338.62,10269.67,4.39
50,FL10049,2026-02-14,5,5.0,1,367,277,On Time,0,,64,42324.13,22386.48,19937.65,3.56
51,FL10050,2025-02-05,14,2.0,1,316,254,On Time,0,,372,82802.89,24271.8,58531.09,3.54
52,FL10051,2024-02-06,1,2.0,4,225,235,Delayed,234,,690,163824.41,25851.74,137972.67,3.1
53,FL10052,2026-03-04,6,2.0,4,445,130,On Time,0,,103,37477.8,10244.67,27233.13,4.53
54,FL10053,2026-05-23,7,1.0,5,623,289,Delayed,32,,750,196586.4,34710.36,161876.04,2.89
55,FL10054,2026-03-30,12,1.0,4,284,91,On Time,0,,125,29663.8,5894.62,23769.17,4.06
56,FL10055,2025-09-02,2,,2,122,318,On Time,0,,1402,313875.51,40410.34,273465.17,4.26
57,FL10056,2026-04-16,7,3.0,3,291,257,On Time,0,,725,145267.38,21040.6,124226.78,4.17
58,FL10057,2026-05-15,3,3.0,3,130,136,On Time,0,,113,30795.07,10508.19,20286.87,4.13
59,FL10058,2025-06-05,12,1.0,6,337,135,On Time,0,,78,52840.31,12553.85,40286.46,3.09
60,FL10059,2025-06-24,10,5.0,4,410,249,Cancelled,0,Crew,82,0.0,16338.79,-16338.79,3.08
61,FL10060,2024-11-05,8,4.0,4,306,275,Delayed,142,,797,187718.19,32365.54,155352.65,2.71
62,FL10061,2025-08-27,6,1.0,5,642,197,Delayed,183,,50,46473.36,16743.76,29729.6,2.16
63,FL10062,2026-08-13,3,5.0,3,160,103,On Time,0,,104,19274.94,9470.82,9804.12,3.7
64,FL10063,2026-06-09,14,1.0,6,54,203,On Time,0,,374,98769.98,14693.63,84076.35,3.66
65,FL10064,2026-03-21,10,3.0,5,455,200,On Time,0,,54,46878.21,15299.33,31578.88,5.0
66,FL10065,2024-10-16,5,3.0,6,644,164,Delayed,125,,53,48242.31,13443.05,34799.26,3.93
67,FL10066,2025-12-26,7,3.0,5,33,297,Delayed,98,,756,224113.2,26101.84,198011.36,3.81
68,FL10067,2024-11-25,11,5.0,4,256,168,On Time,0,,53,41082.29,13624.06,27458.23,3.73
69,FL10068,2024-01-17,11,5.0,1,365,146,Cancelled,0,Weather,50,0.0,12323.84,-12323.84,2.88
70,FL10069,2026-03-26,7,2.0,4,416,245,On Time,0,,722,170753.95,25492.42,145261.53,5.0
71,FL-10070,2024-10-18,5,3.0,1,568,232,On Time,0,,62,23665.1,19049.59,4615.5,3.59
72,FL10071,2026-07-13,10,5.0,4,445,232,On Time,0,,69,49473.32,19626.83,29846.49,4.17
73,FL10072,2025-06-07,10,4.0,5,588,205,On Time,0,,85,62351.5,14997.98,47353.52,5.0
74,FL10073,2025-10-01,9,5.0,4,363,163,Delayed,17,,956,124540.17,24766.4,99773.77,2.83
75,FL10074,2025-07-05,2,3.0,2,140,149,Delayed,206,,1378,148923.35,27897.05,121026.29,3.4
76,FL10075,2025-02-16,8,2.0,1,597,117,On Time,0,,795,74728.64,16797.09,57931.55,3.99
77,FL10076,2026-05-20,10,3.0,5,248,132,On Time,0,,77,29886.33,8453.58,21432.75,3.42
78,FL10077,2024-04-16,15,5.0,5,211,222,On Time,0,,352,95794.62,18191.92,77602.7,4.5
79,FL10078,2024-06-04,8,5.0,3,443,183,On Time,0,,831,117680.07,17194.98,100485.1,3.28
80,FL10079,2025-08-04,6,4.0,5,478,260,On Time,0,,87,68920.07,21816.52,47103.54,4.5
81,FL10080,2026-07-15,9,4.0,5,455,274,On Time,0,,951,219192.03,24785.47,194406.56,4.28
82,FL10081,2026-02-28,3,3.0,4,354,218,On Time,0,,87,53835.27,17432.47,36402.8,4.58
83,FL10082,2025-11-08,2,2.0,1,454,114,On Time,0,,1372,107099.15,20097.77,87001.38,3.87
84,FL10083,2024-04-15,11,3.0,6,499,90,On Time,0,,90,28941.39,8454.41,20486.98,4.25
85,FL10084,2024-02-25,15,3.0,3,138,142,Delayed,146,,307,57846.45,14606.24,43240.21,3.97
86,FL10085,2024-10-05,13,5.0,5,563,154,On Time,0,,818,111899.61,20228.5,91671.11,3.08
87,FL10086,2025-11-15,9,3.0,6,358,106,On Time,0,,937,94910.93,18139.89,76771.04,3.21
88,FL10087,2024-04-07,1,4.0,3,255,269,On Time,0,,699,156507.43,20766.94,135740.49,4.38
89,FL10088,2024-12-05,15,1.0,4,234,174,Delayed,185,,342,63849.7,16046.85,47802.85,3.83
90,FL10089,2024-11-20,7,4.0,1,7,260,On Time,0,,727,141201.74,24397.48,116804.25,4.09
91,FL10090,2024-05-25,5,3.0,6,308,138,On Time,0,,76,45814.24,8517.67,37296.57,
92,FL10091,2025-07-06,14,5.0,1,512,92,Delayed,224,,369,34119.7,11142.16,22977.54,3.06
93,FL10092,2024-08-16,12,3.0,4,610,121,Delayed,208,,114,38149.26,11598.42,26550.85,4.12
94,FL10093,2024-05-04,12,3.0,3,87,198,On Time,0,,100,47387.74,17427.95,29959.79,3.95
95,FL10094,2025-02-19,5,1.0,1,462,200,On Time,0,,66,33431.18,13877.44,19553.74,3.49
96,FL10095,2025-03-29,15,5.0,3,183,190,Cancelled,0,Technical,337,0.0,15167.75,-15167.75,3.93
97,FL10096,2024-07-15,7,4.0,6,68,310,On Time,0,,738,217457.67,30855.67,186602.0,4.54
98,FL10097,2024-01-14,8,5.0,2,374,240,On Time,0,,789,145834.82,27227.27,118607.55,3.71
99,FL10098,2024-03-09,12,1.0,2,24,258,On Time,0,,92,75118.5,23456.41,51662.09,3.72
100,FL10099,2026-02-28,10,2.0,2,123,118,On Time,0,,55,23874.19,10483.81,13390.38,4.39
101,FL10100,2026-02-25,3,5.0,1,166,197,On Time,0,,61,34878.75,17671.53,17207.22,3.35
102,FL10101,2025-10-09,5,1.0,2,556,232,Delayed,193,,94,48042.37,19509.38,28532.99,3.51
103,FL10102,2024-09-12,6,3.0,4,104,224,On Time,0,,50,45192.29,16727.78,28464.51,3.89
104,FL10103,2025-09-13,15,3.0,5,184,307,On Time,0,,364,129357.85,23211.28,106146.57,4.14
105,FL10104,2026-06-01,11,5.0,5,631,199,On Time,0,,62,48828.55,17823.74,31004.8,2.69
106,FL10105,2026-03-23,6,5.0,5,215,175,Delayed,15,,95,52176.48,13858.13,38318.35,2.71
107,FL10106,2025-11-09,12,5.0,5,184,307,On Time,0,,117,87882.18,23543.4,64338.79,4.16
108,FL10107,2024-05-13,12,2.0,3,471,167,On Time,0,,116,38829.77,11431.35,27398.42,4.68
109,FL10108,2025-03-02,6,3.0,6,30,221,Delayed,43,,72,67982.79,21091.39,46891.4,3.21
110,FL10109,2026-07-16,7,4.0,2,76,96,On Time,0,,714,51055.28,14516.22,36539.05,4.47
111,FL10110,2026-01-15,14,5.0,5,248,128,On Time,0,,388,65500.69,14408.7,51091.99,3.04
112,FL10111,2024-02-14,9,1.0,1,429,103,On Time,0,,939,63816.03,18752.91,45063.12,3.71
113,FL10112,2026-04-23,3,5.0,5,11,186,Delayed,73,,94,50909.57,16681.92,34227.65,3.48
114,FL10113,2025-03-02,11,2.0,1,18,304,On Time,0,,50,28806.57,25195.18,3611.39,3.96
115,FL10114,2024-05-25,9,1.0,2,28,106,Delayed,62,,940,72658.66,20111.53,52547.13,3.8
116,FL10115,2024-01-02,8,4.0,3,449,314,Delayed,102,,722,206318.43,31137.19,175181.23,3.13
117,FL10116,2025-01-24,11,4.0,5,470,289,On Time,0,,60,93643.46,19104.26,74539.2,3.84
118,FL10117,2026-06-01,14,1.0,1,259,91,On Time,0,,394,26036.48,11181.0,14855.48,4.42
119,FL10118,2025-08-04,5,1.0,2,79,93,Delayed,178,,51,14535.69,11050.84,3484.85,2.95
120,FL10119,2025-04-02,7,5.0,3,497,297,On Time,0,,733,167072.43,32097.58,134974.86,3.41
121,FL10120,2025-05-12,3,5.0,5,464,224,Delayed,192,,100,62268.77,22892.41,39376.36,3.6
122,FL10121,2024-09-18,10,1.0,6,34,130,Delayed,115,,81,40932.61,11815.21,29117.4,2.67
123,FL10122,2024-01-18,7,5.0,4,476,309,On Time,0,,759,211849.69,24730.73,187118.97,4.92
124,FL10123,2025-03-01,6,5.0,4,592,219,Delayed,129,,77,38182.72,15023.12,23159.6,2.1
125,FL10124,2024-06-25,11,5.0,3,434,236,On Time,0,,66,54296.36,15556.98,38739.38,3.81
126,FL10125,2026-06-30,7,2.0,5,226,245,On Time,0,,745,161628.36,27423.83,134204.53,5.0
127,FL10126,2024-08-28,7,3.0,1,144,136,On Time,0,,774,69520.93,15383.76,54137.18,5.0
128,FL10127,2024-08-08,7,5.0,1,253,172,On Time,0,,748,95651.28,21380.22,74271.06,3.94
129,FL10128,2025-03-07,4,5.0,2,220,119,Delayed,81,,700,69549.56,19664.88,49884.69,4.02
130,FL10129,2024-11-26,2,4.0,2,112,211,Delayed,21,,1387,204983.14,29737.17,175245.97,3.8
131,FL10130,2025-08-02,13,1.0,3,618,317,On Time,0,,794,196299.22,29544.24,166754.98,3.68
132,FL10131,2024-01-10,2,1.0,6,84,234,On Time,0,,1349,260082.97,30147.37,229935.6,4.3
133,FL10132,2026-07-21,5,2.0,4,185,249,Delayed,23,,76,54884.27,20809.07,34075.2,2.74
134,FL10133,2024-07-29,11,1.0,3,36,134,On Time,0,,70,31080.11,8323.09,22757.02,2.98
135,FL10134,2025-09-27,2,1.0,2,381,214,On Time,0,,1362,216704.43,32066.15,184638.28,4.33
136,FL10135,2026-04-27,10,1.0,4,70,318,On Time,0,,72,88324.87,27950.29,60374.58,4.37
137,FL10136,2024-02-15,11,4.0,2,488,110,Delayed,180,,50,19261.97,10384.08,8877.89,2.53
138,FL10137,2025-04-04,10,3.0,6,361,136,On Time,0,,50,47823.46,11444.63,36378.84,3.91
139,FL10138,2025-07-22,5,3.0,3,328,255,On Time,0,,50,44641.75,21189.4,23452.35,3.23
140,FL10139,2024-04-04,1,5.0,4,474,92,On Time,0,,688,64393.13,14622.23,49770.9,3.7
141,FL10140,2025-09-24,14,3.0,6,595,137,On Time,0,,388,65735.29,12595.4,53139.88,3.72
142,FL10141,2026-03-07,5,3.0,2,67,307,On Time,0,,50,32156.97,27072.49,5084.48,4.48
143,FL10142,2024-05-02,13,2.0,3,440,94,On Time,0,,826,66297.29,13731.17,52566.12,3.67
144,FL10143,2026-03-21,3,3.0,4,84,188,Delayed,151,,105,44992.22,20175.49,24816.72,2.48
145,FL10144,2025-03-25,3,1.0,2,65,165,Cancelled,0,Technical,80,0.0,11912.01,-11912.01,4.12
146,FL10145,2026-07-26,12,3.0,1,60,181,On Time,0,,62,22280.51,14983.8,7296.7,4.32
147,FL10146,2024-10-01,15,5.0,2,170,149,On Time,0,,320,62837.19,15739.14,47098.05,4.58
148,FL10147,2024-02-28,13,3.0,1,318,153,Delayed,172,,786,99643.33,23220.99,76422.34,3.7
149,FL10148,2025-09-22,12,2.0,5,132,264,On Time,0,,84,93272.36,16789.09,76483.27,4.61
150,FL10149,2025-02-25,4,4.0,1,144,95,Cancelled,0,Technical,746,0.0,12671.19,-12671.19,3.28
151,FL10150,2025-08-31,14,5.0,2,620,119,On Time,0,,358,48798.86,11309.36,37489.5,4.3
152,FL10151,2026-04-27,11,3.0,6,95,150,On Time,0,,67,47091.48,9308.09,37783.38,4.08
153,FL10152,2026-04-06,3,2.0,4,58,280,On Time,0,,94,84966.57,20973.54,63993.03,3.71
154,FL10153,2024-04-23,2,4.0,5,274,180,On Time,0,,1361,191813.16,29464.49,162348.67,4.58
155,FL10154,2024-03-04,14,1.0,5,444,98,Delayed,202,,353,52549.04,15383.79,37165.24,3.13
156,FL10155,2024-12-13,5,5.0,2,386,209,On Time,0,,66,33370.92,16139.23,17231.68,4.08
157,FL10156,2024-05-06,12,2.0,4,422,234,Delayed,64,,100,58972.64,22443.49,36529.15,3.54
158,FL10157,2026-05-17,3,2.0,2,116,195,Delayed,142,,111,34680.06,16288.98,18391.09,3.6
159,FL10158,2025-06-09,5,4.0,4,263,110,Delayed,228,,76,27778.94,11319.33,16459.62,2.64
160,FL10159,2024-03-29,5,1.0,5,506,292,Delayed,52,,91,78026.24,27692.87,50333.37,3.43
161,FL10160,2025-06-16,5,2.0,6,224,287,On Time,0,,50,95529.08,24063.91,71465.17,3.34
162,FL10161,2025-11-26,11,1.0,6,388,299,On Time,0,,62,89390.67,24627.15,64763.52,4.12
163,FL10162,2026-01-11,14,2.0,1,87,311,Delayed,103,,442,114580.98,22248.9,92332.09,3.81
164,FL10163,2026-06-28,14,3.0,2,495,162,On Time,0,,413,69480.64,14772.38,54708.26,5.0
165,FL10164,2025-08-15,12,1.0,4,636,186,On Time,0,,67,49641.38,11068.32,38573.06,4.38
166,FL10165,2025-07-30,4,2.0,2,215,310,On Time,0,,697,198443.86,31416.99,167026.88,4.56
167,FL10166,2024-02-25,15,4.0,4,56,193,On Time,0,,311,86553.46,15164.49,71388.97,3.29
168,FL10167,2026-04-22,9,5.0,6,256,288,Delayed,164,,937,268153.42,32070.53,236082.89,3.65
169,FL10168,2026-01-12,9,1.0,2,558,238,On Time,0,,985,169957.71,26951.11,143006.61,3.27
170,FL10169,2026-02-04,11,4.0,6,638,303,Delayed,89,,86,78067.63,21714.72,56352.9,4.08
171,FL10170,2026-07-21,12,1.0,6,351,92,Cancelled,0,Weather,66,0.0,6749.38,-6749.38,2.31
172,FL10171,2026-02-11,15,3.0,6,394,252,On Time,0,,317,115379.51,23009.35,92370.17,3.36
173,FL10172,2025-02-17,9,5.0,1,428,274,Delayed,61,,945,177522.99,30017.66,147505.33,3.79
174,FL10173,2025-08-26,10,4.0,2,99,135,On Time,0,,56,12891.6,10478.46,2413.14,5.0
175,FL10174,2026-04-27,12,2.0,1,130,259,On Time,0,,103,50514.75,23663.29,26851.45,4.69
176,FL10175,2024-03-08,4,2.0,1,465,134,On Time,0,,680,61961.51,14654.05,47307.46,3.77
177,FL10176,2024-05-22,5,4.0,1,289,298,On Time,0,,59,51646.61,19565.24,32081.37,3.36
178,FL10177,2025-01-17,10,5.0,3,484,298,On Time,0,,50,84585.59,23926.95,60658.63,3.72
179,FL10178,2025-09-23,1,2.0,1,258,90,On Time,0,,696,45475.5,13097.23,32378.27,4.08
180,FL10179,2026-03-09,5,1.0,2,628,206,On Time,0,,81,39009.18,18708.56,20300.62,3.95
181,FL10180,2024-10-22,11,3.0,6,500,177,On Time,0,,72,53427.07,10276.75,43150.32,3.33
182,FL10181,2024-07-13,15,4.0,6,356,294,On Time,0,,318,149336.61,27792.97,121543.64,4.84
183,FL10182,2024-06-29,8,3.0,6,531,163,On Time,0,,803,116250.89,18075.57,98175.32,4.85
184,FL10183,2024-10-14,6,5.0,1,384,255,Delayed,148,,92,35416.26,17426.44,17989.82,4.53
185,FL10184,2024-02-27,7,5.0,4,153,116,Delayed,56,,738,80966.99,19695.65,61271.35,2.22
186,FL10185,2025-05-06,11,4.0,4,199,138,Delayed,146,,61,33684.36,14521.7,19162.66,2.77
187,FL10186,2026-04-05,9,1.0,1,119,316,On Time,0,,980,197262.38,29372.61,167889.77,4.16
188,FL10187,2025-02-08,1,5.0,6,362,178,On Time,0,,736,133674.95,16434.71,117240.24,4.0
189,FL10188,2025-04-10,9,4.0,3,422,266,On Time,0,,915,187766.96,27073.34,160693.62,3.71
190,FL10189,2026-02-22,7,2.0,6,26,312,Delayed,227,,762,228229.78,29934.49,198295.29,2.74
191,FL10190,2024-01-13,11,3.0,1,287,312,Cancelled,0,Technical,101,0.0,18441.78,-18441.78,2.35
192,FL10191,2026-07-21,14,5.0,4,536,94,On Time,0,,405,42294.81,9301.45,32993.36,5.0
193,FL10192,2024-07-14,15,5.0,1,499,143,On Time,0,,322,56171.87,12112.97,44058.9,3.07
194,FL10193,2024-04-12,10,3.0,6,452,254,Delayed,32,,54,85860.5,24573.9,61286.6,2.29
195,FL10194,2025-07-20,6,1.0,4,192,303,On Time,0,,105,73149.58,27531.49,45618.08,3.23
196,FL10195,2024-01-18,7,4.0,1,444,315,On Time,0,,755,181075.61,24743.44,156332.17,4.12
197,FL10196,2025-03-05,3,4.0,2,156,255,On Time,0,,107,51388.38,23495.72,27892.66,3.82
198,FL10197,2026-01-11,15,1.0,3,443,113,Delayed,193,,378,42437.48,13636.65,28800.83,3.57
199,FL10198,2025-10-20,13,5.0,1,531,260,On Time,0,,773,154968.46,28401.92,126566.55,3.54
200,FL10199,2024-03-12,13,2.0,1,142,152,On Time,0,,791,86990.66,18895.02,68095.64,4.06
201,FL10200,2025-11-28,5,5.0,6,480,275,On Time,0,,70,88894.18,20031.86,68862.32,4.06
202,FL10201,2024-08-17,5,3.0,6,29,215,On Time,0,,62,64093.18,18057.32,46035.86,5.0
203,FL10202,2024-06-25,13,2.0,4,420,132,Delayed,200,,756,82649.57,18948.57,63701.01,4.46
204,FL10203,2024-11-30,9,1.0,6,344,284,Delayed,83,,965,254508.59,36611.63,217896.96,3.2
205,FL10204,2025-03-02,11,1.0,4,620,317,On Time,0,,51,71644.96,27789.25,43855.71,4.56
206,FL10205,2024-10-13,8,4.0,1,352,206,On Time,0,,765,120499.4,21829.35,98670.05,4.11
207,FL10206,2025-05-24,7,2.0,5,22,276,Delayed,190,,731,184129.32,31719.21,152410.11,3.8
208,FL10207,2025-09-13,10,5.0,1,555,103,Delayed,34,,56,11514.55,9488.01,2026.54,3.55
209,FL10208,2024-03-14,13,2.0,5,173,152,On Time,0,,790,105052.58,19096.26,85956.32,4.48
210,FL10209,2024-09-22,6,5.0,3,441,119,On Time,0,,90,29356.16,9871.13,19485.03,4.55
211,FL10210,2024-10-21,13,5.0,1,505,155,On Time,0,,816,97516.74,18351.27,79165.47,4.28
212,FL10211,2025-08-04,4,1.0,2,214,176,Delayed,45,,690,99159.76,20569.54,78590.22,3.39
213,FL10212,2024-09-03,7,4.0,5,27,189,On Time,0,,726,127568.76,23874.12,103694.64,4.68
214,FL10213,2025-10-28,14,5.0,6,337,164,On Time,0,,389,74864.78,14176.08,60688.7,3.91
215,FL10214,2025-11-26,15,2.0,4,262,215,Delayed,38,,314,93920.62,19688.22,74232.4,2.93
216,FL10215,2024-01-21,14,1.0,1,346,140,On Time,0,,391,44389.87,12883.01,31506.86,2.99
217,FL10216,2025-08-28,5,5.0,6,587,169,Delayed,178,,50,46761.6,12470.89,34290.72,3.58
218,FL10217,2024-12-17,13,3.0,5,456,283,On Time,0,,835,206172.35,28226.54,177945.82,4.45
219,FL10218,2024-10-06,15,1.0,3,146,219,On Time,0,,334,79344.93,15774.05,63570.88,2.88
220,FL10219,2024-02-19,15,5.0,4,490,96,Delayed,172,,321,34163.34,10293.98,23869.36,2.9
221,FL10220,2025-04-10,1,4.0,6,188,165,Cancelled,0,Weather,718,0.0,16268.28,-16268.28,3.49
222,FL10221,2026-01-03,12,1.0,3,402,280,Cancelled,0,Technical,72,0.0,17665.6,-17665.6,2.91
223,FL10222,2024-05-29,15,2.0,1,167,131,Delayed,81,,318,36817.66,15582.14,21235.51,3.34
224,FL10223,2024-02-26,12,1.0,1,556,301,On Time,0,,105,53287.25,22870.17,30417.07,4.59
225,FL10224,2024-05-14,4,5.0,4,316,158,On Time,0,,698,100745.32,14206.04,86539.27,3.93
226,FL10225,2026-04-05,12,1.0,6,208,234,On Time,0,,117,86776.32,18194.06,68582.26,4.25
227,FL10226,2024-07-16,2,4.0,5,641,199,Delayed,237,,1311,209124.11,27224.84,181899.27,2.6
228,FL10227,2026-03-22,8,3.0,4,533,233,On Time,0,,797,161502.81,23109.24,138393.58,4.23
229,FL10228,2024-06-30,10,3.0,2,123,273,Delayed,174,,50,53150.26,20301.39,32848.87,2.43
230,FL10229,2025-05-10,7,5.0,3,23,124,Delayed,22,,715,74627.22,17693.69,56933.52,2.46
231,FL10230,2025-03-03,11,5.0,1,558,171,Cancelled,0,Operational,50,0.0,10720.72,-10720.72,2.67
232,FL10231,2026-06-22,4,1.0,3,543,220,Delayed,112,,684,118619.66,25972.13,92647.53,3.66
233,FL10232,2024-09-18,10,1.0,4,167,149,On Time,0,,93,31766.36,13760.66,18005.7,4.03
234,FL10233,2024-12-17,10,1.0,6,202,176,On Time,0,,80,44478.88,12551.08,31927.8,3.49
235,FL10234,2025-03-03,10,4.0,6,437,293,Cancelled,0,Crew,94,0.0,17982.62,-17982.62,3.57
236,FL10235,2024-10-16,5,3.0,5,452,142,On Time,0,,64,39105.32,9203.61,29901.7,4.21
237,FL10236,2024-06-09,5,1.0,1,298,133,On Time,0,,69,22597.04,11102.32,11494.72,4.68
238,FL10237,2024-04-19,4,2.0,5,463,224,Cancelled,0,Operational,664,0.0,18906.96,-18906.96,2.42
239,FL10238,2025-07-22,7,3.0,2,196,112,Delayed,193,,706,63606.14,19113.55,44492.59,4.23
240,FL10239,2025-11-27,9,4.0,4,245,90,On Time,0,,942,65882.45,13454.68,52427.77,5.0
241,FL10240,2024-06-11,6,2.0,6,313,290,On Time,0,,50,80041.09,18793.45,61247.63,4.59
242,FL10241,2025-02-11,7,5.0,6,150,153,On Time,0,,721,113159.9,16840.18,96319.72,4.32
243,FL10242,2025-11-07,5,5.0,4,525,117,Delayed,126,,67,32368.16,11292.29,21075.87,3.62
244,FL10243,2026-07-26,4,4.0,2,491,240,On Time,0,,721,131478.54,22685.32,108793.22,4.21
245,FL10244,2024-05-05,10,3.0,4,336,200,On Time,0,,61,56947.1,11577.24,45369.86,3.11
246,FL10245,2026-04-13,13,5.0,5,200,194,On Time,0,,766,134685.06,25780.45,108904.61,3.61
247,FL10246,2025-01-04,5,4.0,4,328,190,Delayed,143,,50,44104.9,19191.11,24913.79,3.23
248,FL10247,2025-05-06,13,3.0,3,211,123,Delayed,191,,795,79554.54,16837.74,62716.81,2.63
249,FL10248,2024-03-04,9,3.0,3,154,287,On Time,0,,933,230971.71,24775.43,206196.28,4.93
250,FL10249,2025-03-08,3,5.0,4,420,90,On Time,0,,99,24196.78,7973.48,16223.3,4.33
251,FL10250,2024-09-30,6,3.0,1,130,201,On Time,0,,67,16191.53,16658.7,-467.18,5.0
252,FL10251,2024-08-13,1,1.0,6,450,152,On Time,0,,702,112606.6,17598.35,95008.25,4.51
253,FL10252,2026-04-17,1,5.0,1,440,237,On Time,0,,727,141520.39,21603.49,119916.91,3.09
254,FL10253,2024-05-26,6,1.0,6,4,216,On Time,0,,92,66907.96,16292.98,50614.98,4.85
255,FL10254,2024-08-13,7,4.0,1,118,178,On Time,0,,745,92978.68,19440.24,73538.44,3.71
256,FL10255,2024-08-19,12,4.0,4,327,212,On Time,0,,78,62417.89,13152.67,49265.22,4.89
257,FL10256,2026-01-12,3,3.0,3,17,142,On Time,0,,85,42305.25,10250.33,32054.92,4.98
258,FL10257,2025-06-11,13,1.0,4,536,120,On Time,0,,808,86664.67,16517.49,70147.18,4.88
259,FL10258,2025-03-14,4,3.0,3,371,298,On Time,0,,721,161127.04,27084.04,134043.0,4.7
260,FL10259,2024-05-15,3,5.0,6,263,231,Delayed,127,,71,83296.03,14961.6,68334.43,3.58
261,FL10260,2025-01-13,11,2.0,1,271,240,On Time,0,,97,37187.34,14581.66,22605.68,3.99
262,FL10261,2026-04-26,12,4.0,6,229,319,On Time,0,,81,95943.38,24737.21,71206.17,5.0
263,FL10262,2025-04-22,10,5.0,5,431,297,Cancelled,0,Crew,74,0.0,22119.26,-22119.26,3.18
264,FL10263,2026-07-16,2,5.0,5,404,224,On Time,0,,1422,245356.67,30681.62,214675.05,3.75
265,FL10264,2024-02-13,2,3.0,1,35,272,Delayed,237,,1334,268198.41,35017.24,233181.16,3.59
266,FL10265,2024-09-12,6,2.0,1,125,211,On Time,0,,81,22439.5,15791.24,6648.26,4.75
267,FL10266,2024-05-25,7,4.0,3,538,144,Delayed,207,,732,91829.84,19327.49,72502.35,4.02
268,FL10267,2025-09-09,15,3.0,2,602,233,On Time,0,,341,71687.5,23286.08,48401.42,3.29
269,FL10268,2024-04-09,5,4.0,5,550,300,On Time,0,,54,86840.5,25927.63,60912.87,4.7
270,FL10269,2025-01-28,3,4.0,6,152,292,Delayed,228,,50,112676.34,21543.25,91133.09,3.75
271,FL10270,2024-02-06,15,4.0,3,552,206,Delayed,173,,317,66759.53,19100.39,47659.13,3.08
272,FL10271,2025-05-16,3,2.0,5,452,307,On Time,0,,103,77136.81,17841.5,59295.31,3.46
273,FL10272,2024-06-27,1,4.0,1,137,135,Delayed,107,,730,76405.49,15762.99,60642.5,4.23
274,FL10273,2026-01-08,7,3.0,5,440,99,On Time,0,,746,68632.31,12348.97,56283.34,4.99
275,FL10274,2025-03-17,7,5.0,1,501,182,Delayed,43,,767,108243.45,21772.7,86470.75,4.32
276,FL10275,2025-08-06,10,4.0,5,464,137,Delayed,80,,51,34126.02,16339.21,17786.81,2.45
277,FL10276,2024-06-30,14,5.0,3,621,310,On Time,0,,380,127887.92,27840.49,100047.43,3.86
278,FL10277,2025-09-29,14,5.0,3,546,116,Delayed,77,,398,50440.8,12984.58,37456.22,3.34
279,FL10278,2024-02-02,5,5.0,2,462,212,Cancelled,0,Crew,59,0.0,12290.9,-12290.9,3.98
280,FL10279,2024-05-19,15,4.0,3,340,267,Delayed,90,,354,83142.16,29344.41,53797.74,3.82
281,FL10280,2026-02-22,10,3.0,6,397,115,On Time,0,,50,47281.21,7088.71,40192.49,3.85
282,FL10281,2024-08-17,2,1.0,5,588,100,Delayed,67,,1383,108743.14,23533.35,85209.78,3.41
283,FL10282,2025-12-05,15,2.0,3,261,217,On Time,0,,356,70977.53,15294.59,55682.94,4.46
284,FL10283,2026-04-08,3,3.0,2,398,297,On Time,0,,104,60936.08,17352.57,43583.51,4.49
285,FL10284,2024-05-04,9,4.0,4,231,93,Delayed,63,,963,74518.12,16644.05,57874.07,4.39
286,FL10285,2026-07-17,12,3.0,5,627,94,On Time,0,,83,31392.46,6224.56,25167.9,4.95
287,FL10286,2026-02-19,4,3.0,2,581,302,Delayed,217,,679,179674.92,27114.9,152560.02,4.11
288,FL10287,2025-06-15,5,1.0,5,60,228,On Time,0,,73,62315.92,18334.27,43981.65,3.5
289,FL10288,2024-11-01,8,4.0,6,104,251,On Time,0,,766,174376.53,27399.79,146976.74,3.54
290,FL10289,2024-07-17,14,3.0,6,549,153,Cancelled,0,Crew,398,0.0,13971.81,-13971.81,2.36
291,FL10290,2024-08-08,4,1.0,4,398,161,On Time,0,,701,92577.49,18416.97,74160.52,4.28
292,FL10291,2025-05-04,10,2.0,2,408,198,On Time,0,,59,42546.95,15278.57,27268.37,3.69
293,FL10292,2024-05-25,7,5.0,2,108,139,On Time,0,,744,78271.38,14364.42,63906.97,4.39
294,FL10293,2025-03-31,2,1.0,5,578,191,On Time,0,,1379,210524.71,24354.19,186170.52,4.48
295,FL10294,2025-04-30,11,3.0,3,498,309,Delayed,15,,64,58040.73,25708.08,32332.65,3.46
296,FL10295,2025-09-27,13,3.0,1,228,262,On Time,0,,783,149413.03,30983.21,118429.83,4.59
297,FL10296,2024-01-07,9,1.0,5,575,289,Delayed,117,,962,229239.44,29150.21,200089.23,2.9
298,FL10297,2024-11-09,3,1.0,1,425,204,Cancelled,0,Weather,102,0.0,16889.0,-16889.0,2.06
299,FL10298,2024-05-07,3,5.0,6,564,271,Delayed,169,,105,84667.95,22514.21,62153.74,2.86
300,FL10299,2026-04-23,7,3.0,3,334,186,On Time,0,,750,121020.64,21429.86,99590.78,4.56
301,FL10300,2026-03-15,8,2.0,3,262,232,Delayed,146,,784,145967.05,32096.98,113870.07,4.52
302,FL10301,2026-07-26,9,1.0,1,495,257,On Time,0,,938,172999.64,26223.16,146776.48,4.98
303,FL10302,2026-05-16,4,3.0,2,44,279,Delayed,236,,683,157284.79,26263.26,131021.53,3.19
304,FL10303,2026-05-22,8,4.0,6,428,302,On Time,0,,779,229635.89,33598.36,196037.53,4.65
305,FL10304,2024-11-08,5,4.0,4,615,114,Delayed,235,,76,24333.62,11457.99,12875.63,2.42
306,FL10305,2026-08-05,11,1.0,6,581,272,On Time,0,,77,92597.85,21001.68,71596.17,5.0
307,FL10306,2024-01-03,12,4.0,6,197,253,On Time,0,,99,82143.57,19066.67,63076.89,4.37
308,FL10307,2024-05-11,10,5.0,1,280,259,Cancelled,0,Crew,68,0.0,16191.03,-16191.03,3.54
309,FL10308,2024-10-13,1,2.0,3,146,93,On Time,0,,681,55982.0,14446.78,41535.23,2.78
310,FL10309,2024-08-29,15,1.0,6,379,202,Delayed,229,,323,100904.23,23094.44,77809.79,3.63
311,FL10310,2026-01-30,1,5.0,3,431,310,Delayed,134,,717,182319.69,30438.14,151881.55,4.53
312,FL10311,2026-01-02,15,3.0,4,553,297,On Time,0,,315,113265.13,21132.37,92132.76,4.22
313,FL10312,2024-06-07,1,4.0,4,551,143,On Time,0,,706,93302.5,18280.75,75021.75,3.97
314,FL10313,2025-03-22,8,2.0,5,363,201,On Time,0,,782,141246.58,21378.19,119868.39,3.86
315,FL10314,2024-03-30,2,2.0,6,187,288,Delayed,96,,1364,335824.57,36620.15,299204.42,2.86
316,FL10315,2026-07-09,2,2.0,6,278,303,Cancelled,0,Weather,1380,0.0,28670.16,-28670.16,3.09
317,FL10316,2025-11-06,11,2.0,4,246,166,On Time,0,,71,32822.0,12447.8,20374.2,3.24
318,FL10317,2024-05-22,11,3.0,4,304,274,Delayed,220,,50,61734.58,20814.67,40919.91,3.62
319,FL10318,2026-01-05,2,1.0,3,178,281,On Time,0,,1376,273981.84,35916.44,238065.4,4.75
320,FL10319,2024-10-21,15,5.0,1,503,124,On Time,0,,322,42352.47,12799.92,29552.55,3.75
321,FL10320,2024-08-09,5,3.0,5,436,97,Delayed,178,,50,29863.77,8229.57,21634.2,3.58
322,FL10321,2025-09-10,5,5.0,1,611,100,Delayed,171,,81,13866.35,11246.41,2619.94,3.29
323,FL10322,2024-07-31,5,3.0,5,41,123,On Time,0,,50,35787.17,8646.38,27140.79,4.29
324,FL10323,2025-01-27,7,2.0,3,133,260,On Time,0,,731,161377.12,24377.45,136999.67,4.62
325,FL10324,2026-04-25,3,3.0,5,7,179,On Time,0,,102,58942.74,15153.37,43789.37,4.3
326,FL10325,2024-12-12,7,1.0,6,163,247,On Time,0,,736,184495.19,23597.16,160898.03,4.59
327,FL10326,2024-05-24,4,5.0,4,74,110,On Time,0,,683,72269.91,15901.38,56368.52,4.37
328,FL10327,2025-06-12,1,4.0,4,126,228,Delayed,50,,684,143824.77,26820.91,117003.86,3.89
329,FL10328,2024-05-18,6,1.0,3,368,261,On Time,0,,56,49954.2,21224.15,28730.05,4.24
330,FL10329,2026-02-10,11,3.0,3,123,314,On Time,0,,50,73500.24,19264.33,54235.91,4.25
331,FL10330,2025-12-09,12,3.0,1,377,163,Delayed,41,,94,34795.92,13480.46,21315.46,3.78
332,FL10331,2025-02-18,6,2.0,1,41,215,On Time,0,,60,39175.23,18869.57,20305.66,3.99
333,FL10332,2025-05-30,5,1.0,5,439,201,On Time,0,,50,67567.77,11768.53,55799.24,4.32
334,FL10333,2024-02-02,12,4.0,6,519,170,Delayed,240,,91,57773.84,15265.1,42508.74,2.75
335,FL10334,2025-09-05,11,2.0,1,536,237,On Time,0,,54,25323.52,20962.09,4361.43,2.85
336,FL10335,2026-01-19,13,3.0,2,221,219,On Time,0,,798,129573.2,24466.18,105107.02,4.09
337,FL10336,2026-05-15,14,2.0,4,211,281,On Time,0,,399,138823.82,19732.84,119090.98,3.51
338,FL10337,2025-11-22,13,4.0,5,277,96,On Time,0,,820,63583.87,13581.45,50002.42,5.0
339,FL10338,2024-10-03,15,1.0,5,577,141,On Time,0,,345,70029.97,12588.17,57441.81,3.51
340,FL10339,2025-04-29,7,2.0,5,563,223,On Time,0,,716,148558.76,24943.08,123615.68,4.53
341,FL10340,2024-11-05,6,3.0,1,338,221,On Time,0,,50,46590.92,17086.63,29504.29,3.57
342,FL10341,2025-07-31,5,3.0,2,596,297,Delayed,29,,50,51478.69,25671.27,25807.43,3.31
343,FL10342,2026-04-13,4,4.0,3,183,245,On Time,0,,685,152583.54,19284.71,133298.83,3.3
344,FL10343,2024-12-18,12,1.0,1,355,90,On Time,0,,64,21838.65,6423.71,15414.93,3.24
345,FL10344,2026-02-01,11,3.0,3,123,202,On Time,0,,54,40247.46,14437.08,25810.37,4.21
346,FL10345,2024-04-11,13,4.0,3,64,284,Cancelled,0,Operational,793,0.0,30585.07,-30585.07,2.77
347,FL10346,2025-11-15,3,2.0,6,450,290,On Time,0,,85,89858.13,21881.98,67976.16,4.51
348,FL10347,2026-02-02,8,1.0,2,297,274,Delayed,134,,786,158902.9,34087.7,124815.2,4.14
349,FL10348,2026-01-19,4,5.0,6,372,199,On Time,0,,683,137500.27,16600.07,120900.2,2.99
350,FL10349,2025-01-11,14,4.0,5,594,114,Cancelled,0,Weather,376,0.0,10976.21,-10976.21,3.71
351,FL10350,2025-12-10,5,4.0,5,320,139,On Time,0,,101,32948.7,10878.04,22070.66,3.38
352,FL10351,2026-08-01,3,4.0,5,587,284,On Time,0,,96,82873.52,22975.28,59898.24,3.78
353,FL10352,2024-03-02,9,4.0,6,377,168,On Time,0,,947,146494.75,20504.49,125990.26,3.09
354,FL10353,2026-07-25,14,4.0,2,212,265,On Time,0,,408,91264.23,21912.61,69351.62,3.11
355,FL10354,2024-12-11,14,3.0,3,54,98,Delayed,158,,409,39696.3,13734.61,25961.69,2.04
356,FL10355,2024-11-02,2,1.0,4,632,202,On Time,0,,1359,221033.99,26079.93,194954.06,3.74
357,FL10356,2024-04-10,5,3.0,6,520,308,Delayed,186,,87,81963.85,27812.56,54151.3,3.34
358,FL10357,2024-07-05,3,2.0,1,211,146,On Time,0,,87,33110.37,12771.17,20339.2,3.76
359,FL10358,2025-05-09,5,4.0,3,461,97,Delayed,203,,87,18159.29,12398.36,5760.93,2.14
360,FL10359,2025-12-28,9,3.0,2,530,156,On Time,0,,921,112831.94,21258.93,91573.0,2.73
361,FL10360,2025-11-25,5,5.0,2,16,104,Cancelled,0,Crew,60,0.0,8872.15,-8872.15,3.01
362,FL10361,2026-01-02,2,3.0,5,609,230,Delayed,125,,1370,261153.94,36112.06,225041.88,3.81
363,FL10362,2025-11-28,8,3.0,2,89,134,On Time,0,,788,84613.46,14120.44,70493.02,4.16
364,FL10363,2024-01-31,1,5.0,5,85,146,Delayed,191,,687,94639.73,20852.45,73787.28,4.51
365,FL10364,2025-03-09,4,3.0,6,293,225,On Time,0,,662,151897.86,25081.31,126816.55,3.98
366,FL10365,2025-05-29,1,2.0,5,190,164,On Time,0,,713,106994.22,21408.37,85585.85,4.21
367,FL10366,2024-02-16,2,2.0,2,250,239,On Time,0,,1362,248828.63,31582.08,217246.55,3.99
368,FL10367,2024-09-28,7,5.0,1,365,304,On Time,0,,730,164263.33,26521.25,137742.08,3.49
369,FL10368,2024-09-29,13,4.0,3,273,304,On Time,0,,826,203323.4,33095.27,170228.13,3.89
370,FL10369,2024-02-17,12,1.0,4,240,257,On Time,0,,90,58504.38,16977.85,41526.53,4.55
371,FL10370,2025-03-06,2,3.0,5,350,312,Delayed,197,,1356,324332.72,36767.7,287565.02,3.87
372,FL10371,2025-02-16,1,2.0,3,637,259,On Time,0,,667,156293.22,24415.02,131878.2,4.23
373,FL10372,2025-06-03,6,4.0,2,455,105,On Time,0,,50,17549.06,8232.85,9316.22,5.0
374,FL10373,2024-05-07,10,1.0,6,263,309,On Time,0,,78,93793.95,21111.52,72682.43,4.3
375,FL10374,2026-07-22,12,4.0,6,452,220,On Time,0,,82,62129.66,17494.91,44634.75,4.21
376,FL10375,2024-09-28,13,4.0,4,545,91,Delayed,117,,805,62783.44,19870.48,42912.96,4.28
377,FL10376,2025-08-14,6,2.0,5,31,232,On Time,0,,50,78352.07,14620.04,63732.04,3.54
378,FL10377,2025-06-26,3,1.0,6,129,146,On Time,0,,79,44430.53,10036.22,34394.31,4.93
379,FL10378,2024-01-07,1,4.0,3,648,212,On Time,0,,686,134394.27,23651.98,110742.29,3.37
380,FL10379,2024-08-25,3,2.0,1,640,241,Delayed,223,,106,14460.0,24256.68,-9796.68,3.13
381,FL10380,2025-10-31,1,5.0,4,459,96,On Time,0,,699,58506.52,15412.25,43094.27,2.81
382,FL10381,2024-12-13,13,4.0,3,475,190,Delayed,206,,771,112220.9,23262.58,88958.33,3.46
383,FL10382,2024-11-14,5,5.0,5,592,102,On Time,0,,81,33054.85,7995.99,25058.86,4.86
384,FL10383,2025-11-10,13,3.0,5,10,115,On Time,0,,803,87199.58,17524.34,69675.24,3.39
385,FL10384,2026-02-04,9,5.0,3,342,138,On Time,0,,952,98676.67,17367.38,81309.29,3.82
386,FL10385,2026-02-12,9,1.0,3,113,269,On Time,0,,951,204809.79,29815.42,174994.37,3.86
387,FL10386,2025-02-23,7,2.0,3,620,185,On Time,0,,721,123174.82,19253.16,103921.66,3.86
388,FL10387,2025-03-16,13,1.0,4,67,100,On Time,0,,818,74000.17,15979.92,58020.25,3.32
389,FL10388,2025-10-08,1,4.0,4,79,261,On Time,0,,701,162687.13,20204.4,142482.73,4.02
390,FL10389,2025-07-18,2,3.0,4,385,215,On Time,0,,1371,208053.36,25204.94,182848.42,5.0
391,FL10390,2024-12-22,7,2.0,4,213,122,On Time,0,,746,76530.73,13981.76,62548.97,3.67
392,FL10391,2024-11-12,6,2.0,6,542,219,On Time,0,,52,75624.0,15746.14,59877.85,4.15
393,FL10392,2026-07-16,9,4.0,2,194,147,On Time,0,,983,116087.56,18217.89,97869.67,4.14
394,FL10393,2026-04-27,12,1.0,2,511,236,On Time,0,,96,45376.58,17195.97,28180.61,3.74
395,FL10394,2024-10-17,9,3.0,5,255,307,On Time,0,,946,245603.45,30041.56,215561.89,4.18
396,FL10395,2024-03-18,4,4.0,6,376,162,Delayed,239,,687,127409.38,16492.68,110916.7,3.05
397,FL10396,2026-07-03,5,2.0,4,634,261,On Time,0,,89,67860.17,17531.08,50329.09,4.27
398,FL10397,2024-04-03,12,2.0,3,402,95,On Time,0,,120,17689.3,6503.29,11186.01,3.95
399,FL10398,2024-08-12,4,2.0,3,122,183,On Time,0,,698,108580.9,23173.07,85407.83,3.09
400,FL10399,2024-02-06,8,3.0,3,614,294,Cancelled,0,Technical,751,0.0,25285.52,-25285.52,1.83
401,FL10400,2026-01-12,9,2.0,1,611,107,On Time,0,,942,72630.2,18218.7,54411.5,2.61
402,FL10401,2024-04-07,12,2.0,4,295,303,On Time,0,,95,88469.22,21579.25,66889.97,3.73
403,FL10402,2024-10-31,11,3.0,2,248,111,On Time,0,,57,13278.35,7673.17,5605.17,4.54
404,FL10403,2025-08-25,7,1.0,2,488,200,On Time,0,,718,107710.78,23518.15,84192.63,3.53
405,FL10404,2024-02-21,5,3.0,4,359,131,Delayed,220,,50,28830.49,12933.19,15897.3,3.14
406,FL10405,2026-08-14,6,1.0,6,64,94,On Time,0,,100,29010.58,7657.51,21353.07,3.58
407,FL10406,2026-01-17,7,1.0,2,214,170,On Time,0,,753,102074.5,17867.43,84207.07,3.46
408,FL10407,2025-07-30,4,2.0,6,55,223,On Time,0,,696,161627.41,20254.11,141373.31,5.0
409,FL10408,2025-06-21,10,2.0,4,191,256,Cancelled,0,Technical,50,0.0,16928.35,-16928.35,2.48
410,FL10409,2024-09-01,4,1.0,6,112,162,Delayed,82,,702,109617.38,19377.69,90239.69,2.42
411,FL10410,2025-07-18,10,5.0,3,639,203,Delayed,211,,65,39861.16,22743.03,17118.12,2.72
412,FL10411,2026-02-22,12,2.0,6,623,131,Delayed,148,,88,40518.57,13857.6,26660.97,3.35
413,FL10412,2025-04-25,15,5.0,4,15,257,Delayed,29,,340,114822.1,24814.17,90007.93,2.93
414,FL10413,2024-12-05,2,5.0,5,494,128,On Time,0,,1376,143320.1,18536.23,124783.86,4.19
415,FL10414,2024-10-07,12,5.0,4,530,288,On Time,0,,110,71570.03,20510.87,51059.16,3.53
416,FL10415,2025-07-23,2,5.0,3,593,131,On Time,0,,1348,141781.44,21714.8,120066.64,3.62
417,FL10416,2026-05-06,6,1.0,4,576,242,On Time,0,,79,54132.63,16871.03,37261.59,3.54
418,FL10417,2025-02-25,3,2.0,6,221,166,Delayed,191,,120,61456.87,19102.39,42354.48,3.24
419,FL10418,2025-09-28,3,4.0,5,315,319,On Time,0,,102,111676.57,24484.16,87192.41,4.46
420,FL10419,2025-05-04,3,3.0,1,109,154,On Time,0,,140,17174.03,10289.16,6884.87,4.53
421,FL10420,2025-04-12,1,1.0,5,563,308,Delayed,209,,700,213364.58,29297.59,184066.99,4.21
422,FL10421,2024-04-11,13,3.0,6,39,282,On Time,0,,758,188128.8,29397.94,158730.86,3.15
423,FL10422,2024-11-20,1,5.0,5,327,197,On Time,0,,686,138170.37,17405.03,120765.34,3.32
424,FL10423,2026-06-10,6,5.0,3,285,203,On Time,0,,57,35513.59,17947.31,17566.28,3.4
425,FL10424,2026-04-26,11,2.0,3,220,171,Delayed,58,,78,39443.11,13795.02,25648.08,3.3
426,FL10425,2024-10-19,15,2.0,5,632,188,On Time,0,,348,88439.83,15870.72,72569.11,3.3
427,FL10426,2025-07-18,13,2.0,4,309,197,On Time,0,,796,144145.85,23711.71,120434.14,3.55
428,FL10427,2025-07-29,3,2.0,3,28,123,On Time,0,,102,32020.9,8295.74,23725.16,4.44
429,FL10428,2026-04-25,15,2.0,3,551,164,Delayed,211,,370,61656.84,14761.47,46895.37,4.0
430,FL10429,2024-01-08,10,2.0,3,603,291,On Time,0,,50,56463.7,22562.66,33901.04,4.45
431,FL10430,2024-10-19,3,3.0,1,228,315,On Time,0,,95,49319.98,19830.65,29489.33,4.21
432,FL10431,2025-03-16,7,1.0,1,180,102,Delayed,226,,729,52498.37,17711.28,34787.1,2.87
433,FL10432,2025-05-12,14,2.0,1,457,258,Delayed,212,,368,86001.96,27981.21,58020.75,3.31
434,FL10433,2026-01-04,6,2.0,3,38,145,On Time,0,,50,29482.22,12406.99,17075.23,4.74
435,FL10434,2024-11-22,3,1.0,4,426,240,On Time,0,,122,56780.96,14878.02,41902.95,4.43
436,FL10435,2025-08-09,14,5.0,3,113,232,On Time,0,,376,81155.51,23574.0,57581.51,4.58
437,FL10436,2026-03-22,15,4.0,6,142,292,Delayed,159,,327,126817.71,22789.29,104028.43,3.92
438,FL10437,2024-11-01,15,5.0,2,65,251,On Time,0,,340,57415.27,23156.27,34259.0,3.79
439,FL10438,2025-04-24,15,3.0,3,415,279,Delayed,85,,308,101339.56,22976.42,78363.14,3.71
440,FL10439,2025-09-15,14,1.0,2,442,274,Delayed,165,,375,106412.68,24737.81,81674.88,3.05
441,FL10440,2026-02-08,7,5.0,2,302,238,On Time,0,,737,117776.72,24864.72,92912.0,4.39
442,FL10441,2026-02-01,3,3.0,4,622,184,On Time,0,,88,50132.64,11506.71,38625.94,4.8
443,FL10442,2025-01-24,10,4.0,2,49,167,Delayed,191,,50,28066.59,17713.35,10353.24,4.31
444,FL10443,2024-05-31,4,2.0,2,643,169,Delayed,104,,707,88101.99,19632.11,68469.88,3.69
445,FL10444,2024-04-24,8,3.0,5,526,172,Delayed,51,,771,121244.14,23029.12,98215.02,3.56
446,FL10445,2024-03-04,10,3.0,5,47,156,On Time,0,,64,49003.99,9411.92,39592.07,4.9
447,FL10446,2025-04-06,15,2.0,2,280,161,Delayed,187,,333,49089.44,15196.26,33893.19,2.74
448,FL10447,2025-03-18,5,3.0,1,356,220,Delayed,226,,86,31583.15,15497.64,16085.51,4.24
449,FL10448,2024-08-26,4,4.0,2,397,152,Cancelled,0,Weather,702,0.0,17677.72,-17677.72,3.08
450,FL10449,2025-02-23,12,1.0,4,283,170,On Time,0,,79,40017.62,13677.14,26340.47,4.09
451,FL10450,2025-10-24,1,1.0,6,197,253,On Time,0,,727,187932.06,24797.82,163134.25,3.71
452,FL10451,2024-02-14,9,5.0,1,182,165,On Time,0,,936,114738.43,21526.5,93211.93,3.24
453,FL10452,2024-08-29,12,3.0,1,388,114,Delayed,211,,80,17140.83,9708.61,7432.22,4.26
454,FL10453,2025-10-13,9,5.0,4,350,93,Delayed,234,,926,80813.6,19761.92,61051.68,3.56
455,FL10454,2024-08-19,6,4.0,6,250,265,On Time,0,,50,93794.17,18119.46,75674.7,3.76
456,FL10455,2025-07-11,13,4.0,4,160,308,On Time,0,,781,195113.19,32562.65,162550.53,4.23
457,FL10456,2026-01-15,6,5.0,6,332,246,On Time,0,,79,75000.35,21778.06,53222.29,3.78
458,FL10457,2024-10-26,11,4.0,4,156,103,On Time,0,,50,34209.65,7425.03,26784.61,2.89
459,FL10458,2024-04-06,7,2.0,1,276,219,Delayed,150,,772,113742.83,22651.1,91091.73,3.18
460,FL10459,2024-09-22,1,3.0,3,621,152,On Time,0,,659,91936.7,15438.11,76498.58,3.09
461,FL10460,2025-09-06,8,2.0,5,484,163,On Time,0,,765,124382.82,18026.15,106356.66,4.15
462,FL10461,2024-10-03,1,2.0,4,487,301,Delayed,204,,674,198767.23,31974.74,166792.5,4.33
463,FL10462,2026-05-24,14,4.0,2,36,279,On Time,0,,410,112611.77,20288.11,92323.67,3.58
464,FL10463,2024-04-18,10,1.0,2,498,259,On Time,0,,74,51324.92,22173.18,29151.73,4.51
465,FL10464,2025-03-13,6,4.0,4,410,205,On Time,0,,66,51124.69,12761.3,38363.39,3.58
466,FL10465,2026-06-08,8,3.0,3,333,222,On Time,0,,752,138143.72,20207.5,117936.22,3.99
467,FL10466,2025-12-07,10,2.0,4,178,300,On Time,0,,50,77270.02,17531.13,59738.89,3.43
468,FL10467,2024-02-27,4,1.0,3,277,241,On Time,0,,700,140600.08,23504.09,117095.99,4.4
469,FL10468,2024-09-26,5,4.0,3,238,223,On Time,0,,53,43251.45,18573.63,24677.82,4.88
470,FL10469,2024-02-11,7,5.0,4,249,112,On Time,0,,727,79591.29,15517.3,64073.99,4.13
471,FL10470,2026-07-07,4,4.0,1,529,319,On Time,0,,694,164018.68,28375.05,135643.63,4.35
472,FL10471,2026-01-19,12,3.0,3,89,275,On Time,0,,88,79444.63,18154.08,61290.55,4.35
473,FL10472,2024-08-26,2,4.0,3,411,173,On Time,0,,1331,176284.72,28890.41,147394.31,3.84
474,FL10473,2025-03-16,13,3.0,5,633,147,On Time,0,,766,106123.68,19690.52,86433.17,4.85
475,FL10474,2025-03-04,6,2.0,5,114,312,On Time,0,,50,68604.23,25082.0,43522.22,3.66
476,FL10475,2026-02-16,9,2.0,3,440,309,Delayed,122,,931,255062.49,32664.59,222397.9,2.28
477,FL10476,2024-04-13,3,2.0,2,70,186,On Time,0,,98,36077.69,14499.25,21578.44,3.4
478,FL10477,2025-05-03,6,5.0,2,331,143,On Time,0,,72,14160.25,8627.26,5532.98,4.4
479,FL10478,2025-11-29,12,4.0,2,213,273,On Time,0,,120,62447.49,18108.96,44338.53,3.75
480,FL10479,2026-05-11,5,1.0,2,410,233,On Time,0,,50,40552.09,20846.54,19705.55,4.06
481,FL10480,2024-12-01,2,5.0,5,490,297,On Time,0,,1372,311078.87,26753.48,284325.4,3.84
482,FL10481,2024-11-30,8,1.0,1,649,215,On Time,0,,765,131707.16,22683.16,109023.99,4.12
483,FL10482,2025-09-10,3,3.0,1,62,216,On Time,0,,136,15113.38,14337.36,776.02,4.71
484,FL10483,2025-07-14,5,1.0,4,163,122,Delayed,107,,64,26938.41,8548.58,18389.83,4.29
485,FL10484,2026-05-21,7,2.0,2,458,228,On Time,0,,727,131845.77,26698.85,105146.91,3.37
486,FL10485,2024-07-29,9,4.0,5,572,173,On Time,0,,951,147236.25,17335.74,129900.51,4.61
487,FL10486,2025-01-06,10,5.0,5,250,137,Delayed,217,,65,48738.96,14257.64,34481.31,3.43
488,FL10487,2025-03-05,11,5.0,5,66,269,On Time,0,,59,73230.7,23086.26,50144.44,3.2
489,FL10488,2025-05-12,13,5.0,3,60,169,On Time,0,,805,113838.07,17421.05,96417.02,4.32
490,FL10489,2024-05-07,1,2.0,3,4,138,On Time,0,,734,96423.17,14737.33,81685.84,5.0
491,FL10490,2024-05-29,6,1.0,3,53,310,On Time,0,,89,66236.39,21250.96,44985.43,3.52
492,FL10491,2025-04-22,1,5.0,2,593,311,Delayed,74,,700,181596.62,28153.52,153443.1,3.15
493,FL10492,2024-03-22,1,5.0,4,649,203,On Time,0,,739,120626.19,19858.24,100767.95,2.96
494,FL10493,2025-03-16,4,2.0,6,57,157,On Time,0,,705,121058.12,19215.74,101842.38,3.92
495,FL10494,2024-06-04,9,1.0,2,650,127,Delayed,17,,923,87794.57,20949.74,66844.83,3.4
496,FL10495,2024-01-26,14,4.0,1,447,234,On Time,0,,393,81935.1,21208.05,60727.05,5.0
497,FL10496,2025-02-02,12,1.0,4,357,230,On Time,0,,92,62694.15,20842.0,41852.15,3.39
498,FL10497,2024-03-27,10,1.0,3,312,232,On Time,0,,50,48798.15,15013.0,33785.14,4.63
499,FL10498,2025-09-07,12,5.0,5,166,266,On Time,0,,103,75537.09,17387.28,58149.8,4.2
500,FL10499,2025-06-23,3,3.0,6,268,198,On Time,0,,59,67839.04,11502.46,56336.58,5.0
501,FL10500,2024-05-22,13,1.0,6,634,247,On Time,0,,825,203529.77,21984.15,181545.62,4.11
502,FL10501,2025-11-17,14,4.0,3,644,240,On Time,0,,404,117739.85,19568.39,98171.45,3.97
503,FL10502,2024-10-08,2,2.0,6,425,272,Delayed,36,,1329,301612.64,34688.09,266924.55,3.85
504,FL10503,2025-09-25,8,3.0,1,211,261,On Time,0,,793,147274.15,23788.26,123485.89,4.32
505,FL10504,2026-06-24,13,5.0,3,228,98,Delayed,188,,802,61660.94,15154.27,46506.67,3.91
506,FL10505,2025-11-20,8,2.0,2,61,232,On Time,0,,810,164491.42,20234.55,144256.87,4.36
507,FL10506,2024-10-18,13,4.0,6,165,314,Cancelled,0,Technical,827,0.0,32002.48,-32002.48,2.04
508,FL10507,2025-04-03,15,5.0,4,159,218,On Time,0,,370,97669.77,17633.83,80035.94,4.34
509,FL10508,2024-10-15,8,3.0,3,630,211,Delayed,46,,775,142294.84,27475.55,114819.29,3.62
510,FL10509,2024-11-22,1,5.0,1,627,229,Delayed,122,,714,139648.56,25427.43,114221.14,2.82
511,FL10510,2026-04-24,6,3.0,5,402,218,On Time,0,,61,59913.05,15288.37,44624.67,4.19
512,FL10511,2025-10-20,4,3.0,4,609,182,On Time,0,,715,108062.97,20576.86,87486.11,2.81
513,FL10512,2025-06-05,8,5.0,6,373,318,Delayed,204,,737,260785.7,31183.41,229602.29,3.47
514,FL10513,2024-09-16,9,4.0,3,190,106,Delayed,79,,920,82983.77,19571.61,63412.16,3.75
515,FL10514,2025-05-15,7,5.0,1,340,277,On Time,0,,729,157812.41,25343.03,132469.38,4.62
516,FL10515,2025-08-25,3,4.0,3,355,126,Delayed,202,,95,35646.25,14580.29,21065.95,3.76
517,FL10516,2025-11-09,5,4.0,4,193,137,On Time,0,,70,36136.02,10513.52,25622.5,3.42
518,FL10517,2024-03-28,11,2.0,2,385,229,On Time,0,,92,52840.95,17496.03,35344.93,3.05
519,FL10518,2026-04-09,1,2.0,1,579,236,On Time,0,,690,127712.75,25308.39,102404.36,4.61
520,FL10519,2025-05-30,4,5.0,5,637,303,Delayed,75,,669,211817.67,26813.36,185004.3,3.56
521,FL10520,2024-12-04,14,4.0,4,607,157,On Time,0,,384,72875.27,14969.83,57905.44,4.32
522,FL10521,2025-11-19,2,2.0,3,406,95,On Time,0,,1354,94868.43,19988.34,74880.09,5.0
523,FL10522,2025-06-09,7,2.0,4,406,148,On Time,0,,749,96431.08,17489.05,78942.02,2.96
524,FL10523,2024-10-30,4,4.0,5,553,215,On Time,0,,726,140556.21,18669.39,121886.83,5.0
525,FL10524,2026-05-24,2,1.0,1,203,172,On Time,0,,1395,163278.23,24471.54,138806.69,3.63
526,FL10525,2026-05-29,7,1.0,3,95,147,On Time,0,,760,89346.15,19055.32,70290.83,4.54
527,FL10526,2026-05-21,8,4.0,2,12,300,Delayed,95,,769,189076.95,37470.44,151606.51,3.29
528,FL10527,2024-03-10,3,2.0,1,321,219,On Time,0,,93,37939.9,16786.04,21153.86,3.78
529,FL10528,2026-05-29,2,4.0,1,95,244,On Time,0,,1374,231112.02,30250.08,200861.94,3.02
530,FL10529,2024-09-11,3,3.0,3,497,262,On Time,0,,81,62084.35,23300.94,38783.41,3.56
531,FL10530,2024-11-29,10,5.0,4,137,184,On Time,0,,50,40946.34,11318.06,29628.28,4.3
532,FL10531,2025-10-09,13,3.0,4,28,259,On Time,0,,800,176801.38,27620.03,149181.36,4.23
533,FL10532,2025-04-01,3,5.0,5,251,311,On Time,0,,69,74858.85,21278.51,53580.34,4.62
534,FL10533,2026-03-02,5,5.0,3,281,256,On Time,0,,88,52890.77,16935.74,35955.03,3.55
535,FL10534,2025-09-28,6,2.0,4,351,158,On Time,0,,63,33811.46,14459.09,19352.37,4.49
536,FL10535,2024-04-18,6,5.0,5,615,269,On Time,0,,82,77201.61,17111.56,60090.05,4.04
537,FL10536,2024-05-14,4,4.0,4,329,144,Delayed,236,,699,87478.97,22860.94,64618.04,3.71
538,FL10537,2024-04-04,1,1.0,6,508,106,On Time,0,,728,67389.65,14030.46,53359.19,4.33
539,FL10538,2024-11-11,8,1.0,2,483,192,On Time,0,,738,133216.42,23317.38,109899.03,3.69
540,FL10539,2025-03-21,6,2.0,5,91,207,On Time,0,,96,57007.79,16154.86,40852.94,4.16
541,FL10540,2026-04-24,6,1.0,5,154,198,On Time,0,,96,66161.11,15424.42,50736.69,4.3
542,FL10541,2024-11-26,4,2.0,4,319,150,On Time,0,,701,92108.3,15502.21,76606.09,4.51
543,FL10542,2024-04-03,14,5.0,1,202,152,Delayed,52,,402,60827.98,17048.08,43779.89,4.28
544,FL10543,2025-06-10,10,3.0,4,299,301,On Time,0,,73,60814.21,25814.2,35000.01,3.59
545,FL10544,2025-02-03,7,1.0,6,133,157,On Time,0,,720,115381.04,17417.65,97963.4,3.24
546,FL10545,2026-03-18,4,3.0,4,79,270,On Time,0,,696,160452.86,25208.25,135244.62,4.84
547,FL10546,2024-02-03,13,2.0,1,260,149,On Time,0,,811,101100.38,22003.8,79096.58,3.16
548,FL10547,2024-10-03,14,5.0,2,201,114,Cancelled,0,Technical,356,0.0,10474.64,-10474.64,3.67
549,FL10548,2025-10-29,1,1.0,4,377,104,On Time,0,,713,69318.17,16176.68,53141.49,3.41
550,FL10549,2024-01-10,14,4.0,5,118,145,On Time,0,,393,71995.43,13146.35,58849.08,3.59
551,FL10550,2025-06-23,11,3.0,3,411,283,On Time,0,,79,59403.67,16185.35,43218.31,3.95
552,FL10551,2025-10-04,2,1.0,6,643,194,On Time,0,,1341,219825.32,29437.41,190387.91,3.06
553,FL10552,2024-02-01,12,4.0,5,287,249,On Time,0,,81,86339.77,18522.26,67817.51,3.37
554,FL10553,2025-06-23,2,3.0,2,329,311,On Time,0,,1338,310498.42,39408.97,271089.45,2.91
555,FL10554,2026-06-10,1,4.0,2,50,101,On Time,0,,675,57894.3,12773.0,45121.3,4.43
556,FL10555,2025-05-08,2,4.0,6,101,115,On Time,0,,1383,130315.27,18084.16,112231.12,3.99
557,FL10556,2024-06-14,7,4.0,4,21,301,On Time,0,,726,218458.68,31088.07,187370.62,4.01
558,FL10557,2026-01-21,10,3.0,6,304,220,On Time,0,,50,65507.56,16199.95,49307.61,3.96
559,FL10558,2024-02-27,7,1.0,6,323,232,On Time,0,,760,154016.44,22813.27,131203.17,3.99
560,FL10559,2026-03-25,2,1.0,3,59,168,Delayed,152,,1359,163232.57,28159.57,135073.01,2.99
561,FL10560,2026-07-02,3,3.0,1,275,280,On Time,0,,116,34552.19,25096.91,9455.28,4.62
562,FL10561,2024-05-18,13,2.0,6,548,238,Cancelled,0,Technical,772,0.0,27684.05,-27684.05,1.85
563,FL10562,2024-09-19,15,4.0,4,563,149,Delayed,169,,325,56524.38,14503.75,42020.63,2.36
564,FL10563,2026-03-08,12,3.0,1,416,239,On Time,0,,78,37845.41,15634.99,22210.43,4.88
565,FL10564,2025-12-11,2,5.0,4,493,90,On Time,0,,1377,94829.37,23240.99,71588.38,4.17
566,FL10565,2025-06-02,13,1.0,1,339,145,Delayed,139,,789,86388.61,21898.24,64490.37,1.98
567,FL10566,2025-10-07,11,2.0,2,210,136,On Time,0,,81,20432.68,10376.14,10056.54,4.21
568,FL10567,2026-04-14,8,4.0,3,475,270,On Time,0,,784,184892.36,27261.27,157631.08,2.97
569,FL10568,2025-11-15,3,1.0,3,551,259,On Time,0,,57,64201.17,18799.25,45401.92,4.85
570,FL10569,2025-06-27,15,2.0,4,201,110,On Time,0,,327,51078.04,9475.18,41602.86,4.6
571,FL10570,2025-01-06,7,4.0,6,261,298,Delayed,134,,707,225999.22,34690.31,191308.9,4.66
572,FL10571,2026-05-06,1,3.0,3,265,278,Delayed,39,,710,164101.01,32804.53,131296.47,3.11
573,FL10572,2025-07-02,4,4.0,5,466,190,Delayed,122,,706,135506.5,23906.95,111599.55,2.51
574,FL10573,2026-03-08,7,3.0,6,59,138,Delayed,217,,751,101888.92,21287.67,80601.25,2.95
575,FL10574,2026-03-31,1,5.0,5,485,186,On Time,0,,701,130284.49,19191.45,111093.04,3.66
576,FL10575,2024-11-08,5,5.0,2,157,225,On Time,0,,50,45228.38,19607.43,25620.95,4.25
577,FL10576,2025-12-13,8,5.0,5,299,234,Cancelled,0,Operational,785,0.0,20335.99,-20335.99,1.81
578,FL10577,2025-09-08,15,1.0,2,22,169,Cancelled,0,Weather,340,0.0,18128.05,-18128.05,3.0
579,FL10578,2024-08-06,2,3.0,3,525,113,Delayed,230,,1362,113610.41,21560.14,92050.28,2.64
580,FL10579,2025-06-28,9,1.0,4,68,230,Delayed,42,,947,173971.28,27045.72,146925.57,2.97
581,FL10580,2026-07-03,14,2.0,2,154,252,On Time,0,,354,75772.79,23150.05,52622.74,4.9
582,FL10581,2025-05-27,13,2.0,1,426,151,On Time,0,,794,85045.74,16750.19,68295.55,4.65
583,FL10582,2025-10-21,14,4.0,6,219,237,Delayed,129,,389,123884.83,18413.24,105471.59,3.77
584,FL10583,2024-04-15,3,3.0,5,147,220,On Time,0,,72,74177.5,18459.38,55718.12,4.41
585,FL10584,2025-01-08,13,5.0,1,358,205,On Time,0,,803,126148.73,20460.08,105688.65,3.83
586,FL10585,2024-01-23,15,2.0,3,5,91,On Time,0,,322,33143.43,9901.38,23242.05,3.97
587,FL10586,2024-12-16,5,4.0,2,237,160,On Time,0,,71,24319.01,10095.18,14223.83,2.98
588,FL10587,2024-11-24,8,4.0,6,128,176,On Time,0,,790,131771.97,20537.59,111234.39,3.2
589,FL10588,2024-06-30,8,5.0,6,361,281,On Time,0,,787,202565.81,25093.46,177472.35,4.08
590,FL10589,2025-04-21,8,2.0,5,200,280,On Time,0,,754,180870.36,27819.53,153050.83,3.27
591,FL10590,2025-04-28,5,4.0,3,435,290,On Time,0,,59,45448.78,20569.52,24879.27,4.45
592,FL10591,2025-06-13,15,1.0,1,92,196,On Time,0,,374,69014.73,16453.11,52561.62,3.97
593,FL10592,2025-01-16,15,3.0,2,52,165,On Time,0,,360,66660.82,13851.33,52809.49,3.81
594,FL10593,2025-05-11,6,3.0,1,139,204,Delayed,74,,88,34657.14,16248.25,18408.89,2.91
595,FL10594,2025-07-08,13,5.0,5,564,272,On Time,0,,798,197326.39,27110.57,170215.81,4.29
596,FL10595,2024-05-19,6,4.0,1,635,232,On Time,0,,51,21981.0,17022.05,4958.95,4.44
597,FL10596,2025-04-06,12,5.0,5,45,228,On Time,0,,93,66926.07,16237.75,50688.31,3.43
598,FL10597,2026-02-22,9,5.0,6,16,189,On Time,0,,937,165878.57,19776.4,146102.17,3.66
599,FL10598,2025-11-06,8,3.0,2,105,250,Delayed,224,,779,161011.46,30009.72,131001.74,3.18
600,FL10599,2025-11-20,2,4.0,5,368,289,On Time,0,,1337,319087.32,31501.24,287586.09,4.21
601,FL10600,2024-10-09,10,1.0,6,604,243,On Time,0,,80,86188.43,21496.95,64691.48,4.2
602,FL10601,2026-04-07,5,3.0,3,510,182,Delayed,216,,50,50742.21,16645.09,34097.11,3.23
603,FL10602,2025-04-12,4,1.0,3,161,283,On Time,0,,712,165080.75,31865.76,133214.99,4.46
604,FL10603,2026-04-26,3,4.0,2,638,306,Delayed,141,,114,89462.44,24293.98,65168.46,3.21
605,FL10604,2024-05-30,15,5.0,3,176,273,Cancelled,0,Technical,378,0.0,22975.53,-22975.53,2.09
606,FL10605,2026-03-08,2,4.0,6,234,291,On Time,0,,1361,316537.9,30954.82,285583.08,4.87
607,FL10606,2024-10-10,12,5.0,4,532,151,Cancelled,0,Crew,86,0.0,13960.3,-13960.3,3.64
608,FL10607,2025-09-28,13,2.0,2,199,186,On Time,0,,795,119359.16,20151.59,99207.57,3.1
609,FL10608,2024-01-17,1,5.0,4,483,147,On Time,0,,715,92781.66,18817.42,73964.24,4.12
610,FL10609,2025-02-25,9,3.0,5,276,174,On Time,0,,943,139878.29,19274.65,120603.64,4.85
611,FL10610,2026-01-16,9,4.0,1,543,258,On Time,0,,922,195651.85,26820.78,168831.07,3.8
612,FL10611,2025-08-31,6,4.0,5,409,245,On Time,0,,82,64796.79,20324.15,44472.64,4.5
613,FL10612,2024-10-24,11,4.0,2,605,90,On Time,0,,66,12610.97,6800.54,5810.43,4.72
614,FL10613,2024-08-25,7,2.0,2,287,263,On Time,0,,718,170405.3,26333.5,144071.8,4.17
615,FL10614,2024-08-08,7,4.0,3,240,134,On Time,0,,705,87565.03,16592.72,70972.3,5.0
616,FL10615,2026-06-02,7,4.0,4,215,132,On Time,0,,787,92012.59,17264.81,74747.79,4.42
617,FL10616,2024-10-16,13,5.0,6,354,215,On Time,0,,809,165411.43,21099.21,144312.22,4.07
618,FL10617,2025-08-29,10,3.0,2,593,145,On Time,0,,72,18007.62,10382.17,7625.44,3.89
619,FL10618,2024-01-12,6,3.0,2,105,311,On Time,0,,69,56434.59,25508.2,30926.39,3.97
620,FL10619,2025-07-27,14,3.0,3,268,123,Delayed,154,,405,44005.82,13881.77,30124.05,2.93
621,FL10620,2025-09-14,13,1.0,6,163,124,On Time,0,,772,95601.61,16986.23,78615.38,3.28
622,FL10621,2025-07-10,14,1.0,6,121,264,Delayed,130,,396,142195.44,21508.21,120687.23,2.72
623,FL10622,2026-03-09,11,1.0,3,443,155,On Time,0,,71,38508.15,13891.13,24617.02,3.91
624,FL10623,2025-10-16,6,4.0,5,648,254,On Time,0,,50,71187.67,19799.76,51387.91,4.52
625,FL10624,2024-07-20,12,3.0,6,644,246,Cancelled,0,Weather,94,0.0,18267.94,-18267.94,3.21
626,FL10625,2025-10-18,5,5.0,6,369,133,On Time,0,,58,37794.0,11443.88,26350.12,4.11
627,FL10626,2024-08-14,5,4.0,5,4,223,On Time,0,,51,70162.96,18815.91,51347.05,5.0
628,FL10627,2024-02-12,7,1.0,4,553,213,On Time,0,,727,145342.73,18721.06,126621.67,5.0
629,FL10628,2026-06-09,15,1.0,6,459,111,On Time,0,,298,50060.0,9641.77,40418.23,3.41
630,FL10629,2025-02-10,9,2.0,2,209,265,On Time,0,,966,194725.36,27891.43,166833.93,4.46
631,FL10630,2025-02-17,6,5.0,3,570,287,On Time,0,,102,72220.75,19651.45,52569.3,3.23
632,FL10631,2026-07-23,7,1.0,5,151,307,On Time,0,,719,213826.3,28244.01,185582.29,4.17
633,FL10632,2025-08-05,5,1.0,1,390,110,Delayed,39,,89,12321.33,10853.55,1467.77,2.41
634,FL10633,2025-12-27,10,1.0,4,124,131,On Time,0,,60,32562.86,8233.23,24329.63,3.61
635,FL10634,2026-04-20,6,3.0,6,328,279,On Time,0,,71,94256.18,16979.27,77276.91,4.41
636,FL10635,2024-07-02,9,5.0,2,491,159,Delayed,216,,919,109264.69,23537.86,85726.83,3.0
637,FL10636,2024-05-25,6,4.0,5,468,233,On Time,0,,60,57838.16,13788.11,44050.05,3.3
638,FL10637,2025-02-13,5,3.0,3,629,170,Delayed,186,,77,38939.65,17347.85,21591.8,2.85
639,FL10638,2024-03-11,15,1.0,6,491,140,On Time,0,,312,71094.26,10869.28,60224.98,3.39
640,FL10639,2025-03-18,6,2.0,4,612,233,On Time,0,,56,75431.77,13831.6,61600.17,4.27
641,FL10640,2025-06-05,2,3.0,1,575,137,Delayed,118,,1356,131972.16,25447.52,106524.64,4.08
642,FL10641,2026-07-26,6,2.0,5,460,121,On Time,0,,50,29183.04,9589.37,19593.67,3.87
643,FL10642,2024-06-11,8,4.0,1,231,212,Delayed,178,,787,138095.19,29584.55,108510.64,3.97
644,FL10643,2026-06-30,2,5.0,2,470,134,On Time,0,,1379,135597.89,25638.14,109959.75,3.63
645,FL10644,2024-08-19,5,2.0,6,27,134,Delayed,104,,74,32912.48,14026.3,18886.18,3.23
646,FL10645,2024-03-14,3,2.0,6,173,269,On Time,0,,115,80192.89,22970.79,57222.1,5.0
647,FL10646,2026-03-21,8,1.0,1,307,211,On Time,0,,772,118749.84,20229.97,98519.88,3.88
648,FL10647,2024-09-11,11,4.0,3,244,214,On Time,0,,103,51388.56,17456.61,33931.95,4.7
649,FL10648,2024-10-10,15,3.0,1,185,122,Cancelled,0,Operational,315,0.0,12324.74,-12324.74,2.53
650,FL10649,2024-03-10,6,2.0,2,44,126,On Time,0,,66,21965.71,10314.79,11650.93,3.99
651,FL10650,2025-05-28,13,2.0,6,591,179,On Time,0,,786,141380.77,19067.97,122312.8,3.44
652,FL10651,2024-07-05,4,1.0,2,366,179,Delayed,29,,699,82931.79,21761.2,61170.59,3.34
653,FL10652,2025-08-05,12,3.0,4,286,193,On Time,0,,92,56030.13,14046.54,41983.59,4.16
654,FL10653,2025-03-06,9,4.0,5,624,120,On Time,0,,943,102191.16,16781.2,85409.97,4.49
655,FL10654,2024-09-16,12,2.0,6,495,296,On Time,0,,83,90144.48,27164.51,62979.97,3.62
656,FL10655,2025-07-29,12,1.0,3,432,173,On Time,0,,88,32664.12,15454.94,17209.18,3.89
657,FL10656,2024-05-27,8,3.0,5,267,277,On Time,0,,736,191080.06,24585.04,166495.02,4.77
658,FL10657,2026-02-16,4,4.0,3,281,182,On Time,0,,711,91723.74,17555.27,74168.46,3.21
659,FL10658,2025-10-25,8,2.0,1,272,198,On Time,0,,760,112579.5,20997.77,91581.74,2.39
660,FL10659,2024-03-24,13,2.0,2,199,115,On Time,0,,783,72471.37,17071.04,55400.34,3.58
661,FL10660,2026-08-10,15,1.0,5,611,245,On Time,0,,311,98324.19,20187.18,78137.0,4.4
662,FL10661,2024-09-26,14,4.0,5,322,103,On Time,0,,403,53021.49,11780.48,41241.01,4.05
663,FL10662,2026-07-13,3,5.0,4,310,262,Delayed,220,,85,70154.39,24083.87,46070.52,2.68
664,FL10663,2025-08-07,9,4.0,5,225,292,On Time,0,,896,242462.38,28638.61,213823.77,4.05
665,FL10664,2026-05-31,2,3.0,5,252,173,On Time,0,,1372,184405.91,20530.1,163875.81,3.76
666,FL10665,2025-03-16,11,4.0,3,602,294,On Time,0,,52,69621.12,23592.29,46028.83,2.98
667,FL10666,2026-01-07,15,2.0,2,513,250,On Time,0,,331,96042.41,21717.26,74325.15,3.78
668,FL10667,2024-10-22,1,1.0,6,462,90,Delayed,24,,720,62393.57,16300.02,46093.55,3.78
669,FL10668,2025-10-27,10,2.0,6,428,136,On Time,0,,50,46102.11,11415.36,34686.75,3.82
670,FL10669,2024-06-19,15,4.0,1,170,237,Delayed,54,,331,78451.97,22720.64,55731.33,2.32
671,FL10670,2024-05-20,13,4.0,5,88,251,On Time,0,,777,186273.49,26024.18,160249.31,5.0
672,FL10671,2025-11-09,6,5.0,1,284,111,Delayed,168,,91,22443.86,14371.75,8072.11,2.65
673,FL10672,2024-02-01,2,5.0,6,415,247,Delayed,233,,1368,269124.5,30948.04,238176.45,3.54
674,FL10673,2024-08-12,14,2.0,4,9,276,On Time,0,,391,118954.84,18654.89,100299.95,4.54
675,FL10674,2025-04-13,14,1.0,5,3,111,Cancelled,0,Crew,367,0.0,12683.95,-12683.95,3.27
676,FL10675,2025-10-17,9,2.0,5,15,292,Delayed,54,,960,247214.72,27697.87,219516.86,3.15
677,FL10676,2025-07-07,15,5.0,4,13,212,On Time,0,,349,84686.15,22002.21,62683.94,2.82
678,FL10677,2026-05-28,1,5.0,2,290,231,On Time,0,,688,125473.14,19665.85,105807.29,4.76
679,FL10678,2025-11-24,10,1.0,5,329,101,On Time,0,,64,33891.58,7271.96,26619.61,3.24
680,FL10679,2024-07-25,1,1.0,4,284,231,On Time,0,,715,161898.13,27193.92,134704.21,4.63
681,FL10680,2025-11-05,15,3.0,4,63,194,On Time,0,,376,77114.18,14352.05,62762.12,4.72
682,FL10681,2025-11-22,11,4.0,2,8,175,On Time,0,,74,22389.63,9969.42,12420.2,3.21
683,FL10682,2026-03-26,14,5.0,1,407,269,On Time,0,,392,109206.77,19316.12,89890.65,3.2
684,FL10683,2026-02-06,9,4.0,4,239,147,On Time,0,,942,118000.66,20778.24,97222.42,3.74
685,FL10684,2025-08-24,2,2.0,3,81,103,On Time,0,,1364,105546.7,24167.22,81379.48,4.6
686,FL10685,2025-08-29,1,1.0,4,177,204,On Time,0,,719,130804.81,20539.64,110265.16,3.61
687,FL10686,2025-03-12,6,4.0,3,166,261,On Time,0,,53,48412.6,21600.56,26812.03,4.06
688,FL10687,2024-11-07,12,3.0,6,182,120,Delayed,167,,115,38365.2,13704.67,24660.53,2.97
689,FL10688,2026-07-06,3,5.0,5,100,316,On Time,0,,66,102034.88,19138.16,82896.72,4.51
690,FL10689,2024-08-17,13,3.0,3,219,244,Delayed,213,,806,156607.83,27120.54,129487.3,2.89
691,FL10690,2026-03-15,4,3.0,5,106,304,Delayed,105,,714,207526.94,35928.88,171598.06,2.83
692,FL10691,2026-01-24,8,2.0,4,389,198,Delayed,129,,797,135722.62,24223.2,111499.43,2.63
693,FL10692,2025-08-13,4,1.0,4,264,118,On Time,0,,701,70270.06,13901.98,56368.07,3.31
694,FL10693,2024-11-08,7,5.0,4,471,130,Delayed,43,,746,93013.64,18432.43,74581.22,3.99
695,FL10694,2025-11-12,7,5.0,6,505,205,Delayed,67,,730,153655.94,23105.29,130550.65,3.07
696,FL10695,2026-02-11,1,1.0,2,255,225,Delayed,175,,681,130296.98,25035.05,105261.92,2.68
697,FL10696,2025-07-27,9,4.0,3,578,258,On Time,0,,950,198834.34,24706.83,174127.51,2.91
698,FL10697,2026-03-16,12,2.0,2,639,272,On Time,0,,98,35747.27,15942.2,19805.07,3.82
699,FL10698,2025-05-04,15,3.0,4,291,265,On Time,0,,350,103810.76,26288.31,77522.45,3.47
700,FL10699,2026-04-13,5,5.0,6,379,225,On Time,0,,64,59027.51,13688.76,45338.75,3.34
701,FL10700,2025-01-21,14,5.0,4,291,94,Delayed,206,,395,42310.72,12323.6,29987.12,2.8
702,FL10701,2026-02-21,14,1.0,2,451,211,Delayed,77,,397,81690.11,22251.85,59438.26,3.38
703,FL10702,2024-03-06,15,2.0,6,72,278,On Time,0,,343,134537.23,21265.34,113271.88,3.25
704,FL10703,2026-05-12,6,5.0,5,295,284,On Time,0,,90,92229.18,23949.88,68279.29,3.8
705,FL10704,2025-10-01,13,5.0,3,322,281,Delayed,239,,774,170031.04,29319.33,140711.71,3.88
706,FL10705,2026-06-09,9,1.0,1,611,92,On Time,0,,959,60101.41,13876.35,46225.07,3.64
707,FL10706,2026-06-02,1,5.0,3,546,190,On Time,0,,700,117235.16,20004.88,97230.28,3.31
708,FL10707,2025-04-17,5,3.0,5,351,231,Delayed,97,,79,66998.73,23457.38,43541.35,3.99
709,FL10708,2025-09-22,11,3.0,4,372,146,Delayed,191,,96,29164.95,16575.04,12589.91,3.24
710,FL10709,2024-10-06,3,1.0,2,485,184,On Time,0,,54,43433.85,12331.82,31102.04,3.89
711,FL10710,2026-07-24,7,4.0,1,42,112,On Time,0,,762,68069.43,15952.11,52117.32,4.34
712,FL10711,2024-06-30,12,4.0,6,339,134,On Time,0,,94,46775.45,11840.59,34934.86,3.94
713,FL10712,2024-06-30,3,4.0,3,313,91,On Time,0,,79,16048.53,8750.39,7298.14,4.05
714,FL10713,2025-01-09,8,4.0,5,564,315,Delayed,39,,772,228560.97,37646.69,190914.28,2.28
715,FL10714,2025-02-20,4,5.0,3,470,287,Delayed,86,,675,174901.24,33374.71,141526.53,2.75
716,FL10715,2024-08-30,9,5.0,1,498,182,On Time,0,,955,122255.86,20957.04,101298.82,5.0
717,FL10716,2026-07-10,4,4.0,3,52,90,On Time,0,,675,58018.82,11055.36,46963.46,3.32
718,FL10717,2026-03-17,15,5.0,5,537,167,On Time,0,,356,73470.34,17506.77,55963.57,4.04
719,FL10718,2024-07-13,2,4.0,3,441,189,On Time,0,,1380,204811.55,26417.87,178393.68,5.0
720,FL10719,2026-03-16,15,4.0,4,41,128,On Time,0,,336,55860.37,10839.81,45020.56,4.45
721,FL10720,2024-10-27,12,3.0,3,419,242,On Time,0,,56,57798.75,18769.21,39029.54,4.19
722,FL10721,2025-02-28,13,4.0,3,373,319,Delayed,177,,766,220019.07,27724.42,192294.66,2.78
723,FL10722,2026-07-29,13,1.0,2,87,284,On Time,0,,791,192007.0,25652.79,166354.21,3.59
724,FL10723,2026-02-13,3,3.0,2,340,286,Delayed,194,,96,64533.56,23924.94,40608.62,3.1
725,FL10724,2024-12-02,14,3.0,2,542,281,On Time,0,,410,104839.91,21308.14,83531.78,4.22
726,FL10725,2025-09-06,9,5.0,5,254,106,Delayed,139,,887,84604.2,22802.23,61801.97,4.13
727,FL10726,2026-02-07,15,1.0,3,174,216,Cancelled,0,Crew,317,0.0,14972.31,-14972.31,3.08
728,FL10727,2025-07-04,14,4.0,5,181,220,On Time,0,,408,86971.46,19565.69,67405.77,3.63
729,FL10728,2024-08-24,9,1.0,2,467,113,On Time,0,,938,81625.34,16488.39,65136.95,3.94
730,FL10729,2026-02-15,6,5.0,2,532,123,Delayed,230,,61,20286.58,13027.04,7259.55,3.64
731,FL10730,2024-12-03,2,5.0,6,509,219,On Time,0,,1334,241623.9,23745.44,217878.47,4.22
732,FL10731,2026-02-10,2,2.0,6,189,254,On Time,0,,1387,292356.54,30736.46,261620.09,3.84
733,FL10732,2025-05-31,6,5.0,3,285,138,On Time,0,,61,28921.69,11405.2,17516.49,3.27
734,FL10733,2026-02-05,13,3.0,2,369,201,Delayed,35,,815,138454.55,26060.91,112393.64,4.0
735,FL10734,2026-02-28,8,5.0,5,456,107,On Time,0,,810,74893.74,15510.09,59383.65,3.83
736,FL10735,2025-06-06,8,4.0,1,324,115,On Time,0,,807,62791.92,16324.62,46467.3,4.16
737,FL10736,2024-11-08,4,1.0,3,433,223,On Time,0,,695,123426.65,27228.39,96198.25,3.56
738,FL10737,2024-11-03,9,2.0,4,332,218,On Time,0,,936,176917.09,24318.12,152598.97,3.54
739,FL10738,2024-02-03,10,3.0,5,31,262,On Time,0,,50,83224.83,16072.35,67152.47,4.32
740,FL10739,2025-01-21,15,2.0,1,607,299,Delayed,106,,371,84675.66,32339.2,52336.46,2.48
741,FL10740,2024-07-18,11,1.0,1,183,133,Delayed,88,,62,13773.56,12802.44,971.12,2.54
742,FL10741,2025-10-14,10,5.0,2,581,168,On Time,0,,82,37952.82,10951.61,27001.22,4.98
743,FL10742,2025-09-25,14,5.0,1,311,286,On Time,0,,401,82935.98,28352.71,54583.27,4.54
744,FL10743,2026-05-22,7,3.0,4,383,101,Delayed,165,,730,70104.88,17238.17,52866.71,3.57
745,FL10744,2024-06-06,15,2.0,6,573,280,Delayed,193,,327,128524.38,30413.66,98110.72,2.6
746,FL10745,2025-11-23,6,1.0,2,132,307,On Time,0,,95,59066.29,24054.47,35011.82,4.14
747,FL10746,2024-08-10,2,5.0,3,67,112,On Time,0,,1367,117341.53,22937.51,94404.02,3.95
748,FL10747,2026-01-27,7,2.0,2,121,122,On Time,0,,729,73861.11,16147.67,57713.44,3.71
749,FL10748,2026-02-13,2,1.0,1,542,247,On Time,0,,1350,229627.51,32932.5,196695.01,3.94
750,FL10749,2024-10-06,2,2.0,5,71,199,On Time,0,,1372,224643.82,26706.13,197937.69,3.07
751,FL10750,2026-07-19,14,3.0,2,415,317,On Time,0,,381,122320.33,28648.97,93671.35,2.65
752,FL10751,2025-02-23,12,4.0,4,301,215,On Time,0,,108,84508.51,18511.88,65996.63,4.19
753,FL10752,2025-08-31,4,2.0,5,56,240,Delayed,238,,746,145876.7,27137.88,118738.82,3.41
754,FL10753,2025-12-16,13,5.0,6,124,144,Delayed,201,,803,101131.57,18541.4,82590.17,3.46
755,FL10754,2025-08-02,2,4.0,2,532,164,Delayed,124,,1402,165607.06,24624.65,140982.41,3.8
756,FL10755,2026-04-14,5,5.0,4,290,130,On Time,0,,52,31809.53,12031.6,19777.93,4.33
757,FL10756,2024-03-05,11,2.0,6,389,123,On Time,0,,80,42255.58,9047.27,33208.31,4.97
758,FL10757,2025-05-05,5,4.0,3,227,116,On Time,0,,92,19993.37,8905.7,11087.67,4.77
759,FL10758,2026-01-27,11,2.0,1,337,295,Delayed,230,,94,42094.92,25233.59,16861.33,3.34
760,FL10759,2024-01-18,14,4.0,2,21,106,On Time,0,,417,41526.15,9766.15,31760.0,4.1
761,FL10760,2025-03-31,1,4.0,5,647,208,On Time,0,,704,135926.99,18960.43,116966.56,4.15
762,FL10761,2026-04-28,1,2.0,5,513,206,Cancelled,0,Crew,721,0.0,18105.25,-18105.25,2.0
763,FL10762,2024-11-10,15,5.0,2,392,102,Delayed,200,,311,29717.35,12823.63,16893.72,3.9
764,FL10763,2024-04-03,8,5.0,2,618,283,On Time,0,,813,177955.72,31145.51,146810.21,4.38
765,FL10764,2025-01-03,8,5.0,2,628,205,Delayed,95,,762,136446.09,20548.07,115898.02,2.22
766,FL10765,2025-05-22,7,2.0,2,265,119,On Time,0,,763,64906.74,14636.41,50270.33,5.0
767,FL10766,2024-03-27,7,4.0,5,632,119,On Time,0,,759,77150.27,15842.79,61307.48,3.72
768,FL10767,2025-04-04,11,1.0,6,204,251,On Time,0,,87,89719.26,22112.6,67606.66,3.92
769,FL10768,2025-09-24,9,1.0,1,554,232,On Time,0,,987,147367.02,23721.79,123645.23,3.91
770,FL10769,2026-07-10,3,5.0,5,32,184,Delayed,29,,117,60461.67,13658.87,46802.8,3.19
771,FL10770,2025-10-01,10,1.0,5,234,183,On Time,0,,50,51109.56,15072.85,36036.7,5.0
772,FL10771,2024-04-29,11,5.0,4,12,98,On Time,0,,78,22655.27,7579.77,15075.51,3.83
773,FL10772,2026-06-14,2,3.0,6,538,97,Cancelled,0,Operational,1328,0.0,19221.71,-19221.71,2.79
774,FL10773,2025-09-28,6,2.0,1,413,213,On Time,0,,69,37484.84,12312.17,25172.67,4.01
775,FL10774,2026-03-16,12,1.0,5,38,173,On Time,0,,88,53450.95,15351.46,38099.49,3.45
776,FL10775,2024-10-24,10,4.0,1,351,147,On Time,0,,74,9114.98,11474.8,-2359.82,4.19
777,FL10776,2024-01-31,3,4.0,6,150,177,On Time,0,,80,63561.39,15563.9,47997.49,3.47
778,FL10777,2025-02-19,1,3.0,3,511,229,On Time,0,,688,129395.28,25359.31,104035.97,4.33
779,FL10778,2024-12-08,9,5.0,1,128,157,On Time,0,,955,105739.76,21927.08,83812.67,3.32
780,FL10779,2025-02-02,7,2.0,5,354,170,Delayed,43,,761,117981.14,18906.48,99074.66,2.92
781,FL10780,2026-06-20,15,3.0,5,434,155,On Time,0,,332,79112.73,14765.08,64347.65,3.35
782,FL10781,2024-11-29,8,2.0,3,126,243,On Time,0,,827,155796.18,23810.34,131985.84,3.65
783,FL10782,2024-09-13,14,3.0,2,33,102,On Time,0,,385,33247.2,10017.5,23229.7,2.84
784,FL10783,2026-04-23,4,1.0,1,561,301,Delayed,60,,709,174260.2,27743.56,146516.63,1.71
785,FL10784,2026-05-08,7,3.0,6,76,217,On Time,0,,745,163650.69,20053.66,143597.02,3.79
786,FL10785,2025-11-22,3,3.0,2,577,146,On Time,0,,89,32248.36,13430.18,18818.18,3.0
787,FL10786,2024-04-29,9,3.0,6,159,264,Cancelled,0,Operational,971,0.0,32102.59,-32102.59,4.13
788,FL10787,2026-05-11,3,3.0,4,508,306,On Time,0,,79,99293.12,25134.58,74158.54,3.77
789,FL10788,2024-02-09,8,4.0,5,403,103,On Time,0,,739,70945.3,16851.5,54093.79,4.46
790,FL10789,2026-02-14,6,3.0,5,619,136,On Time,0,,68,31934.89,10759.93,21174.96,4.2
791,FL10790,2025-12-10,3,2.0,6,276,123,On Time,0,,91,44730.36,11116.47,33613.89,3.31
792,FL10791,2025-02-03,2,2.0,1,570,106,Cancelled,0,Weather,1387,0.0,21119.31,-21119.31,2.73
793,FL10792,2024-07-07,8,4.0,6,317,259,On Time,0,,756,193987.83,22468.31,171519.52,4.48
794,FL10793,2024-02-29,15,5.0,1,305,134,On Time,0,,342,35475.37,12557.47,22917.9,4.44
795,FL10794,2024-02-05,3,4.0,6,553,178,On Time,0,,104,63120.83,15638.69,47482.13,4.56
796,FL10795,2024-10-13,7,4.0,2,548,277,On Time,0,,744,166982.41,28689.06,138293.35,3.57
797,FL10796,2025-03-31,4,5.0,6,25,230,On Time,0,,716,160323.24,26511.74,133811.5,4.38
798,FL10797,2024-11-27,13,5.0,1,476,245,Delayed,66,,792,132032.47,28287.67,103744.79,2.91
799,FL10798,2025-08-03,7,3.0,3,571,112,On Time,0,,739,74599.87,12583.01,62016.86,4.66
800,FL10799,2024-04-07,15,1.0,4,321,313,Delayed,141,,341,130818.24,27481.85,103336.39,3.94
801,FL10800,2025-11-05,4,4.0,6,398,109,Delayed,69,,693,80837.07,14517.29,66319.78,2.41
802,FL10801,2024-05-27,2,4.0,1,267,253,On Time,0,,1339,219197.82,31947.95,187249.88,4.18
803,FL10802,2025-02-27,9,2.0,1,580,237,Delayed,175,,937,161927.6,26955.32,134972.28,2.59
804,FL10803,2024-01-23,10,5.0,4,453,184,Delayed,217,,56,39975.57,13615.91,26359.66,3.84
805,FL10804,2026-06-09,15,5.0,1,516,282,On Time,0,,321,86084.77,23500.65,62584.13,3.27
806,FL10805,2025-02-24,14,2.0,5,47,295,On Time,0,,385,151559.9,28363.42,123196.48,4.21
807,FL10806,2024-12-23,14,3.0,1,93,106,On Time,0,,395,37492.0,10291.05,27200.95,4.48
808,FL10807,2024-06-11,10,1.0,6,441,310,On Time,0,,55,97025.13,24284.4,72740.73,4.04
809,FL10808,2024-08-10,6,1.0,4,61,145,Delayed,236,,88,36097.36,13062.88,23034.48,3.86
810,FL10809,2024-09-17,7,2.0,6,273,272,On Time,0,,755,183371.04,26692.29,156678.74,4.19
811,FL10810,2024-04-01,3,2.0,1,595,278,On Time,0,,50,35429.74,22907.23,12522.52,5.0
812,FL10811,2025-04-05,7,2.0,2,249,218,On Time,0,,709,136902.92,21236.14,115666.79,3.28
813,FL10812,2024-05-20,6,1.0,3,32,288,On Time,0,,50,56392.19,23648.94,32743.25,3.75
814,FL10813,2024-06-06,1,3.0,1,306,279,Delayed,84,,698,159710.67,32928.88,126781.79,2.05
815,FL10814,2024-03-27,4,4.0,1,93,210,Delayed,232,,689,116848.83,21811.89,95036.93,3.11
816,FL10815,2024-03-03,9,2.0,2,608,131,Delayed,195,,948,97859.91,22278.86,75581.04,2.53
817,FL10816,2026-03-05,6,3.0,5,479,189,On Time,0,,88,55783.73,16054.92,39728.81,3.1
818,FL10817,2026-01-03,15,2.0,5,636,297,On Time,0,,331,127335.69,25258.8,102076.9,2.99
819,FL10818,2025-10-09,8,4.0,1,285,136,Delayed,33,,769,78160.52,16134.72,62025.8,2.99
820,FL10819,2026-04-28,15,4.0,1,635,319,On Time,0,,332,104125.91,25216.13,78909.78,4.17
821,FL10820,2025-03-10,10,5.0,4,503,131,Delayed,123,,51,22001.91,11762.86,10239.05,3.61
822,FL10821,2024-11-19,1,1.0,3,420,242,On Time,0,,674,156345.84,22081.57,134264.27,4.65
823,FL10822,2025-02-15,4,5.0,5,243,237,On Time,0,,714,154049.01,25199.76,128849.25,4.61
824,FL10823,2025-03-19,11,2.0,2,526,135,On Time,0,,75,23325.31,12152.01,11173.29,3.27
825,FL10824,2024-04-11,9,1.0,3,636,198,On Time,0,,974,148209.3,19500.54,128708.76,3.52
826,FL10825,2024-10-03,5,4.0,2,109,123,On Time,0,,50,21451.92,10435.64,11016.28,4.13
827,FL10826,2025-03-25,8,1.0,2,510,173,Delayed,236,,748,98440.9,21420.61,77020.29,3.44
828,FL10827,2025-03-18,14,1.0,5,344,310,On Time,0,,373,150678.72,27840.41,122838.31,4.9
829,FL10828,2025-01-08,6,5.0,3,245,102,On Time,0,,79,23898.88,9015.64,14883.24,3.81
830,FL10829,2024-03-26,1,2.0,4,203,290,Delayed,167,,721,164131.07,29758.67,134372.4,3.8
831,FL10830,2024-09-28,5,3.0,1,137,245,On Time,0,,72,23341.76,18798.73,4543.04,3.91
832,FL10831,2025-03-16,15,2.0,4,112,262,On Time,0,,335,115373.09,20368.04,95005.04,4.23
833,FL10832,2024-07-26,12,1.0,3,149,154,Cancelled,0,Crew,113,0.0,10617.94,-10617.94,3.25
834,FL10833,2025-03-18,13,1.0,6,458,308,Delayed,70,,784,238070.43,32084.0,205986.43,3.29
835,FL10834,2024-11-03,14,1.0,3,193,148,On Time,0,,413,57257.47,11439.65,45817.82,3.37
836,FL10835,2024-10-21,2,3.0,1,6,205,Delayed,24,,1406,197834.52,31537.56,166296.96,3.48
837,FL10836,2026-06-10,5,3.0,5,125,98,On Time,0,,50,23392.45,6322.86,17069.59,4.42
838,FL10837,2026-04-11,1,1.0,1,563,294,On Time,0,,698,155149.16,22730.57,132418.59,4.07
839,FL10838,2025-11-01,1,2.0,6,258,252,On Time,0,,676,166773.03,23085.59,143687.45,2.2
840,FL10839,2025-02-06,13,2.0,3,645,127,On Time,0,,773,82782.4,15515.68,67266.72,3.89
841,FL10840,2026-02-06,15,3.0,5,197,242,On Time,0,,340,98720.59,17725.93,80994.66,4.44
842,FL10841,2024-05-22,3,5.0,4,209,132,On Time,0,,63,38362.95,10984.44,27378.51,3.36
843,FL10842,2024-06-28,11,4.0,3,314,192,Delayed,94,,51,43384.58,20024.22,23360.36,3.99
844,FL10843,2025-12-20,9,5.0,4,87,207,On Time,0,,966,158619.93,28155.5,130464.43,3.6
845,FL10844,2026-05-14,2,1.0,2,102,304,On Time,0,,1370,308000.78,39834.82,268165.96,3.79
846,FL10845,2024-05-20,14,2.0,1,514,166,Delayed,154,,407,51008.31,21898.95,29109.36,3.43
847,FL10846,2025-04-17,14,4.0,5,165,92,Cancelled,0,Technical,366,0.0,10714.87,-10714.87,2.4
848,FL10847,2024-03-22,9,2.0,6,521,189,On Time,0,,947,157764.21,20276.03,137488.18,4.59
849,FL10848,2026-07-22,11,5.0,6,185,303,Delayed,122,,104,103560.25,22296.71,81263.54,4.12
850,FL10849,2024-12-19,6,3.0,2,509,273,Delayed,18,,58,54878.59,27136.6,27741.99,2.58
851,FL10850,2026-02-20,12,2.0,3,140,103,On Time,0,,87,28298.58,9932.5,18366.08,3.88
852,FL10851,2026-02-02,7,5.0,3,459,102,On Time,0,,750,63918.75,13747.98,50170.78,5.0
853,FL10852,2024-06-04,15,3.0,5,149,264,On Time,0,,314,89869.33,22463.88,67405.44,4.71
854,FL10853,2026-06-30,1,5.0,4,513,255,On Time,0,,718,158723.37,20077.4,138645.98,2.95
855,FL10854,2026-07-11,3,3.0,5,188,218,On Time,0,,60,77163.08,13758.41,63404.67,4.76
856,FL10855,2025-09-22,15,1.0,6,561,110,On Time,0,,283,51438.77,11283.95,40154.82,1.78
857,FL10856,2026-07-08,5,4.0,3,337,154,Delayed,163,,73,22127.68,14126.77,8000.91,3.7
858,FL10857,2026-05-07,5,1.0,4,23,284,On Time,0,,50,74273.56,20827.53,53446.03,3.44
859,FL10858,2025-06-22,12,4.0,4,467,122,On Time,0,,85,34467.08,10655.53,23811.55,4.3
860,FL10859,2025-06-28,3,3.0,6,645,136,Delayed,68,,114,41986.33,16021.21,25965.12,3.46
861,FL10860,2026-08-10,8,4.0,3,138,194,Cancelled,0,Crew,793,0.0,25066.37,-25066.37,3.09
862,FL10861,2024-07-01,5,5.0,2,498,259,Delayed,27,,50,37851.46,19768.46,18083.01,3.68
863,FL10862,2025-03-28,3,3.0,3,184,280,On Time,0,,107,69290.18,20200.62,49089.56,3.68
864,FL10863,2025-06-25,15,5.0,4,355,226,On Time,0,,326,92881.7,20269.59,72612.12,3.61
865,FL10864,2024-04-01,3,1.0,6,121,203,On Time,0,,105,59554.69,16100.26,43454.43,4.6
866,FL10865,2025-12-06,2,1.0,5,260,178,On Time,0,,1366,192180.54,30088.38,162092.17,4.0
867,FL10866,2025-08-27,11,5.0,1,469,100,On Time,0,,50,11514.41,6786.94,4727.48,3.63
868,FL10867,2024-03-12,14,3.0,4,643,151,Delayed,69,,377,75029.96,13233.84,61796.12,3.18
869,FL10868,2026-03-21,2,3.0,1,178,139,On Time,0,,1318,135007.84,24043.95,110963.89,3.83
870,FL10869,2025-02-06,11,1.0,3,61,103,On Time,0,,70,21271.58,7976.23,13295.36,3.78
871,FL10870,2024-04-15,9,2.0,6,457,261,On Time,0,,953,224221.77,26242.12,197979.66,4.29
872,FL10871,2024-03-21,13,4.0,6,500,171,On Time,0,,779,136454.95,18978.12,117476.83,3.43
873,FL10872,2024-09-21,2,5.0,1,236,207,On Time,0,,1364,193322.19,27086.42,166235.77,4.99
874,FL10873,2025-01-15,15,5.0,1,89,136,Delayed,177,,312,44953.95,13813.6,31140.34,3.45
875,FL10874,2025-01-19,10,3.0,5,158,225,On Time,0,,86,74038.17,18187.48,55850.68,2.81
876,FL10875,2025-06-23,13,3.0,3,364,121,Delayed,120,,767,77478.61,17914.3,59564.31,3.48
877,FL10876,2025-09-20,6,1.0,3,83,245,On Time,0,,65,66423.19,21273.84,45149.35,3.4
878,FL10877,2025-11-18,15,1.0,6,303,259,On Time,0,,306,136345.13,23406.99,112938.15,3.98
879,FL10878,2025-02-27,10,3.0,6,199,161,Cancelled,0,Weather,66,0.0,9778.79,-9778.79,2.9
880,FL10879,2024-12-06,2,3.0,6,70,138,On Time,0,,1387,151725.91,17915.84,133810.06,4.44
881,FL10880,2025-12-14,14,1.0,5,33,269,On Time,0,,350,131544.74,19240.74,112304.0,4.43
882,FL10881,2024-04-27,12,3.0,6,117,141,On Time,0,,109,45912.06,8966.38,36945.68,4.14
883,FL10882,2026-05-13,5,4.0,5,481,130,On Time,0,,99,32896.89,10525.71,22371.17,5.0
884,FL10883,2025-04-19,9,5.0,6,235,168,On Time,0,,948,146979.78,22854.07,124125.71,3.53
885,FL10884,2025-08-22,6,5.0,4,205,312,On Time,0,,57,66355.11,19072.29,47282.82,4.89
886,FL10885,2024-05-03,9,2.0,1,212,196,On Time,0,,944,131202.52,19578.05,111624.46,4.91
887,FL10886,2024-03-25,15,2.0,5,4,150,On Time,0,,321,64891.64,15066.6,49825.05,4.22
888,FL10887,2024-04-02,14,5.0,6,153,208,On Time,0,,431,97336.91,18220.5,79116.41,4.3
889,FL10888,2025-01-14,4,4.0,2,534,170,Delayed,152,,712,99542.91,22424.04,77118.87,3.92
890,FL10889,2025-12-02,15,2.0,3,317,242,Delayed,108,,350,88573.98,23930.67,64643.31,3.09
891,FL10890,2026-07-07,7,4.0,4,462,190,On Time,0,,781,133799.81,16777.65,117022.16,3.67
892,FL10891,2025-08-06,11,1.0,4,387,225,On Time,0,,93,53378.36,14563.11,38815.25,3.7
893,FL10892,2025-02-15,12,3.0,5,17,190,On Time,0,,94,54139.39,17660.1,36479.29,4.19
894,FL10893,2025-05-23,8,2.0,3,466,200,On Time,0,,781,123667.5,21453.53,102213.97,3.7
895,FL10894,2024-06-10,7,5.0,6,325,192,On Time,0,,785,140182.28,20158.62,120023.66,3.53
896,FL10895,2024-06-09,7,1.0,5,211,180,Delayed,144,,723,125156.47,24127.61,101028.87,2.63
897,FL10896,2026-04-01,13,5.0,6,52,311,On Time,0,,789,245211.63,28684.29,216527.34,3.36
898,FL10897,2026-05-31,6,2.0,4,422,151,On Time,0,,51,37877.7,9484.39,28393.31,3.58
899,FL10898,2026-03-13,5,1.0,1,371,275,On Time,0,,50,58873.96,24854.74,34019.22,3.6
900,FL10899,2026-04-04,6,4.0,6,396,253,Delayed,157,,53,84620.3,23116.52,61503.79,3.37
901,FL10900,2025-11-27,3,4.0,1,388,211,On Time,0,,79,26298.13,17873.98,8424.15,3.5
902,FL10901,2026-03-18,6,1.0,2,458,163,On Time,0,,58,22982.73,9485.09,13497.64,4.32
903,FL10902,2024-02-16,2,1.0,2,510,201,Cancelled,0,Operational,1378,0.0,23415.32,-23415.32,4.28
904,FL10903,2024-03-03,2,1.0,2,622,285,On Time,0,,1366,267717.18,38046.48,229670.7,4.81
905,FL10904,2026-05-08,11,3.0,5,630,131,On Time,0,,87,39512.16,8273.88,31238.28,3.31
906,FL10905,2024-03-10,2,1.0,3,586,224,On Time,0,,1369,233261.81,33152.66,200109.15,3.81
907,FL10906,2024-09-05,9,4.0,2,642,265,On Time,0,,949,198336.86,30971.4,167365.46,3.17
908,FL10907,2025-03-27,12,1.0,1,545,235,On Time,0,,91,30257.06,16634.47,13622.59,4.13
909,FL10908,2025-05-19,11,4.0,2,258,123,On Time,0,,105,25590.33,11040.13,14550.2,4.16
910,FL10909,2024-10-03,7,5.0,5,462,207,On Time,0,,729,145943.41,24349.98,121593.43,4.11
911,FL10910,2026-04-29,3,4.0,5,370,132,On Time,0,,115,36682.74,12003.84,24678.89,3.32
912,FL10911,2024-11-17,14,5.0,2,183,303,Delayed,194,,368,112161.8,27863.65,84298.15,2.88
913,FL10912,2026-01-20,13,5.0,1,6,170,Delayed,110,,788,102679.11,19838.74,82840.37,3.92
914,FL10913,2025-11-10,10,1.0,4,96,186,Delayed,215,,101,40696.84,14770.28,25926.56,3.56
915,FL10914,2024-02-15,2,2.0,5,633,287,Cancelled,0,Operational,1380,0.0,32043.04,-32043.04,2.44
916,FL10915,2026-06-15,1,4.0,1,452,188,Delayed,198,,675,109626.76,23073.13,86553.63,2.47
917,FL10916,2024-07-18,5,2.0,5,567,134,On Time,0,,50,42148.62,12335.4,29813.22,3.95
918,FL10917,2025-07-31,3,4.0,2,383,295,On Time,0,,128,58128.13,17566.91,40561.23,3.92
919,FL10918,2025-07-29,13,4.0,2,98,239,On Time,0,,795,150736.1,25284.12,125451.98,3.16
920,FL10919,2024-01-28,4,5.0,4,369,229,On Time,0,,690,140529.93,27529.79,113000.13,3.8
921,FL10920,2026-07-19,5,2.0,1,597,107,On Time,0,,51,13156.04,8472.72,4683.32,3.69
922,FL10921,2024-02-08,15,2.0,2,461,193,On Time,0,,325,55043.24,13380.21,41663.03,3.62
923,FL10922,2025-02-18,13,1.0,1,194,195,On Time,0,,821,116276.32,16877.0,99399.32,3.72
924,FL10923,2024-08-09,4,2.0,2,409,150,On Time,0,,681,87958.12,16720.55,71237.56,4.18
925,FL10924,2024-07-18,6,2.0,5,409,219,Delayed,226,,59,61543.48,22128.25,39415.24,3.36
926,FL10925,2024-01-09,8,3.0,2,150,146,On Time,0,,793,85306.87,17019.03,68287.84,4.82
927,FL10926,2024-04-30,10,3.0,1,325,198,On Time,0,,50,27653.57,13601.97,14051.6,4.13
928,FL10927,2024-05-12,15,5.0,2,594,274,On Time,0,,313,105753.52,25071.02,80682.5,4.52
929,FL10928,2025-10-01,14,4.0,1,368,259,On Time,0,,392,96394.45,24655.15,71739.3,3.14
930,FL10929,2024-02-20,15,4.0,4,573,154,On Time,0,,332,62827.13,16605.2,46221.93,4.1
931,FL10930,2025-06-02,1,1.0,6,455,137,On Time,0,,687,106748.35,18219.46,88528.9,3.76
932,FL10931,2024-09-22,4,3.0,2,82,91,On Time,0,,705,59782.91,12160.75,47622.16,4.47
933,FL10932,2024-02-04,9,4.0,5,358,169,On Time,0,,950,135951.21,24514.75,111436.46,4.17
934,FL10933,2024-02-13,1,2.0,3,388,94,On Time,0,,664,55828.39,13961.65,41866.74,5.0
935,FL10934,2026-03-11,6,3.0,1,429,119,Cancelled,0,Crew,86,0.0,9579.36,-9579.36,2.39
936,FL10935,2026-05-23,3,4.0,5,592,315,Delayed,229,,85,84174.56,18929.75,65244.81,2.84
937,FL10936,2025-08-16,14,4.0,2,244,286,On Time,0,,408,115964.33,23490.75,92473.58,4.22
938,FL10937,2025-05-16,1,5.0,4,434,218,On Time,0,,745,139754.65,17660.23,122094.42,3.92
939,FL10938,2024-08-14,3,3.0,4,545,268,On Time,0,,95,74284.87,23971.23,50313.64,3.39
940,FL10939,2026-04-05,3,2.0,4,341,202,Delayed,213,,83,49295.0,14048.22,35246.78,3.54
941,FL10940,2025-04-14,3,2.0,1,27,228,On Time,0,,124,30006.03,15622.68,14383.35,3.68
942,FL10941,2025-10-12,9,4.0,2,594,301,Delayed,138,,928,194674.37,38253.57,156420.81,3.59
943,FL10942,2026-01-22,6,3.0,5,143,108,Delayed,196,,109,36230.47,12944.61,23285.87,2.2
944,FL10943,2025-03-17,14,3.0,6,502,170,On Time,0,,382,93279.11,17443.53,75835.58,3.81
945,FL10944,2024-11-11,4,1.0,1,480,117,On Time,0,,683,64474.91,16276.33,48198.58,4.1
946,FL10945,2025-03-22,9,3.0,3,428,272,On Time,0,,993,207656.06,22727.23,184928.84,4.11
947,FL10946,2026-05-06,10,2.0,6,506,279,On Time,0,,68,64644.87,18534.65,46110.21,4.45
948,FL10947,2025-11-21,10,3.0,2,282,256,On Time,0,,93,37391.73,21634.88,15756.85,3.84
949,FL10948,2025-10-23,12,5.0,3,69,230,Delayed,99,,96,50648.8,21139.26,29509.54,3.59
950,FL10949,2024-11-03,4,4.0,6,505,199,On Time,0,,693,132265.92,18431.61,113834.31,3.95
951,FL10950,2024-11-04,8,3.0,6,359,95,On Time,0,,722,66094.04,14740.84,51353.2,4.48
952,FL10951,2025-05-23,13,5.0,4,567,268,On Time,0,,813,176422.34,23605.32,152817.02,3.0
953,FL10952,2024-01-27,13,5.0,5,206,295,Delayed,75,,800,215119.9,30449.21,184670.69,1.61
954,FL10953,2024-04-22,10,3.0,4,107,312,On Time,0,,59,76152.64,20657.44,55495.2,4.81
955,FL10954,2025-06-16,10,4.0,2,112,168,On Time,0,,73,34291.03,9716.58,24574.46,3.63
956,FL10955,2026-01-21,13,2.0,6,453,136,On Time,0,,794,113520.74,17251.14,96269.6,2.89
957,FL10956,2025-01-01,10,5.0,1,55,240,On Time,0,,50,38724.4,18232.79,20491.6,3.9
958,FL10957,2024-11-10,15,2.0,1,454,94,Delayed,29,,339,27998.44,12968.45,15029.99,2.96
959,FL10958,2025-11-03,2,2.0,4,155,103,Cancelled,0,Crew,1362,0.0,18234.52,-18234.52,3.24
960,FL10959,2024-06-20,6,1.0,6,96,278,Delayed,75,,86,73150.76,22174.03,50976.73,3.62
961,FL10960,2024-04-05,2,5.0,5,228,310,Delayed,149,,1360,312244.55,36420.47,275824.09,3.03
962,FL10961,2025-12-10,2,2.0,5,552,182,On Time,0,,1357,190911.57,27302.2,163609.38,4.6
963,FL10962,2025-04-19,8,5.0,3,39,206,On Time,0,,770,139755.87,20850.76,118905.12,3.21
964,FL10963,2024-03-30,4,1.0,3,563,215,On Time,0,,678,129730.92,26134.06,103596.85,2.47
965,FL10964,2025-09-02,7,3.0,3,593,121,On Time,0,,727,70695.3,13124.23,57571.07,4.1
966,FL10965,2026-07-01,7,3.0,2,88,141,On Time,0,,747,79425.54,17221.18,62204.36,3.83
967,FL10966,2024-12-05,10,3.0,3,234,158,Delayed,20,,50,25895.9,14427.54,11468.36,2.07
968,FL10967,2025-10-22,15,1.0,1,476,283,On Time,0,,308,73734.86,24855.39,48879.47,4.4
969,FL10968,2025-11-02,13,1.0,2,301,190,On Time,0,,809,128589.53,20965.35,107624.19,2.9
970,FL10969,2025-12-10,6,2.0,6,154,255,On Time,0,,68,79937.34,16102.37,63834.97,3.93
971,FL10970,2025-03-30,5,3.0,5,347,134,Delayed,66,,82,45926.54,13374.51,32552.03,3.8
972,FL10971,2024-03-19,12,4.0,1,151,309,Delayed,132,,92,39559.57,21395.03,18164.54,3.47
973,FL10972,2024-04-30,2,3.0,2,6,293,On Time,0,,1355,290711.49,35539.5,255171.99,4.13
974,FL10973,2025-06-24,9,2.0,2,83,199,Delayed,80,,910,144115.38,30165.07,113950.31,2.99
975,FL10974,2025-05-08,7,2.0,2,594,141,Delayed,74,,715,87354.98,18627.32,68727.66,3.41
976,FL10975,2024-01-29,3,4.0,5,447,314,On Time,0,,79,96738.44,25598.7,71139.73,4.33
977,FL10976,2024-08-14,10,3.0,6,533,275,Delayed,164,,66,95377.68,21353.15,74024.52,2.88
978,FL10977,2024-11-09,5,5.0,5,590,207,On Time,0,,64,62140.76,15168.64,46972.13,3.26
979,FL10978,2026-02-20,3,3.0,3,114,151,On Time,0,,76,28838.05,12959.81,15878.24,4.51
980,FL10979,2025-11-24,10,3.0,1,374,232,On Time,0,,50,37814.84,14164.85,23650.0,5.0
981,FL10980,2026-04-03,3,1.0,1,226,175,On Time,0,,106,27224.14,10905.97,16318.18,4.97
982,FL10981,2024-07-25,11,1.0,5,168,245,On Time,0,,84,62135.63,15826.89,46308.74,2.29
983,FL10982,2026-04-14,3,5.0,5,234,281,On Time,0,,116,90893.45,18334.52,72558.92,4.81
984,FL10983,2025-10-29,7,2.0,4,124,202,On Time,0,,719,139582.92,25654.67,113928.25,3.59
985,FL10984,2024-02-16,13,3.0,4,367,101,On Time,0,,813,68233.1,14016.75,54216.35,5.0
986,FL10985,2025-06-11,4,3.0,6,109,219,On Time,0,,707,151160.42,19445.07,131715.35,3.32
987,FL10986,2024-09-06,12,1.0,5,76,287,On Time,0,,108,71929.6,17831.87,54097.73,3.27
988,FL10987,2026-05-22,11,3.0,1,134,141,On Time,0,,54,10946.47,9095.57,1850.9,3.97
989,FL10988,2025-02-27,14,2.0,3,405,310,On Time,0,,389,124703.45,24745.38,99958.08,3.74
990,FL10989,2025-04-20,3,1.0,1,360,173,Delayed,29,,133,32333.16,13430.11,18903.06,3.07
991,FL10990,2026-06-18,11,3.0,3,538,247,Delayed,123,,100,47111.72,18019.61,29092.1,3.91
992,FL10991,2024-10-15,15,3.0,4,647,251,On Time,0,,331,115202.17,17504.2,97697.97,4.8
993,FL10992,2025-08-19,12,1.0,2,151,131,Delayed,41,,100,24496.66,12534.51,11962.15,2.69
994,FL10993,2026-04-18,3,3.0,1,608,98,On Time,0,,52,14909.69,7748.48,7161.21,5.0
995,FL10994,2025-06-28,13,4.0,3,183,308,Cancelled,0,Crew,817,0.0,30948.22,-30948.22,2.2
996,FL10995,2025-04-02,2,2.0,4,62,251,On Time,0,,1381,270918.29,27847.09,243071.2,3.61
997,FL10996,2024-10-18,9,5.0,5,525,235,On Time,0,,952,185106.71,24909.37,160197.34,5.0
998,FL10997,2024-10-02,8,4.0,1,132,159,On Time,0,,769,91502.34,20530.74,70971.6,4.24
999,FL10998,2026-03-10,8,4.0,2,176,114,On Time,0,,782,67925.99,13734.7,54191.28,3.57
1000,FL10999,2025-02-02,8,1.0,5,443,152,On Time,0,,810,106452.46,18750.26,87702.2,4.17
1001,FL11000,2024-11-13,1,4.0,5,524,215,On Time,0,,711,144857.41,20590.33,124267.08,4.46
1002,FL11001,2025-02-28,8,2.0,6,449,249,On Time,0,,833,187007.39,21190.02,165817.37,4.22
1003,FL11002,2024-02-27,15,4.0,5,93,163,Delayed,171,,348,78371.78,18318.14,60053.65,4.13
1004,FL11003,2024-07-31,7,5.0,6,137,139,Delayed,36,,720,101243.83,19432.94,81810.9,2.74
1005,FL11004,2026-05-18,5,2.0,4,341,147,On Time,0,,58,38988.1,10069.01,28919.1,3.58
1006,FL11005,2026-02-02,15,2.0,6,622,311,Delayed,152,,318,150849.44,29296.27,121553.17,2.72
1007,FL11006,2026-05-06,2,1.0,3,110,235,On Time,0,,1383,248895.92,26525.17,222370.75,3.46
1008,FL11007,2026-02-25,8,4.0,6,382,317,Cancelled,0,Weather,804,0.0,28635.03,-28635.03,3.03
1009,FL11008,2024-02-05,8,4.0,3,650,91,On Time,0,,815,58195.87,13923.69,44272.18,3.31
1010,FL11009,2025-03-02,8,3.0,3,344,195,Delayed,194,,774,131834.89,28583.5,103251.39,3.49
1011,FL11010,2024-05-07,14,1.0,5,174,195,Delayed,238,,401,91589.53,16724.59,74864.94,3.71
1012,FL11011,2024-01-17,7,2.0,3,535,182,Delayed,240,,764,116697.26,20005.25,96692.01,2.51
1013,FL11012,2024-08-20,15,3.0,1,113,180,Delayed,33,,363,69448.86,19953.72,49495.14,2.89
1014,FL11013,2024-04-08,2,5.0,6,244,108,On Time,0,,1341,116719.56,21059.71,95659.85,3.67
1015,FL11014,2026-05-13,12,1.0,3,121,97,Delayed,178,,109,27430.0,12055.07,15374.93,3.16
1016,FL11015,2025-05-02,9,2.0,6,465,268,On Time,0,,921,224858.1,31035.36,193822.74,3.89
1017,FL11016,2026-06-19,4,4.0,3,638,191,On Time,0,,683,123064.88,19855.6,103209.28,4.59
1018,FL11017,2024-09-06,4,2.0,6,597,127,Cancelled,0,Crew,669,0.0,18063.17,-18063.17,3.64
1019,FL11018,2025-04-30,11,5.0,4,51,169,On Time,0,,54,45091.14,10739.06,34352.08,3.47
1020,FL11019,2024-11-12,10,5.0,5,617,304,On Time,0,,50,82708.15,17336.78,65371.37,4.45
1021,FL11020,2025-05-06,10,2.0,5,388,197,Delayed,70,,50,52910.73,18860.04,34050.69,4.19
1022,FL11021,2025-05-23,1,4.0,2,26,317,On Time,0,,685,171894.75,33239.43,138655.32,4.79
1023,FL11022,2024-02-11,9,4.0,5,84,127,On Time,0,,951,104326.65,18495.64,85831.0,4.13
1024,FL11023,2025-09-26,15,4.0,6,48,118,On Time,0,,332,55762.45,13107.65,42654.79,3.96
1025,FL11024,2024-07-18,1,1.0,4,301,219,Delayed,205,,671,141082.13,22223.7,118858.43,2.39
1026,FL11025,2024-06-28,8,1.0,6,461,247,Delayed,66,,835,174289.89,32948.24,141341.65,3.03
1027,FL11026,2026-08-12,8,2.0,6,297,315,On Time,0,,771,238074.66,33644.69,204429.98,3.03
1028,FL11027,2025-10-20,14,1.0,4,3,197,On Time,0,,365,96518.74,20177.56,76341.18,4.74
1029,FL11028,2024-04-01,5,2.0,3,196,136,On Time,0,,78,33162.47,9879.12,23283.35,3.83
1030,FL11029,2024-04-14,8,4.0,6,432,214,On Time,0,,781,161742.28,22317.15,139425.13,3.94
1031,FL11030,2024-03-15,11,3.0,2,316,160,On Time,0,,50,42477.54,14243.05,28234.49,3.6
1032,FL11031,2025-06-25,1,2.0,4,535,131,Cancelled,0,Operational,711,0.0,14038.37,-14038.37,2.08
1033,FL11032,2025-10-08,13,1.0,5,493,110,On Time,0,,779,79691.31,17828.87,61862.45,4.46
1034,FL11033,2025-10-03,13,2.0,6,59,256,On Time,0,,787,182203.39,25253.96,156949.42,4.33
1035,FL11034,2024-01-04,11,3.0,2,461,237,On Time,0,,96,38316.45,14390.72,23925.73,4.61
1036,FL11035,2024-10-06,10,4.0,1,16,128,On Time,0,,63,25590.21,8429.06,17161.15,2.86
1037,FL11036,2024-06-24,12,2.0,3,27,218,On Time,0,,109,47171.53,16540.51,30631.02,4.86
1038,FL11037,2026-03-12,12,2.0,6,331,293,On Time,0,,86,82245.37,18026.82,64218.55,3.92
1039,FL11038,2024-05-19,14,3.0,4,639,278,On Time,0,,395,132403.05,22905.33,109497.72,4.51
1040,FL11039,2026-01-25,7,1.0,1,642,194,Delayed,99,,722,110070.24,23600.31,86469.93,1.59
1041,FL11040,2024-08-18,7,2.0,1,499,103,On Time,0,,722,60030.73,13152.15,46878.57,4.27
1042,FL11041,2026-04-24,10,1.0,3,348,236,On Time,0,,53,46480.96,18324.88,28156.07,3.95
1043,FL11042,2024-11-01,3,3.0,3,483,208,Delayed,216,,82,40336.54,15890.91,24445.63,3.16
1044,FL11043,2024-11-23,13,3.0,1,634,302,On Time,0,,814,175484.1,31045.86,144438.24,3.94
1045,FL11044,2025-05-29,12,3.0,3,644,217,On Time,0,,108,53945.02,16292.72,37652.3,3.61
1046,FL11045,2026-06-13,10,4.0,3,457,259,On Time,0,,50,53048.01,22591.61,30456.4,3.08
1047,FL11046,2025-03-04,5,2.0,2,128,211,On Time,0,,101,39958.85,14901.19,25057.65,3.18
1048,FL11047,2025-04-08,6,5.0,2,197,214,On Time,0,,84,34178.23,16038.64,18139.59,4.02
1049,FL11048,2025-01-02,7,5.0,4,222,163,On Time,0,,761,109801.43,17028.36,92773.06,4.85
1050,FL11049,2024-10-25,10,1.0,6,158,182,On Time,0,,57,56828.5,13492.52,43335.98,4.72
1051,FL11050,2026-07-31,12,5.0,6,623,158,On Time,0,,66,48896.17,10055.03,38841.14,4.15
1052,FL11051,2025-08-19,11,1.0,4,394,196,On Time,0,,50,49136.86,15132.76,34004.1,3.68
1053,FL11052,2026-07-15,14,2.0,1,265,308,On Time,0,,426,100782.46,25410.91,75371.55,5.0
1054,FL11053,2026-04-26,15,3.0,6,217,168,On Time,0,,299,84100.93,16813.09,67287.84,4.44
1055,FL11054,2025-02-15,11,1.0,6,533,196,Delayed,209,,50,67886.66,16587.9,51298.76,3.69
1056,FL11055,2026-05-01,6,2.0,2,156,307,On Time,0,,62,60188.52,24025.88,36162.64,3.13
1057,FL11056,2024-05-02,9,1.0,3,472,124,On Time,0,,918,86059.15,14350.56,71708.59,4.17
1058,FL11057,2024-08-20,7,3.0,1,257,148,On Time,0,,749,76957.49,18239.79,58717.7,3.2
1059,FL11058,2025-03-19,10,5.0,5,34,203,Delayed,159,,73,51779.17,23226.86,28552.31,4.65
1060,FL11059,2024-05-26,13,5.0,5,347,184,On Time,0,,801,128731.74,19078.37,109653.37,3.45
1061,FL11060,2024-01-16,6,2.0,1,67,168,On Time,0,,59,20916.06,9655.34,11260.72,3.61
1062,FL11061,2025-03-04,8,3.0,5,601,268,On Time,0,,786,201638.83,26232.61,175406.22,3.58
1063,FL11062,2024-03-04,1,3.0,3,140,204,On Time,0,,739,127903.49,17412.66,110490.83,3.76
1064,FL11063,2026-06-18,12,3.0,4,622,173,Delayed,80,,68,43135.86,16047.41,27088.44,3.74
1065,FL11064,2025-05-28,8,4.0,2,431,200,On Time,0,,803,127142.56,19311.24,107831.32,4.0
1066,FL11065,2026-07-13,7,5.0,5,475,293,Delayed,227,,754,206641.03,29467.86,177173.17,3.33
1067,FL11066,2025-09-06,8,3.0,3,78,316,On Time,0,,778,205036.58,33951.41,171085.17,4.47
1068,FL11067,2024-09-21,4,1.0,6,158,145,On Time,0,,699,107689.74,14125.62,93564.12,3.01
1069,FL11068,2025-09-28,9,5.0,1,4,99,On Time,0,,952,65152.36,15206.29,49946.07,4.49
1070,FL11069,2024-03-05,12,5.0,4,300,97,On Time,0,,77,25804.09,6968.05,18836.04,4.09
1071,FL11070,2025-04-24,6,2.0,2,187,192,Delayed,153,,50,27210.22,16531.68,10678.54,2.84
1072,FL11071,2025-11-10,2,3.0,6,64,234,On Time,0,,1384,252696.01,29351.43,223344.58,4.09
1073,FL11072,2025-03-03,6,5.0,4,205,101,On Time,0,,50,20288.2,8547.98,11740.22,4.07
1074,FL11073,2024-08-10,3,3.0,5,371,206,On Time,0,,74,54522.02,18247.38,36274.64,2.29
1075,FL11074,2026-06-02,6,3.0,1,352,181,On Time,0,,61,26499.94,12132.91,14367.03,4.89
1076,FL11075,2024-07-21,10,5.0,5,417,304,Delayed,211,,67,81095.97,19820.71,61275.26,4.09
1077,FL11076,2024-09-22,2,5.0,1,542,228,On Time,0,,1356,212166.43,29717.25,182449.18,3.15
1078,FL11077,2025-12-05,12,3.0,3,259,187,Delayed,74,,82,40897.7,18287.92,22609.79,2.81
1079,FL11078,2024-09-05,4,1.0,2,573,224,Delayed,130,,714,139898.3,27919.38,111978.93,4.18
1080,FL11079,2024-07-11,14,3.0,1,143,121,On Time,0,,385,36414.79,13648.26,22766.53,4.43
1081,FL11080,2024-05-19,11,4.0,4,338,199,On Time,0,,50,40249.09,17402.27,22846.82,4.25
1082,FL11081,2026-01-20,5,2.0,2,642,165,On Time,0,,74,24124.68,9596.23,14528.46,4.28
1083,FL11082,2024-04-26,9,3.0,4,7,131,On Time,0,,946,102669.11,21398.93,81270.19,4.24
1084,FL11083,2026-06-06,2,4.0,5,26,180,On Time,0,,1367,197643.06,27527.13,170115.93,3.31
1085,FL11084,2024-05-22,2,1.0,2,354,236,Delayed,77,,1375,235209.53,28780.29,206429.25,2.93
1086,FL11085,2024-05-27,15,3.0,5,476,224,Cancelled,0,Crew,329,0.0,17198.5,-17198.5,3.65
1087,FL11086,2026-07-09,13,4.0,2,87,311,On Time,0,,810,192419.32,31821.45,160597.87,4.43
1088,FL11087,2025-06-08,3,2.0,2,447,153,Delayed,88,,68,27586.48,14600.94,12985.53,3.48
1089,FL11088,2025-11-17,5,3.0,4,24,250,Cancelled,0,Technical,91,0.0,14215.79,-14215.79,2.58
1090,FL11089,2025-11-01,3,4.0,4,365,216,On Time,0,,78,36013.18,15342.48,20670.7,4.64
1091,FL11090,2024-10-03,6,1.0,4,132,290,Delayed,105,,50,72702.0,24653.42,48048.59,2.67
1092,FL11091,2025-05-27,5,4.0,2,122,298,On Time,0,,51,56873.37,25917.55,30955.82,4.96
1093,FL11092,2025-03-29,5,2.0,4,638,252,On Time,0,,59,78467.49,21543.15,56924.35,3.53
1094,FL11093,2026-05-21,8,2.0,2,556,187,On Time,0,,766,104136.59,23275.55,80861.04,3.43
1095,FL11094,2026-03-23,3,4.0,2,230,212,On Time,0,,77,38047.68,15904.86,22142.82,4.02
1096,FL11095,2024-03-05,14,1.0,6,397,239,Delayed,44,,412,111907.84,26665.09,85242.75,3.44
1097,FL11096,2025-09-10,11,1.0,1,638,275,On Time,0,,50,21411.59,16509.81,4901.78,4.06
1098,FL11097,2026-08-10,12,3.0,3,441,142,Delayed,173,,51,31526.36,12988.59,18537.77,2.44
1099,FL11098,2025-03-07,3,5.0,3,472,290,On Time,0,,89,74916.65,26030.33,48886.33,4.27
1100,FL11099,2025-06-21,11,1.0,2,461,274,Delayed,134,,107,59734.45,26592.76,33141.69,3.94
1101,FL11100,2026-01-03,13,4.0,5,331,110,On Time,0,,772,77977.29,14564.83,63412.46,3.95
1102,FL11101,2024-07-23,3,1.0,3,79,152,On Time,0,,78,38380.52,9722.32,28658.2,2.99
1103,FL11102,2024-09-28,12,3.0,5,16,144,On Time,0,,88,42084.7,9553.49,32531.2,3.86
1104,FL11103,2025-08-29,6,3.0,3,304,223,On Time,0,,102,51954.56,18007.57,33946.98,3.26
1105,FL11104,2026-07-15,12,3.0,6,378,137,On Time,0,,89,51317.68,9800.63,41517.06,2.74
1106,FL11105,2025-09-28,8,1.0,5,514,159,On Time,0,,760,113399.11,16583.36,96815.75,3.64
1107,FL11106,2026-01-11,13,4.0,2,22,133,On Time,0,,800,87805.82,17064.53,70741.29,5.0
1108,FL11107,2024-01-05,3,2.0,6,259,105,On Time,0,,102,30630.5,6547.15,24083.35,3.95
1109,FL11108,2024-03-31,6,4.0,6,235,195,On Time,0,,81,66588.18,13761.34,52826.85,3.82
1110,FL11109,2026-03-12,5,4.0,4,476,163,On Time,0,,50,45962.51,10793.55,35168.96,4.46
1111,FL11110,2026-01-13,4,3.0,1,365,206,Delayed,165,,684,115371.81,22483.52,92888.29,3.7
1112,FL11111,2024-03-09,5,2.0,4,245,138,On Time,0,,89,28196.75,8976.6,19220.15,3.05
1113,FL11112,2025-01-09,6,4.0,5,469,155,Delayed,213,,79,42825.98,13165.13,29660.84,4.51
1114,FL11113,2024-07-24,2,5.0,3,523,295,On Time,0,,1382,301069.96,32059.83,269010.13,4.13
1115,FL11114,2025-08-04,11,5.0,1,410,275,On Time,0,,65,42984.38,19784.34,23200.04,4.59
1116,FL11115,2025-07-24,9,5.0,4,550,151,Delayed,30,,966,119336.15,22427.11,96909.04,2.91
1117,FL11116,2024-01-21,13,2.0,5,351,127,Delayed,15,,799,98745.23,19205.24,79539.99,2.03
1118,FL11117,2026-01-12,11,3.0,2,542,314,On Time,0,,56,40962.05,23130.4,17831.65,3.92
1119,FL11118,2024-06-14,3,2.0,3,477,246,On Time,0,,111,54308.49,19562.68,34745.81,3.28
1120,FL11119,2025-09-04,2,5.0,1,425,203,On Time,0,,1348,178828.38,27248.59,151579.79,4.76
1121,FL11120,2026-03-08,7,5.0,5,316,250,On Time,0,,769,178873.43,24222.6,154650.83,3.08
1122,FL11121,2025-08-17,8,5.0,6,328,140,Delayed,35,,801,108417.64,18781.54,89636.09,3.32
1123,FL11122,2026-08-01,4,1.0,5,440,188,On Time,0,,689,147523.81,21467.38,126056.43,4.39
1124,FL11123,2025-04-17,12,2.0,3,556,180,On Time,0,,93,47717.57,13475.68,34241.89,4.28
1125,FL11124,2024-09-20,9,4.0,1,470,255,On Time,0,,948,176676.18,27683.59,148992.59,3.67
1126,FL11125,2025-05-06,12,4.0,3,247,132,On Time,0,,93,31428.72,10625.56,20803.16,2.84
1127,FL11126,2025-12-02,2,2.0,6,29,202,On Time,0,,1392,222991.56,27188.72,195802.84,3.02
1128,FL11127,2025-02-16,13,1.0,1,626,281,On Time,0,,782,166370.85,29044.19,137326.65,3.51
1129,FL11128,2024-03-31,4,1.0,2,166,135,Delayed,172,,665,77242.78,18425.71,58817.06,2.38
1130,FL11129,2024-09-23,7,4.0,6,541,117,On Time,0,,733,77218.06,15569.36,61648.7,3.95
1131,FL11130,2025-05-14,7,3.0,4,65,278,On Time,0,,753,185048.47,30502.45,154546.02,3.5
1132,FL11131,2024-12-13,13,3.0,2,175,290,On Time,0,,813,181550.25,26626.38,154923.87,3.16
1133,FL11132,2026-05-27,5,5.0,1,17,189,On Time,0,,69,38214.0,16997.69,21216.31,3.08
1134,FL11133,2026-04-21,4,1.0,3,245,100,On Time,0,,683,59289.15,15887.52,43401.63,2.97
1135,FL11134,2025-09-11,6,4.0,4,60,214,On Time,0,,70,47445.07,13171.99,34273.07,3.96
1136,FL11135,2025-01-01,6,2.0,6,583,158,Cancelled,0,Weather,58,0.0,10796.91,-10796.91,2.52
1137,FL11136,2024-06-12,3,5.0,6,266,225,Cancelled,0,Operational,50,0.0,20326.26,-20326.26,3.02
1138,FL11137,2025-12-29,3,5.0,3,165,122,Delayed,53,,79,27401.69,12938.35,14463.34,3.25
1139,FL11138,2026-07-01,4,3.0,3,201,275,Delayed,78,,705,152002.23,29424.92,122577.31,3.17
1140,FL11139,2025-08-09,8,2.0,6,54,247,On Time,0,,775,185136.21,23465.3,161670.92,4.42
1141,FL11140,2024-01-15,6,2.0,5,134,238,On Time,0,,65,62648.33,14052.67,48595.66,3.04
1142,FL11141,2024-08-02,6,1.0,2,51,207,On Time,0,,93,35381.09,15282.12,20098.97,4.42
1143,FL11142,2025-06-10,11,5.0,5,3,140,Delayed,164,,50,42899.55,15313.23,27586.32,3.56
1144,FL11143,2024-05-27,4,1.0,5,564,306,On Time,0,,678,197030.95,30170.34,166860.61,3.87
1145,FL11144,2025-07-04,14,3.0,2,444,151,On Time,0,,398,55569.04,11688.81,43880.22,3.47
1146,FL11145,2024-04-27,12,3.0,6,242,174,On Time,0,,82,61442.39,13294.32,48148.07,4.03
1147,FL11146,2025-03-04,3,4.0,2,164,303,On Time,0,,82,55978.01,20980.26,34997.76,4.29
1148,FL11147,2025-04-19,5,5.0,4,138,99,Delayed,49,,97,33375.03,10079.51,23295.52,2.39
1149,FL11148,2025-09-11,3,3.0,3,242,118,On Time,0,,75,28070.47,8924.83,19145.64,4.4
1150,FL11149,2024-07-14,5,4.0,5,174,265,On Time,0,,52,62893.41,24081.66,38811.75,5.0
1151,FL11150,2025-07-22,6,3.0,6,527,174,On Time,0,,80,50307.65,15008.4,35299.24,3.96
1152,FL11151,2024-09-05,2,3.0,3,386,223,Delayed,135,,1365,217893.81,34251.26,183642.55,4.15
1153,FL11152,2025-02-17,1,1.0,3,57,223,On Time,0,,676,127923.74,23193.62,104730.13,4.31
1154,FL11153,2026-03-13,7,2.0,5,273,280,On Time,0,,774,199512.39,28205.13,171307.26,4.17
1155,FL11154,2024-03-03,11,3.0,6,94,232,On Time,0,,51,64280.74,16681.61,47599.13,3.54
1156,FL11155,2025-04-13,5,1.0,6,93,188,On Time,0,,62,57191.07,16018.38,41172.69,3.78
1157,FL11156,2026-06-21,13,2.0,5,415,216,Delayed,89,,802,165779.17,29061.54,136717.63,2.66
1158,FL11157,2024-11-14,6,3.0,5,320,259,On Time,0,,114,68714.77,23719.18,44995.59,4.61
1159,FL11158,2025-02-10,14,3.0,5,122,177,Delayed,104,,383,89252.61,19015.58,70237.03,2.82
1160,FL11159,2024-06-26,4,5.0,6,425,129,On Time,0,,677,83023.89,17812.21,65211.68,5.0
1161,FL11160,2024-06-05,9,5.0,1,291,201,On Time,0,,955,134323.97,21842.81,112481.16,4.28
1162,FL11161,2025-02-22,12,4.0,4,257,319,Cancelled,0,Technical,138,0.0,18182.04,-18182.04,3.26
1163,FL11162,2025-06-30,1,1.0,1,17,115,On Time,0,,706,62446.95,16872.66,45574.29,3.14
1164,FL11163,2024-09-09,14,3.0,4,401,129,Delayed,209,,386,52829.73,16186.18,36643.55,3.73
1165,FL11164,2025-06-22,6,4.0,3,180,318,On Time,0,,79,90928.28,27437.29,63490.99,3.86
1166,FL11165,2024-02-07,8,3.0,2,457,280,On Time,0,,739,156134.03,32160.52,123973.51,3.63
1167,FL11166,2025-05-17,10,3.0,6,215,116,On Time,0,,50,40843.87,8417.85,32426.02,3.57
1168,FL11167,2026-04-10,10,3.0,5,423,138,On Time,0,,50,42516.38,11306.59,31209.79,3.19
1169,FL11168,2025-11-12,1,3.0,4,406,248,Delayed,27,,696,160795.79,28050.72,132745.08,3.31
1170,FL11169,2025-06-28,14,3.0,6,93,269,On Time,0,,381,139249.24,22867.63,116381.61,3.89
1171,FL11170,2026-07-12,10,1.0,1,61,258,On Time,0,,50,52186.58,15950.58,36236.0,3.15
1172,FL11171,2026-03-06,15,3.0,4,284,288,On Time,0,,335,142699.32,23934.85,118764.47,4.33
1173,FL11172,2024-02-24,8,2.0,1,179,206,On Time,0,,793,117985.61,21205.69,96779.92,5.0
1174,FL11173,2025-12-10,10,4.0,2,591,291,On Time,0,,57,51760.73,23560.96,28199.78,3.07
1175,FL11174,2025-11-25,7,5.0,2,79,227,Cancelled,0,Weather,707,0.0,25361.1,-25361.1,2.93
1176,FL11175,2024-01-15,14,3.0,4,104,199,On Time,0,,417,80560.16,19861.52,60698.65,5.0
1177,FL11176,2025-01-21,13,2.0,4,310,236,On Time,0,,831,167255.31,21167.81,146087.5,3.49
1178,FL11177,2025-09-17,14,5.0,5,569,188,On Time,0,,400,92023.52,16229.35,75794.16,4.29
1179,FL11178,2025-09-29,8,4.0,3,277,229,On Time,0,,774,135944.08,25556.46,110387.62,4.26
1180,FL11179,2024-05-14,12,3.0,6,291,281,On Time,0,,90,98387.95,23398.65,74989.31,4.43
1181,FL11180,2024-08-18,6,1.0,3,594,310,Delayed,225,,80,69257.07,24056.96,45200.11,4.49
1182,FL11181,2024-03-10,7,1.0,1,393,223,On Time,0,,740,118793.54,24236.1,94557.43,2.84
1183,FL11182,2025-05-03,12,2.0,1,564,91,Delayed,188,,105,12362.05,10821.56,1540.5,3.42
1184,FL11183,2024-01-28,2,2.0,1,205,232,On Time,0,,1375,221521.09,25698.25,195822.84,3.67
1185,FL11184,2025-08-25,11,4.0,3,112,147,On Time,0,,52,39265.3,12287.92,26977.37,3.97
1186,FL11185,2026-03-20,1,3.0,3,473,144,Delayed,51,,687,88771.51,21382.74,67388.77,3.33
1187,FL11186,2026-01-16,9,5.0,6,164,292,Delayed,226,,940,258001.55,37248.23,220753.32,3.11
1188,FL11187,2025-06-30,8,3.0,1,117,192,Delayed,57,,790,105767.64,25549.25,80218.39,2.59
1189,FL11188,2025-10-05,8,5.0,2,398,271,On Time,0,,749,162735.63,30078.94,132656.68,3.34
1190,FL11189,2026-01-10,8,3.0,6,496,174,Cancelled,0,Technical,776,0.0,18491.28,-18491.28,4.38
1191,FL11190,2026-01-09,8,2.0,1,588,229,Delayed,103,,780,121932.87,25872.24,96060.63,2.4
1192,FL11191,2025-09-03,7,4.0,3,93,243,Delayed,216,,728,153333.5,22834.12,130499.38,4.1
1193,FL11192,2026-07-29,7,3.0,2,576,295,On Time,0,,766,178775.84,23207.64,155568.2,3.33
1194,FL11193,2024-05-12,9,2.0,4,113,135,Cancelled,0,Crew,970,0.0,17968.37,-17968.37,3.06
1195,FL11194,2025-04-05,12,3.0,6,451,219,On Time,0,,105,75632.31,14902.33,60729.98,5.0
1196,FL11195,2025-08-05,9,4.0,2,6,183,Delayed,207,,981,131444.09,26035.62,105408.47,3.82
1197,FL11196,2026-03-15,10,2.0,3,338,196,Delayed,101,,78,36372.57,17281.25,19091.32,2.37
1198,FL11197,2024-04-17,13,4.0,3,562,285,Delayed,200,,795,175635.89,27145.69,148490.2,3.08
1199,FL11198,2024-10-17,15,5.0,5,109,121,Delayed,19,,322,53341.52,12870.65,40470.88,3.28
1200,FL11199,2024-02-20,2,3.0,6,549,215,On Time,0,,1358,249541.41,28455.12,221086.28,4.67
1201,FL11200,2024-10-14,11,2.0,1,55,179,On Time,0,,74,31620.95,10490.34,21130.61,4.03
1202,FL11201,2024-11-22,4,3.0,3,255,296,On Time,0,,688,173282.36,26719.33,146563.03,3.9
1203,FL11202,2024-11-07,3,5.0,5,119,139,Delayed,170,,66,39804.23,11853.67,27950.55,4.42
1204,FL11203,2024-04-05,12,1.0,1,3,143,Delayed,94,,89,20561.26,14797.54,5763.72,4.33
1205,FL11204,2025-07-17,2,5.0,5,181,110,Delayed,128,,1387,117107.6,21009.16,96098.45,3.75
1206,FL11205,2025-11-06,13,3.0,2,607,191,Delayed,40,,741,120821.1,26199.1,94622.01,2.89
1207,FL11206,2024-07-13,12,5.0,4,583,92,On Time,0,,124,27709.19,6444.64,21264.55,2.28
1208,FL11207,2025-08-03,15,4.0,6,112,205,On Time,0,,343,114430.66,19052.55,95378.11,3.17
1209,FL11208,2024-12-23,11,4.0,4,358,141,On Time,0,,62,30562.5,9617.24,20945.26,3.0
1210,FL11209,2025-10-16,14,5.0,6,97,182,Delayed,128,,397,98014.52,18487.13,79527.39,3.26
1211,FL11210,2025-03-19,2,1.0,4,587,229,On Time,0,,1385,243651.81,27087.67,216564.14,4.61
1212,FL11211,2026-05-19,14,3.0,2,138,247,Delayed,107,,392,89959.59,18885.07,71074.52,4.58
1213,FL11212,2025-12-13,3,1.0,5,576,104,Cancelled,0,Technical,115,0.0,7207.63,-7207.63,3.83
1214,FL11213,2024-12-13,5,2.0,4,168,124,On Time,0,,83,31674.32,8092.66,23581.66,3.54
1215,FL11214,2025-04-12,2,1.0,2,94,163,Delayed,119,,1369,171018.91,23051.87,147967.05,3.47
1216,FL11215,2025-06-19,7,4.0,1,606,209,On Time,0,,716,117701.83,19458.1,98243.73,4.26
1217,FL11216,2024-04-25,12,4.0,4,91,293,On Time,0,,94,69330.21,25763.88,43566.34,2.99
1218,FL11217,2024-12-24,5,4.0,4,409,121,On Time,0,,50,29075.78,9401.2,19674.58,3.43
1219,FL11218,2024-09-20,13,1.0,5,411,105,On Time,0,,802,72197.36,15524.18,56673.18,3.72
1220,FL11219,2024-05-14,10,2.0,1,222,234,On Time,0,,52,32291.5,15534.05,16757.44,5.0
1221,FL11220,2024-08-25,10,4.0,4,462,315,On Time,0,,50,83874.82,18284.6,65590.22,4.25
1222,FL11221,2026-03-17,15,5.0,5,497,280,On Time,0,,345,117532.52,28340.68,89191.84,3.15
1223,FL11222,2026-02-12,7,5.0,6,401,220,On Time,0,,713,135256.8,17788.26,117468.54,3.72
1224,FL11223,2025-07-02,6,1.0,6,503,94,On Time,0,,73,30849.94,8331.72,22518.21,4.29
1225,FL11224,2025-08-16,15,3.0,2,179,222,On Time,0,,325,71360.94,20049.18,51311.76,3.84
1226,FL11225,2025-08-20,9,1.0,2,161,195,Delayed,73,,942,134545.43,26624.59,107920.84,3.07
1227,FL11226,2025-10-31,10,5.0,4,321,192,On Time,0,,67,41428.69,15859.73,25568.97,4.48
1228,FL11227,2024-09-04,5,1.0,3,114,203,On Time,0,,103,45636.19,16918.45,28717.74,4.91
1229,FL11228,2025-06-24,4,5.0,2,74,219,Cancelled,0,Operational,703,0.0,24840.57,-24840.57,3.79
1230,FL11229,2026-03-04,3,1.0,1,100,255,Delayed,113,,123,48893.85,20185.98,28707.88,3.1
1231,FL11230,2024-02-04,4,1.0,1,20,134,On Time,0,,723,75152.0,13340.03,61811.97,3.89
1232,FL11231,2025-05-03,3,5.0,3,232,107,Delayed,217,,112,23508.21,12375.32,11132.89,3.1
1233,FL11232,2024-04-11,12,3.0,5,191,101,On Time,0,,59,28375.41,6535.28,21840.13,4.69
1234,FL11233,2024-03-07,1,3.0,1,19,183,Delayed,236,,699,98270.05,21210.57,77059.48,3.05
1235,FL11234,2025-08-16,10,4.0,1,438,206,On Time,0,,50,27245.82,16133.9,11111.91,2.75
1236,FL11235,2024-11-03,15,2.0,2,287,270,On Time,0,,389,74968.75,20460.73,54508.01,4.31
1237,FL11236,2025-04-29,12,4.0,6,196,189,On Time,0,,76,75820.87,16864.67,58956.2,4.34
1238,FL11237,2025-03-11,7,3.0,6,131,212,Delayed,179,,708,159795.37,27450.68,132344.69,3.04
1239,FL11238,2025-06-18,1,2.0,3,312,314,On Time,0,,648,184099.15,25326.01,158773.14,5.0
1240,FL11239,2024-11-15,13,2.0,1,499,262,On Time,0,,772,136351.77,22529.0,113822.77,3.65
1241,FL11240,2025-05-11,1,1.0,1,20,248,On Time,0,,706,130500.05,25030.46,105469.59,4.92
1242,FL11241,2024-04-19,11,2.0,6,215,173,Delayed,35,,88,51073.2,13453.55,37619.65,2.43
1243,FL11242,2024-08-24,11,3.0,3,270,125,On Time,0,,50,26084.99,7725.66,18359.33,4.18
1244,FL11243,2024-11-06,3,1.0,1,424,301,On Time,0,,120,25115.3,26718.77,-1603.47,3.47
1245,FL11244,2025-05-25,12,1.0,6,540,217,On Time,0,,95,68929.26,12996.72,55932.55,3.95
1246,FL11245,2024-01-03,3,4.0,4,444,107,Delayed,118,,87,26726.32,10961.53,15764.8,3.8
1247,FL11246,2026-05-02,4,3.0,3,403,200,On Time,0,,699,118154.07,20082.56,98071.51,3.63
1248,FL11247,2024-07-21,13,1.0,3,518,110,Delayed,217,,821,71415.6,15903.8,55511.8,2.85
1249,FL11248,2026-03-11,15,4.0,2,412,315,On Time,0,,333,107361.07,29462.94,77898.12,3.86
1250,FL11249,2025-09-03,4,4.0,6,309,211,On Time,0,,673,159461.39,23236.12,136225.28,5.0
1251,FL11250,2024-10-22,14,1.0,5,435,270,On Time,0,,400,124935.62,22689.07,102246.55,4.13
1252,FL11251,2025-06-01,14,2.0,2,260,198,On Time,0,,400,68084.18,16245.44,51838.74,4.09
1253,FL11252,2024-09-23,12,2.0,5,581,94,On Time,0,,93,22439.53,8889.74,13549.79,4.28
1254,FL11253,2024-12-25,3,4.0,2,168,236,On Time,0,,117,41603.52,19384.14,22219.38,2.88
1255,FL11254,2026-02-17,5,1.0,3,417,240,Delayed,105,,50,38821.49,22595.03,16226.46,3.9
1256,FL11255,2026-07-08,11,5.0,5,7,142,On Time,0,,74,44645.28,10223.23,34422.05,4.46
1257,FL11256,2025-03-26,15,2.0,1,473,254,On Time,0,,348,76361.62,21591.74,54769.88,2.84
1258,FL11257,2024-02-13,13,1.0,5,103,141,On Time,0,,764,107213.76,14976.4,92237.36,5.0
1259,FL11258,2025-02-24,7,5.0,2,378,249,On Time,0,,708,159372.3,23023.3,136349.0,4.0
1260,FL11259,2025-09-05,4,1.0,5,145,262,On Time,0,,715,166952.42,25824.54,141127.88,3.27
1261,FL11260,2025-04-29,15,1.0,3,23,121,On Time,0,,355,43782.93,10901.99,32880.94,4.2
1262,FL11261,2025-08-18,5,5.0,1,428,157,On Time,0,,94,29423.22,12770.31,16652.91,3.41
1263,FL11262,2024-05-21,6,3.0,5,447,127,On Time,0,,57,36845.57,10796.69,26048.88,2.95
1264,FL11263,2025-05-13,15,3.0,2,515,257,Delayed,233,,336,91813.98,26459.55,65354.43,3.12
1265,FL11264,2025-01-30,9,4.0,6,495,144,On Time,0,,952,128506.21,21030.2,107476.01,3.85
1266,FL11265,2024-09-09,4,4.0,6,299,237,Delayed,116,,661,173929.09,25903.19,148025.9,2.28
1267,FL11266,2026-07-08,1,4.0,2,605,186,On Time,0,,707,108231.09,22197.88,86033.21,3.49
1268,FL11267,2025-04-27,7,1.0,4,535,109,Delayed,125,,741,77130.87,19653.99,57476.88,2.63
1269,FL11268,2024-12-02,15,3.0,3,36,293,On Time,0,,347,108882.05,20576.03,88306.02,3.77
1270,FL11269,2025-03-26,7,2.0,4,243,253,On Time,0,,726,171263.16,27464.23,143798.93,4.42
1271,FL11270,2025-09-09,11,5.0,4,440,150,Delayed,182,,91,35942.02,14339.81,21602.2,3.39
1272,FL11271,2024-05-19,4,3.0,2,426,292,On Time,0,,697,174680.04,28782.17,145897.87,3.98
1273,FL11272,2026-07-28,12,1.0,4,562,253,On Time,0,,131,60631.0,15512.29,45118.72,2.81
1274,FL11273,2024-08-14,12,5.0,2,363,277,Delayed,147,,111,37471.18,23877.22,13593.96,3.28
1275,FL11274,2024-04-09,10,2.0,6,267,130,On Time,0,,66,43585.41,9109.97,34475.44,3.29
1276,FL11275,2025-02-22,12,2.0,6,98,92,On Time,0,,73,27459.25,6858.2,20601.05,2.88
1277,FL11276,2026-07-14,9,5.0,1,632,104,On Time,0,,919,66775.96,13647.99,53127.96,4.57
1278,FL11277,2024-12-22,6,4.0,5,301,214,On Time,0,,103,70143.33,17714.23,52429.1,3.13
1279,FL11278,2025-07-06,12,5.0,6,535,270,Cancelled,0,Technical,114,0.0,20784.4,-20784.4,3.06
1280,FL11279,2024-05-04,13,4.0,1,629,300,On Time,0,,787,172653.74,28998.22,143655.52,3.68
1281,FL11280,2025-04-20,13,5.0,5,436,311,On Time,0,,784,193102.63,27967.93,165134.7,3.38
1282,FL11281,2024-08-16,4,1.0,6,98,227,On Time,0,,700,163704.09,23348.21,140355.88,4.79
1283,FL11282,2024-01-05,11,3.0,2,343,235,Delayed,198,,50,46762.1,20477.46,26284.65,2.91
1284,FL11283,2025-07-20,1,2.0,4,264,156,Delayed,119,,694,102275.69,19024.13,83251.56,2.95
1285,FL11284,2025-05-17,9,2.0,5,398,90,On Time,0,,957,75395.69,15539.06,59856.63,3.52
1286,FL11285,2025-11-05,9,2.0,3,217,134,Cancelled,0,Crew,960,0.0,17057.87,-17057.87,3.11
1287,FL11286,2026-08-09,6,2.0,2,95,102,On Time,0,,63,16741.63,6356.82,10384.81,3.9
1288,FL11287,2025-12-20,15,3.0,3,486,247,Delayed,69,,364,82815.23,26981.91,55833.32,2.84
1289,FL11288,2026-04-01,14,5.0,3,586,205,On Time,0,,412,79199.93,18060.2,61139.73,3.4
1290,FL11289,2025-05-31,1,4.0,5,26,267,On Time,0,,688,182568.45,27941.69,154626.76,3.97
1291,FL11290,2026-06-19,4,2.0,3,142,124,On Time,0,,670,75556.6,15525.21,60031.39,3.58
1292,FL11291,2024-02-22,4,3.0,3,295,299,Cancelled,0,Weather,707,0.0,25191.54,-25191.54,4.12
1293,FL11292,2026-01-21,14,3.0,6,465,255,Delayed,71,,383,118963.85,21152.0,97811.85,2.96
1294,FL11293,2024-08-09,8,2.0,4,172,298,On Time,0,,768,186824.28,24601.44,162222.84,4.22
1295,FL11294,2026-07-16,11,3.0,6,373,239,On Time,0,,71,72299.97,17208.98,55090.98,3.94
1296,FL11295,2025-11-28,13,4.0,5,194,168,On Time,0,,807,116222.71,21104.85,95117.86,3.81
1297,FL11296,2024-07-08,12,2.0,6,232,234,On Time,0,,112,79720.19,14460.97,65259.22,4.58
1298,FL11297,2024-10-03,2,3.0,2,265,228,On Time,0,,1367,211847.18,27940.3,183906.88,4.38
1299,FL11298,2024-03-06,3,4.0,6,245,131,On Time,0,,50,49188.29,8298.09,40890.2,4.36
1300,FL11299,2025-10-04,6,3.0,6,190,113,On Time,0,,90,32739.25,8210.47,24528.78,4.36
1301,FL11300,2024-07-15,6,2.0,1,108,239,On Time,0,,55,47619.22,18479.68,29139.54,2.95
1302,FL11301,2025-09-12,12,3.0,3,370,111,Delayed,205,,102,27475.34,8864.95,18610.39,3.59
1303,FL11302,2024-02-28,3,4.0,3,502,113,On Time,0,,94,21723.33,7274.22,14449.12,3.84
1304,FL11303,2025-05-09,6,2.0,3,187,106,On Time,0,,116,30402.5,9039.49,21363.01,3.67
1305,FL11304,2024-07-29,4,3.0,5,197,233,On Time,0,,736,157692.26,23251.33,134440.93,5.0
1306,FL11305,2024-10-22,3,4.0,5,597,303,On Time,0,,87,92411.72,21158.83,71252.89,3.04
1307,FL11306,2025-02-09,3,2.0,2,198,204,On Time,0,,69,39146.09,16805.17,22340.92,3.94
1308,FL11307,2024-03-17,3,2.0,4,291,125,Delayed,111,,71,35063.05,13010.61,22052.43,3.19
1309,FL11308,2024-12-26,9,5.0,6,223,207,On Time,0,,951,181050.42,25790.09,155260.33,3.95
1310,FL11309,2025-11-29,7,2.0,3,101,200,On Time,0,,727,118695.18,22921.43,95773.75,3.34
1311,FL11310,2024-11-26,7,3.0,6,247,226,Delayed,96,,716,163008.31,23854.71,139153.6,3.45
1312,FL11311,2024-08-24,8,1.0,4,188,189,On Time,0,,770,130230.36,21769.41,108460.95,3.27
1313,FL11312,2025-04-13,12,5.0,6,214,212,On Time,0,,105,75169.03,15273.38,59895.66,4.18
1314,FL11313,2024-09-28,13,3.0,6,519,164,Delayed,112,,791,128492.22,23721.46,104770.76,3.4
1315,FL11314,2026-05-05,8,4.0,1,585,298,On Time,0,,771,174556.17,24235.43,150320.74,3.84
1316,FL11315,2024-04-27,10,4.0,5,71,213,On Time,0,,54,54972.89,17046.22,37926.67,3.95
1317,FL11316,2025-04-09,12,2.0,2,114,161,Delayed,125,,93,27872.2,13016.63,14855.58,4.33
1318,FL11317,2025-11-28,11,2.0,5,247,90,Delayed,152,,71,21518.81,8383.72,13135.09,3.68
1319,FL11318,2025-01-06,3,4.0,5,351,246,On Time,0,,102,78699.35,22781.63,55917.72,4.11
1320,FL11319,2026-07-08,15,5.0,2,617,177,On Time,0,,299,56187.02,14754.92,41432.11,4.28
1321,FL11320,2026-08-10,3,1.0,1,539,147,Delayed,199,,100,22412.15,14662.47,7749.68,3.33
1322,FL11321,2025-04-06,7,5.0,3,1,200,On Time,0,,731,126414.21,22646.18,103768.03,4.36
1323,FL11322,2025-11-11,10,5.0,2,459,201,On Time,0,,50,34670.03,15224.03,19446.0,3.61
1324,FL11323,2024-12-12,7,1.0,4,632,274,On Time,0,,730,180443.69,24217.05,156226.63,5.0
1325,FL11324,2026-07-03,4,1.0,1,118,214,Delayed,48,,718,106106.84,26813.33,79293.51,3.42
1326,FL11325,2025-05-09,14,4.0,1,234,251,On Time,0,,408,87890.21,23983.02,63907.19,5.0
1327,FL11326,2025-08-09,2,5.0,3,169,238,On Time,0,,1368,237774.14,35918.58,201855.56,5.0
1328,FL11327,2025-01-09,4,2.0,5,138,285,On Time,0,,677,189375.66,29512.2,159863.45,3.67
1329,FL11328,2025-02-13,15,4.0,2,260,91,On Time,0,,305,34537.13,9621.17,24915.96,4.16
1330,FL11329,2024-10-22,11,5.0,2,537,176,Delayed,234,,50,34053.56,15554.45,18499.11,3.54
1331,FL11330,2024-08-29,2,2.0,1,50,254,On Time,0,,1366,233685.54,28569.22,205116.32,4.61
1332,FL11331,2026-07-19,12,2.0,2,306,122,On Time,0,,97,23053.49,10056.09,12997.4,4.09
1333,FL11332,2024-11-16,15,5.0,2,594,191,Delayed,204,,319,75441.24,20411.76,55029.48,4.08
1334,FL11333,2026-06-14,2,2.0,2,69,182,On Time,0,,1384,175491.97,27950.02,147541.96,2.86
1335,FL11334,2024-01-05,7,3.0,3,503,275,On Time,0,,746,171915.11,27311.28,144603.83,3.6
1336,FL11335,2025-08-22,8,3.0,2,434,311,On Time,0,,728,198494.22,26512.13,171982.09,3.88
1337,FL11336,2026-02-18,2,3.0,5,134,114,Delayed,176,,1368,123978.61,26811.57,97167.05,2.87
1338,FL11337,2024-01-19,4,2.0,3,506,139,Delayed,106,,710,81238.74,17142.25,64096.49,2.17
1339,FL11338,2024-03-03,3,4.0,5,145,268,Delayed,191,,100,73205.62,21129.04,52076.57,3.87
1340,FL11339,2024-12-21,3,4.0,4,294,130,On Time,0,,108,34296.8,8733.43,25563.37,3.28
1341,FL11340,2024-10-29,7,2.0,4,584,204,On Time,0,,733,139083.26,18292.21,120791.04,3.56
1342,FL11341,2024-07-09,7,3.0,4,465,307,On Time,0,,737,216429.32,27891.75,188537.57,4.49
1343,FL11342,2025-04-25,4,1.0,6,318,314,Cancelled,0,Crew,694,0.0,28673.19,-28673.19,3.8
1344,FL11343,2025-07-12,5,2.0,2,70,308,On Time,0,,70,73149.22,27819.31,45329.91,3.63
1345,FL11344,2026-04-06,3,5.0,6,65,120,On Time,0,,85,38889.68,10847.85,28041.83,3.33
1346,FL11345,2025-01-17,12,3.0,2,21,124,Delayed,95,,118,28091.45,13340.94,14750.51,2.77
1347,FL11346,2026-02-01,4,4.0,1,40,130,On Time,0,,724,65219.21,18029.51,47189.7,4.72
1348,FL11347,2025-02-03,14,5.0,5,143,266,On Time,0,,381,112882.58,22188.52,90694.06,4.76
1349,FL11348,2025-12-26,9,4.0,6,333,131,On Time,0,,922,106148.89,20200.13,85948.77,4.22
1350,FL11349,2026-06-03,13,4.0,1,638,188,On Time,0,,766,108272.3,22396.81,85875.5,4.16
1351,FL11350,2025-01-27,10,4.0,4,550,278,Cancelled,0,Crew,69,0.0,17554.51,-17554.51,2.14
1352,FL11351,2026-05-16,4,3.0,4,115,203,On Time,0,,707,128619.12,19722.99,108896.14,4.3
1353,FL11352,2025-06-22,10,4.0,2,563,306,Cancelled,0,Operational,69,0.0,27489.42,-27489.42,3.51
1354,FL11353,2024-09-16,5,2.0,4,598,204,On Time,0,,76,58125.89,18168.48,39957.41,4.11
1355,FL11354,2026-04-02,2,5.0,5,381,177,On Time,0,,1355,191172.3,24689.93,166482.37,4.13
1356,FL11355,2025-08-20,4,1.0,4,194,312,Delayed,209,,655,200395.25,35118.69,165276.55,2.63
1357,FL11356,2025-06-17,5,5.0,4,229,215,Delayed,41,,57,76257.48,19175.62,57081.86,4.06
1358,FL11357,2026-04-09,3,5.0,6,320,132,On Time,0,,129,44073.96,11454.71,32619.26,3.12
1359,FL11358,2025-09-16,1,1.0,2,155,235,On Time,0,,709,127645.05,22577.19,105067.86,3.99
1360,FL11359,2026-07-08,15,4.0,4,458,267,Delayed,134,,340,113697.57,21282.03,92415.54,3.6
1361,FL11360,2024-01-07,8,5.0,2,433,282,Delayed,151,,799,180675.46,28344.56,152330.89,4.04
1362,FL11361,2025-12-13,7,3.0,6,111,91,On Time,0,,721,67274.88,12736.68,54538.2,4.68
1363,FL11362,2025-04-11,14,2.0,2,23,114,On Time,0,,396,43461.58,10729.57,32732.01,4.74
1364,FL11363,2024-04-05,4,5.0,6,130,234,On Time,0,,705,176524.47,24611.55,151912.92,3.8
1365,FL11364,2024-12-01,7,3.0,4,248,260,On Time,0,,719,183625.95,29661.32,153964.63,5.0
1366,FL11365,2025-10-13,13,1.0,2,165,240,On Time,0,,800,148416.35,21750.02,126666.33,4.71
1367,FL11366,2024-03-01,10,2.0,5,366,178,On Time,0,,87,45359.33,15681.84,29677.49,3.77
1368,FL11367,2025-04-15,6,4.0,2,311,263,On Time,0,,63,50896.31,21532.55,29363.76,3.81
1369,FL11368,2025-10-09,4,3.0,2,255,223,On Time,0,,661,120370.23,21922.49,98447.74,4.49
1370,FL11369,2024-10-03,1,2.0,3,225,302,On Time,0,,707,191318.71,23556.59,167762.12,3.7
1371,FL11370,2026-04-16,2,4.0,5,472,174,On Time,0,,1353,190502.5,24122.59,166379.91,3.17
1372,FL11371,2026-05-04,3,1.0,3,56,263,On Time,0,,100,84850.66,24416.41,60434.25,4.05
1373,FL11372,2025-09-08,12,2.0,4,229,123,On Time,0,,79,38836.07,10118.57,28717.5,2.52
1374,FL11373,2025-09-03,10,3.0,4,174,258,Delayed,101,,62,52785.27,23790.93,28994.34,3.53
1375,FL11374,2024-09-22,7,1.0,2,503,258,On Time,0,,762,147212.84,22565.85,124646.99,4.41
1376,FL11375,2026-05-24,12,2.0,2,538,148,On Time,0,,96,18823.64,10355.17,8468.46,3.83
1377,FL11376,2025-04-18,3,5.0,2,549,104,On Time,0,,63,12412.8,8125.06,4287.74,4.75
1378,FL11377,2024-03-05,4,5.0,2,336,318,On Time,0,,703,180141.89,31698.04,148443.85,4.55
1379,FL11378,2024-11-30,6,5.0,6,598,107,On Time,0,,71,29614.02,9614.58,19999.44,3.34
1380,FL11379,2026-01-21,14,2.0,3,616,197,On Time,0,,396,92233.73,17073.71,75160.02,4.03
1381,FL11380,2025-07-06,10,1.0,3,592,90,On Time,0,,80,22308.93,6178.37,16130.57,3.66
1382,FL11381,2025-07-15,13,5.0,5,181,186,Delayed,111,,782,133547.57,21772.57,111775.0,3.09
1383,FL11382,2025-10-23,4,2.0,5,237,278,On Time,0,,689,182370.52,22691.97,159678.55,4.75
1384,FL11383,2024-10-15,13,4.0,5,171,205,On Time,0,,772,159795.05,20098.25,139696.8,4.41
1385,FL11384,2024-09-08,2,1.0,4,428,145,On Time,0,,1370,160226.63,22444.69,137781.94,3.53
1386,FL11385,2026-04-19,4,4.0,6,277,180,On Time,0,,699,120574.63,22256.72,98317.91,4.15
1387,FL11386,2025-04-13,8,3.0,6,416,111,On Time,0,,775,79682.3,14960.4,64721.91,3.51
1388,FL11387,2026-02-02,1,5.0,2,52,226,Delayed,184,,718,125879.02,27604.47,98274.55,2.98
1389,FL11388,2025-08-27,13,1.0,1,88,90,On Time,0,,772,54233.25,15718.11,38515.14,5.0
1390,FL11389,2025-06-28,14,3.0,3,206,170,On Time,0,,394,66771.15,12736.96,54034.2,5.0
1391,FL11390,2025-04-28,9,5.0,6,635,103,On Time,0,,957,89823.98,17026.88,72797.1,5.0
1392,FL11391,2026-07-20,5,2.0,6,235,145,On Time,0,,56,55688.77,8726.04,46962.72,4.18
1393,FL11392,2025-07-08,2,4.0,5,178,105,Delayed,55,,1338,108232.84,21591.23,86641.6,3.42
1394,FL11393,2026-02-03,10,1.0,5,405,303,On Time,0,,50,79310.66,19937.4,59373.26,4.66
1395,FL11394,2024-08-06,9,4.0,2,647,267,On Time,0,,948,178277.31,25598.21,152679.1,4.07
1396,FL11395,2025-03-23,12,2.0,4,93,303,On Time,0,,130,71173.04,24460.84,46712.2,3.07
1397,FL11396,2025-05-29,10,3.0,2,242,247,Delayed,173,,50,40022.97,22277.5,17745.47,4.48
1398,FL11397,2024-02-22,2,5.0,4,578,204,On Time,0,,1375,207987.71,29308.81,178678.9,3.23
1399,FL11398,2026-08-15,2,4.0,2,621,130,Delayed,137,,1317,129115.9,23443.11,105672.79,4.09
1400,FL11399,2025-08-06,12,3.0,1,570,311,Cancelled,0,Technical,104,0.0,26253.11,-26253.11,3.49
1401,FL11400,2024-04-12,3,1.0,6,232,301,Delayed,171,,75,103736.84,26665.19,77071.65,4.51
1402,FL11401,2025-02-19,15,2.0,6,345,185,On Time,0,,324,86629.13,18204.79,68424.34,4.56
1403,FL11402,2026-08-03,2,5.0,5,569,141,On Time,0,,1368,151220.91,25579.02,125641.89,3.62
1404,FL11403,2025-07-08,11,2.0,4,274,179,On Time,0,,50,41801.12,12551.33,29249.8,4.71
1405,FL11404,2024-07-31,15,4.0,2,577,180,Delayed,72,,395,59453.46,18276.91,41176.55,3.06
1406,FL11405,2024-02-15,7,3.0,4,455,300,On Time,0,,726,202024.6,27290.6,174734.0,3.36
1407,FL11406,2025-01-23,1,2.0,5,123,105,On Time,0,,716,63546.3,11427.6,52118.7,2.81
1408,FL11407,2026-02-28,14,4.0,4,133,235,On Time,0,,421,107119.57,22378.92,84740.64,3.92
1409,FL11408,2024-09-14,3,2.0,2,380,266,Delayed,147,,102,43562.67,25819.57,17743.1,2.2
1410,FL11409,2026-02-10,8,2.0,3,367,265,Delayed,199,,756,169107.1,35337.21,133769.89,4.23
1411,FL11410,2025-06-19,15,3.0,6,572,134,On Time,0,,334,56862.41,11910.23,44952.18,2.98
1412,FL11411,2025-12-24,12,4.0,2,187,184,On Time,0,,60,33418.35,11372.88,22045.48,3.75
1413,FL11412,2026-05-17,1,5.0,6,469,168,Delayed,66,,697,120498.16,17816.1,102682.06,3.08
1414,FL11413,2026-01-17,13,4.0,5,600,183,Delayed,19,,826,136060.13,24241.11,111819.01,3.41
1415,FL11414,2025-10-27,3,4.0,6,461,110,Delayed,105,,68,32191.87,11831.04,20360.83,2.74
1416,FL11415,2024-06-22,12,4.0,4,313,109,On Time,0,,80,30354.79,9610.43,20744.37,4.74
1417,FL11416,2025-12-03,10,2.0,2,616,95,On Time,0,,98,20163.01,8622.14,11540.87,4.11
1418,FL11417,2025-05-05,5,2.0,1,329,312,Delayed,37,,63,38538.5,22227.26,16311.25,3.29
1419,FL11418,2024-07-16,7,3.0,4,280,185,On Time,0,,720,121874.66,17969.51,103905.16,3.58
1420,FL11419,2025-12-26,2,4.0,3,496,142,On Time,0,,1374,133139.32,24519.57,108619.75,4.36
1421,FL11420,2026-05-22,15,4.0,1,96,273,On Time,0,,322,74420.84,20985.43,53435.41,4.91
1422,FL11421,2025-08-20,4,1.0,6,510,203,On Time,0,,641,144529.55,22386.84,122142.7,5.0
1423,FL11422,2026-04-18,5,4.0,6,155,173,Delayed,113,,50,60418.76,17131.54,43287.21,2.69
1424,FL11423,2025-05-10,8,2.0,3,153,116,On Time,0,,822,72966.93,16735.67,56231.26,3.91
1425,FL11424,2026-05-04,11,5.0,5,72,178,On Time,0,,73,66612.68,16392.55,50220.12,2.76
1426,FL11425,2024-12-06,8,4.0,3,397,238,On Time,0,,810,157314.7,22252.51,135062.19,4.44
1427,FL11426,2024-01-24,8,5.0,3,85,233,Delayed,38,,760,141065.77,24066.16,116999.61,2.41
1428,FL11427,2025-09-26,9,4.0,4,563,179,Delayed,119,,944,148802.95,30716.99,118085.96,3.48
1429,FL11428,2024-11-30,13,3.0,3,41,231,On Time,0,,789,141752.45,23775.97,117976.49,4.8
1430,FL11429,2024-02-07,6,1.0,5,269,266,Delayed,186,,60,78468.66,23634.42,54834.23,3.03
1431,FL11430,2025-05-29,13,2.0,2,277,303,On Time,0,,797,178762.9,32400.42,146362.48,3.39
1432,FL11431,2024-01-27,12,5.0,5,73,211,Delayed,222,,74,53101.27,18506.71,34594.56,4.16
1433,FL11432,2025-05-07,15,2.0,6,587,142,Delayed,204,,356,72799.9,15691.22,57108.68,3.76
1434,FL11433,2025-02-21,14,1.0,6,565,119,On Time,0,,401,60292.28,10859.63,49432.65,3.27
1435,FL11434,2024-09-20,12,2.0,1,624,126,Cancelled,0,Technical,93,0.0,8006.15,-8006.15,3.09
1436,FL11435,2025-06-09,4,3.0,1,583,92,On Time,0,,698,45252.25,13725.66,31526.6,3.45
1437,FL11436,2025-01-25,12,4.0,4,73,218,On Time,0,,90,45690.09,13607.55,32082.54,4.69
1438,FL11437,2024-11-06,12,5.0,6,100,138,On Time,0,,62,43799.37,10346.37,33452.99,4.08
1439,FL11438,2024-03-19,5,5.0,6,608,142,Delayed,21,,50,59209.43,12557.68,46651.75,4.29
1440,FL11439,2025-10-15,11,3.0,6,140,256,On Time,0,,63,88316.68,17064.89,71251.8,3.39
1441,FL11440,2024-03-08,4,3.0,1,416,163,On Time,0,,688,89142.46,17308.03,71834.43,4.15
1442,FL11441,2026-06-09,8,5.0,4,156,280,On Time,0,,794,197552.0,24707.85,172844.15,3.99
1443,FL11442,2026-03-24,12,1.0,5,478,121,Cancelled,0,Weather,108,0.0,10338.23,-10338.23,3.17
1444,FL11443,2024-05-02,3,3.0,4,543,168,On Time,0,,85,60429.98,11703.67,48726.31,3.63
1445,FL11444,2024-12-06,6,3.0,5,85,101,On Time,0,,52,30252.83,6523.5,23729.33,2.54
1446,FL11445,2025-03-30,12,4.0,2,622,213,On Time,0,,111,44075.25,19455.39,24619.86,4.44
1447,FL11446,2025-07-03,7,5.0,3,237,118,Delayed,96,,742,77669.98,20345.81,57324.17,3.33
1448,FL11447,2026-06-22,15,4.0,3,257,145,On Time,0,,319,47768.29,14731.23,33037.06,3.46
1449,FL11448,2024-01-26,1,4.0,6,639,259,On Time,0,,681,175277.7,26476.27,148801.43,3.67
1450,FL11449,2026-07-03,11,4.0,2,608,292,Cancelled,0,Operational,53,0.0,20727.65,-20727.65,2.24
1451,FL11450,2025-09-12,13,3.0,2,433,215,On Time,0,,801,141297.24,21819.38,119477.87,2.79
1452,FL11451,2025-04-15,14,2.0,1,14,311,On Time,0,,425,91843.94,26352.63,65491.31,4.68
1453,FL11452,2024-11-03,3,2.0,1,221,264,Delayed,51,,92,41399.85,24302.54,17097.31,3.67
1454,FL11453,2026-01-08,15,4.0,6,258,263,On Time,0,,315,124054.54,26194.91,97859.63,3.12
1455,FL11454,2024-02-07,6,4.0,6,588,317,On Time,0,,114,83496.69,24587.8,58908.89,5.0
1456,FL11455,2024-07-03,6,2.0,2,76,110,On Time,0,,63,17675.61,7996.01,9679.6,3.27
1457,FL11456,2026-04-04,6,5.0,5,576,143,Delayed,232,,55,43254.47,15045.31,28209.17,3.76
1458,FL11457,2026-02-10,10,5.0,4,641,190,Delayed,137,,53,36182.76,18568.38,17614.38,3.3
1459,FL11458,2025-03-14,10,4.0,6,151,232,On Time,0,,52,83925.24,15078.29,68846.95,3.18
1460,FL11459,2026-07-23,8,2.0,2,128,317,On Time,0,,806,200147.96,28854.42,171293.54,4.23
1461,FL11460,2025-01-13,2,5.0,6,641,112,On Time,0,,1332,126236.35,17388.07,108848.27,3.88
1462,FL11461,2024-11-13,15,2.0,3,608,142,On Time,0,,344,53148.69,12246.51,40902.18,3.59
1463,FL11462,2024-05-09,4,3.0,5,276,158,On Time,0,,695,99424.46,20105.88,79318.58,4.86
1464,FL11463,2024-08-13,2,5.0,3,505,244,On Time,0,,1355,240891.59,30575.11,210316.48,4.41
1465,FL11464,2024-08-20,9,3.0,5,633,308,On Time,0,,939,256845.79,31540.89,225304.9,4.47
1466,FL11465,2024-04-22,7,2.0,3,580,305,On Time,0,,733,183287.33,28025.07,155262.26,3.86
1467,FL11466,2026-07-19,10,1.0,6,209,261,On Time,0,,63,83247.57,16052.03,67195.54,4.23
1468,FL11467,2025-03-04,14,2.0,4,331,267,On Time,0,,383,110615.2,25394.06,85221.14,3.98
1469,FL11468,2026-08-11,2,4.0,2,61,185,On Time,0,,1365,183298.01,28733.24,154564.77,4.32
1470,FL11469,2024-11-08,5,4.0,6,333,230,On Time,0,,51,76868.95,19657.57,57211.38,3.37
1471,FL11470,2026-05-12,8,2.0,5,29,129,On Time,0,,824,85530.99,17793.38,67737.61,2.46
1472,FL11471,2025-04-22,12,1.0,3,96,206,On Time,0,,117,47695.34,17842.92,29852.43,4.88
1473,FL11472,2024-08-20,10,4.0,1,257,157,On Time,0,,71,13202.38,9889.17,3313.21,3.99
1474,FL11473,2025-05-11,6,1.0,6,82,303,On Time,0,,62,76769.16,23581.58,53187.58,4.37
1475,FL11474,2024-07-21,10,1.0,5,182,174,Delayed,231,,77,44642.1,14987.71,29654.39,2.86
1476,FL11475,2026-04-06,15,3.0,5,430,180,Delayed,72,,338,97540.58,19129.68,78410.9,3.15
1477,FL11476,2024-10-24,8,3.0,5,619,182,Delayed,22,,783,135979.22,22799.46,113179.76,4.29
1478,FL11477,2026-04-25,14,2.0,4,179,297,On Time,0,,381,146858.67,20136.06,126722.61,4.24
1479,FL11478,2025-12-18,12,2.0,2,414,304,Delayed,66,,102,65502.75,24792.0,40710.75,4.73
1480,FL11479,2025-02-23,5,2.0,2,309,189,On Time,0,,100,34585.21,15677.38,18907.83,4.58
1481,FL11480,2025-03-16,4,2.0,1,428,319,On Time,0,,697,178269.55,26329.41,151940.14,3.57
1482,FL11481,2025-12-28,12,1.0,1,80,264,On Time,0,,91,36112.56,21100.7,15011.86,4.29
1483,FL11482,2024-01-31,4,1.0,5,474,284,On Time,0,,697,194246.92,29797.35,164449.56,5.0
1484,FL11483,2025-06-18,6,2.0,6,384,300,On Time,0,,72,107909.53,17577.97,90331.56,4.14
1485,FL11484,2025-11-04,4,1.0,1,378,166,On Time,0,,684,91628.64,18935.98,72692.66,4.42
1486,FL11485,2025-11-26,10,2.0,4,51,216,Delayed,194,,50,61743.02,20217.33,41525.69,4.22
1487,FL11486,2026-05-04,5,3.0,1,628,155,On Time,0,,82,22814.61,9689.07,13125.54,2.48
1488,FL11487,2025-11-02,10,1.0,3,114,161,On Time,0,,85,42918.22,10721.78,32196.44,4.46
1489,FL11488,2025-03-01,15,4.0,5,10,196,Delayed,36,,377,85595.53,20739.5,64856.03,4.18
1490,FL11489,2026-03-04,13,4.0,5,96,101,On Time,0,,802,80963.54,15843.5,65120.04,3.5
1491,FL11490,2024-06-13,15,3.0,6,443,139,On Time,0,,334,69371.6,13839.99,55531.61,4.68
1492,FL11491,2024-06-05,1,4.0,2,90,276,On Time,0,,721,152927.98,28597.38,124330.6,4.0
1493,FL11492,2024-01-10,7,5.0,6,611,128,On Time,0,,720,87997.5,16070.79,71926.71,2.9
1494,FL11493,2026-02-01,4,1.0,5,407,233,Cancelled,0,Operational,708,0.0,21619.46,-21619.46,3.51
1495,FL11494,2024-10-24,14,1.0,3,208,266,Delayed,117,,412,100327.84,23031.44,77296.41,3.29
1496,FL11495,2024-08-03,11,2.0,2,24,150,Delayed,52,,87,25904.22,13802.03,12102.2,3.25
1497,FL11496,2024-06-28,5,4.0,1,63,195,On Time,0,,100,18761.23,12250.6,6510.64,4.42
1498,FL11497,2025-10-20,9,5.0,6,438,291,Delayed,231,,933,262335.49,35199.33,227136.16,2.68
1499,FL11498,2025-03-30,10,5.0,2,315,282,Delayed,47,,51,49695.53,21038.78,28656.76,3.8
1500,FL11499,2026-07-08,8,3.0,2,438,301,On Time,0,,776,185854.03,24056.0,161798.03,3.41
1501,FL11500,2025-10-21,8,3.0,3,255,234,On Time,0,,758,142555.48,26041.89,116513.6,4.98
1502,FL11501,2025-07-14,1,3.0,1,130,294,On Time,0,,714,148648.95,24429.87,124219.08,4.74
1503,FL11502,2024-06-18,7,1.0,5,576,181,On Time,0,,751,111502.72,17876.2,93626.52,5.0
1504,FL11503,2026-04-28,6,3.0,5,308,228,Delayed,131,,82,77548.09,24370.52,53177.57,3.6
1505,FL11504,2024-10-23,13,3.0,1,602,243,On Time,0,,796,130704.82,26572.45,104132.37,3.72
1506,FL11505,2026-02-15,13,2.0,1,115,314,On Time,0,,813,169727.48,27252.6,142474.88,3.53
1507,FL11506,2024-01-05,12,4.0,1,393,174,Delayed,175,,108,36302.68,13870.25,22432.42,2.79
1508,FL11507,2025-11-02,1,5.0,6,194,291,On Time,0,,691,209837.12,28018.32,181818.8,3.89
1509,FL11508,2026-01-12,13,2.0,3,192,207,On Time,0,,734,136977.24,22259.01,114718.22,3.55
1510,FL11509,2024-03-12,6,5.0,4,506,113,Delayed,87,,64,29426.26,11190.68,18235.59,3.51
1511,FL11510,2025-11-07,7,1.0,1,13,240,Delayed,101,,739,140912.76,23402.6,117510.17,2.78
1512,FL11511,2024-01-24,15,5.0,2,330,315,Delayed,43,,333,107886.13,29679.28,78206.85,2.9
1513,FL11512,2025-05-27,14,4.0,4,305,194,On Time,0,,388,75994.9,16446.91,59547.98,3.75
1514,FL11513,2026-05-18,1,2.0,2,628,216,Cancelled,0,Technical,693,0.0,23901.29,-23901.29,2.5
1515,FL11514,2025-01-13,6,4.0,4,30,303,Delayed,196,,54,79774.46,22648.27,57126.19,3.08
1516,FL11515,2025-10-29,12,2.0,6,610,301,On Time,0,,76,112928.99,23508.05,89420.94,4.38
1517,FL11516,2024-07-02,9,4.0,2,640,182,On Time,0,,954,122400.74,20388.6,102012.14,3.43
1518,FL11517,2025-06-08,4,1.0,4,141,264,On Time,0,,717,160240.88,24175.39,136065.49,3.22
1519,FL11518,2025-03-19,8,2.0,6,401,235,Delayed,133,,756,180649.93,26256.79,154393.14,3.18
1520,FL11519,2024-01-03,13,2.0,6,529,238,Delayed,120,,792,173607.22,21644.96,151962.26,2.56
1521,FL11520,2026-03-14,4,1.0,1,641,255,On Time,0,,711,113513.38,29050.59,84462.79,4.87
1522,FL11521,2024-04-29,12,2.0,1,223,165,On Time,0,,93,27403.46,14154.44,13249.02,3.55
1523,FL11522,2024-02-29,12,4.0,6,179,160,Delayed,191,,111,58480.04,15851.87,42628.17,3.33
1524,FL11523,2025-10-22,14,4.0,6,250,96,On Time,0,,413,49078.79,9965.4,39113.38,4.3
1525,FL11524,2026-03-04,5,3.0,2,191,286,On Time,0,,74,55765.63,25129.32,30636.31,3.18
1526,FL11525,2024-08-12,4,1.0,4,388,153,On Time,0,,685,98932.53,16578.68,82353.85,3.45
1527,FL11526,2025-10-13,9,2.0,4,607,245,On Time,0,,972,192721.25,26107.02,166614.23,3.59
1528,FL11527,2024-12-07,8,5.0,5,328,247,Delayed,109,,775,179015.4,31006.81,148008.59,3.81
1529,FL11528,2026-01-05,7,2.0,5,528,251,On Time,0,,733,185983.43,20116.57,165866.86,5.0
1530,FL11529,2026-03-05,12,1.0,3,609,288,On Time,0,,107,56282.75,23412.94,32869.81,5.0
1531,FL11530,2025-06-30,12,3.0,6,633,289,Delayed,33,,90,104395.92,20393.14,84002.78,4.13
1532,FL11531,2024-11-06,4,1.0,1,589,90,Delayed,30,,691,43755.24,16064.65,27690.58,2.49
1533,FL11532,2024-12-16,12,2.0,1,236,283,On Time,0,,89,37174.23,20535.33,16638.89,3.43
1534,FL11533,2025-05-10,4,5.0,6,292,137,On Time,0,,692,101976.92,14522.39,87454.54,4.9
1535,FL11534,2024-06-28,7,2.0,2,173,238,Delayed,24,,742,130044.6,30549.27,99495.34,4.29
1536,FL11535,2024-03-08,1,4.0,6,538,244,On Time,0,,664,170572.91,23532.57,147040.34,4.52
1537,FL11536,2025-10-10,6,3.0,2,392,102,On Time,0,,69,26637.01,7239.8,19397.21,4.52
1538,FL11537,2025-04-20,15,2.0,3,595,155,On Time,0,,297,63533.61,15647.73,47885.88,3.72
1539,FL11538,2025-05-01,7,4.0,1,579,299,On Time,0,,730,157856.75,28605.33,129251.42,5.0
1540,FL11539,2025-11-17,11,3.0,6,471,122,Delayed,138,,73,36111.53,12069.68,24041.85,2.82
1541,FL11540,2025-03-30,2,2.0,3,636,143,On Time,0,,1359,143578.57,21939.44,121639.13,2.95
1542,FL11541,2024-08-07,10,2.0,2,454,108,On Time,0,,75,23572.95,9886.76,13686.19,4.52
1543,FL11542,2024-01-02,6,5.0,3,104,128,On Time,0,,78,22840.62,8464.55,14376.07,3.62
1544,FL11543,2025-07-09,12,1.0,1,367,236,On Time,0,,53,28791.78,20716.06,8075.72,3.16
1545,FL11544,2025-07-22,14,5.0,5,470,283,On Time,0,,416,143118.01,25675.3,117442.71,4.57
1546,FL11545,2025-07-17,8,3.0,1,450,226,Delayed,126,,786,117782.21,21279.64,96502.57,2.11
1547,FL11546,2024-03-25,2,5.0,3,263,155,On Time,0,,1355,151607.41,24871.65,126735.75,4.3
1548,FL11547,2026-02-20,8,2.0,3,97,287,On Time,0,,771,185695.28,28657.74,157037.54,3.71
1549,FL11548,2026-05-13,2,3.0,1,301,174,On Time,0,,1324,163354.03,27481.58,135872.45,5.0
1550,FL11549,2024-12-11,7,4.0,1,134,162,Delayed,193,,742,81970.11,19837.67,62132.44,3.6
1551,FL11550,2024-02-01,1,2.0,4,513,206,On Time,0,,716,133880.62,19097.83,114782.79,4.7
1552,FL11551,2026-05-06,10,2.0,3,240,121,Delayed,65,,50,27434.54,12143.97,15290.57,2.6
1553,FL11552,2025-09-11,5,3.0,1,643,171,On Time,0,,50,20111.8,11923.66,8188.15,2.9
1554,FL11553,2025-03-26,4,4.0,1,614,273,On Time,0,,698,159876.04,25619.62,134256.42,3.76
1555,FL11554,2024-06-24,1,2.0,5,527,229,On Time,0,,727,156730.17,26939.04,129791.13,4.4
1556,FL11555,2024-02-01,14,4.0,5,195,317,On Time,0,,413,141248.84,30431.37,110817.47,4.05
1557,FL11556,2024-08-04,13,4.0,4,223,268,Cancelled,0,Weather,809,0.0,29909.38,-29909.38,3.75
1558,FL11557,2024-03-14,13,1.0,6,84,172,Cancelled,0,Operational,833,0.0,19160.78,-19160.78,3.36
1559,FL11558,2024-06-09,1,5.0,1,59,266,On Time,0,,722,143316.96,23127.75,120189.22,3.32
1560,FL11559,2026-05-22,6,1.0,5,301,289,On Time,0,,94,77007.71,23878.07,53129.64,4.3
1561,FL11560,2025-10-16,15,4.0,5,214,235,On Time,0,,334,109473.66,16945.65,92528.01,4.11
1562,FL11561,2024-03-15,9,3.0,2,221,265,On Time,0,,938,185340.08,22251.49,163088.58,4.83
1563,FL11562,2026-01-27,2,4.0,4,470,205,Delayed,172,,1389,211205.36,27371.94,183833.41,2.7
1564,FL11563,2026-01-30,3,4.0,5,644,299,Delayed,27,,77,87779.16,31158.26,56620.9,2.87
1565,FL11564,2024-06-25,4,4.0,4,11,144,On Time,0,,704,88550.17,18542.17,70008.0,4.26
1566,FL11565,2026-08-03,15,4.0,2,252,187,Delayed,237,,320,70408.03,16343.56,54064.47,4.22
1567,FL11566,2024-04-30,3,5.0,4,155,148,Delayed,240,,103,32582.53,18527.14,14055.39,3.17
1568,FL11567,2026-03-12,14,4.0,5,367,113,On Time,0,,397,54177.83,12044.85,42132.98,4.39
1569,FL11568,2024-10-22,11,5.0,1,122,231,On Time,0,,70,33248.13,17958.47,15289.66,4.02
1570,FL11569,2025-01-23,14,3.0,4,628,117,On Time,0,,391,51642.37,10020.15,41622.22,3.97
1571,FL11570,2025-02-26,13,2.0,4,404,142,Delayed,59,,803,103147.44,16853.46,86293.99,4.05
1572,FL11571,2024-08-10,5,2.0,3,580,265,Cancelled,0,Crew,80,0.0,17680.56,-17680.56,3.07
1573,FL11572,2026-03-23,13,4.0,1,412,145,On Time,0,,765,88069.68,18837.21,69232.47,3.71
1574,FL11573,2024-06-03,3,3.0,1,587,288,On Time,0,,95,33293.28,22514.32,10778.96,3.67
1575,FL11574,2025-08-11,5,1.0,5,224,101,On Time,0,,58,26562.28,6894.84,19667.43,3.8
1576,FL11575,2024-12-18,4,2.0,5,515,195,On Time,0,,699,120964.51,19412.09,101552.42,3.55
1577,FL11576,2026-07-17,2,5.0,3,241,105,On Time,0,,1358,104829.56,20315.94,84513.63,3.85
1578,FL11577,2025-04-14,2,4.0,6,236,103,Delayed,59,,1391,112760.55,27009.01,85751.54,3.34
1579,FL11578,2026-04-25,3,4.0,6,264,271,On Time,0,,95,106100.43,16871.58,89228.86,4.19
1580,FL11579,2025-03-31,2,1.0,4,504,105,On Time,0,,1386,110612.02,23545.3,87066.73,3.36
1581,FL11580,2025-11-07,6,1.0,4,516,295,On Time,0,,52,77848.29,27003.96,50844.33,3.73
1582,FL11581,2025-08-15,2,2.0,6,390,227,On Time,0,,1360,244305.88,31958.82,212347.06,3.76
1583,FL11582,2024-12-19,1,5.0,4,168,200,Delayed,214,,691,132685.54,20943.39,111742.15,2.8
1584,FL11583,2026-01-28,15,3.0,6,236,301,On Time,0,,340,161437.71,27612.14,133825.57,3.62
1585,FL11584,2024-11-10,2,4.0,6,351,179,On Time,0,,1342,205034.98,29322.81,175712.17,4.59
1586,FL11585,2024-06-08,2,3.0,2,346,181,Delayed,85,,1332,168163.4,27428.34,140735.06,4.19
1587,FL11586,2025-10-07,1,3.0,4,303,184,On Time,0,,691,114315.53,15962.29,98353.24,3.8
1588,FL11587,2024-11-13,2,4.0,5,562,239,On Time,0,,1377,259027.52,27028.32,231999.2,3.54
1589,FL11588,2025-11-15,8,5.0,5,12,284,On Time,0,,764,198743.0,23142.3,175600.7,3.95
1590,FL11589,2025-12-12,13,3.0,3,43,214,On Time,0,,798,159677.1,20735.85,138941.26,4.05
1591,FL11590,2025-11-24,12,3.0,6,140,154,On Time,0,,83,48863.48,12908.39,35955.09,4.45
1592,FL11591,2026-05-04,9,5.0,3,585,294,Delayed,89,,910,220421.41,30073.28,190348.14,3.04
1593,FL11592,2026-01-15,2,2.0,3,110,227,On Time,0,,1383,224501.19,28360.33,196140.86,3.65
1594,FL11593,2026-03-14,12,5.0,1,462,281,On Time,0,,109,47006.78,22698.92,24307.87,5.0
1595,FL11594,2026-06-27,1,3.0,2,624,189,Delayed,215,,703,116406.47,25385.69,91020.78,2.46
1596,FL11595,2026-07-17,10,5.0,6,213,135,On Time,0,,62,42709.94,8062.71,34647.23,4.59
1597,FL11596,2024-02-11,7,3.0,5,556,307,On Time,0,,734,210627.95,26039.72,184588.23,4.97
1598,FL11597,2026-02-03,14,4.0,5,262,245,On Time,0,,371,108574.97,17806.27,90768.7,3.84
1599,FL11598,2026-04-09,5,2.0,6,320,160,On Time,0,,93,57297.48,14270.95,43026.53,4.29
1600,FL11599,2026-07-20,10,4.0,2,281,284,On Time,0,,59,47519.08,18977.0,28542.08,2.91
1601,FL11600,2024-07-16,7,2.0,4,193,92,On Time,0,,745,60003.84,11189.58,48814.26,4.02
1602,FL11601,2026-06-15,8,4.0,3,282,303,On Time,0,,771,172145.57,23630.16,148515.41,4.75
1603,FL11602,2026-08-07,15,4.0,6,101,223,On Time,0,,341,105824.07,19991.77,85832.3,4.08
1604,FL11603,2025-09-19,11,3.0,3,14,225,On Time,0,,89,44271.3,17678.18,26593.12,4.02
1605,FL11604,2025-01-06,7,3.0,6,202,93,On Time,0,,741,61830.11,13832.7,47997.41,5.0
1606,FL11605,2025-11-07,7,2.0,5,118,130,On Time,0,,745,94690.23,16265.59,78424.64,4.53
1607,FL11606,2024-04-30,11,4.0,5,266,255,On Time,0,,84,66826.96,14807.7,52019.26,4.46
1608,FL11607,2024-10-22,6,3.0,6,284,218,Delayed,135,,85,83896.19,20572.97,63323.22,2.77
1609,FL11608,2025-06-13,3,3.0,5,379,119,On Time,0,,117,41492.97,8546.17,32946.8,2.41
1610,FL11609,2026-05-10,8,1.0,2,60,243,On Time,0,,787,143322.22,23659.29,119662.93,4.24
1611,FL11610,2025-03-08,2,1.0,4,467,261,On Time,0,,1372,285253.68,38007.67,247246.01,4.0
1612,FL11611,2025-10-31,3,1.0,3,92,152,On Time,0,,101,43402.68,12071.92,31330.77,4.5
1613,FL11612,2025-06-24,7,5.0,1,151,248,On Time,0,,755,132477.57,22916.04,109561.54,4.08
1614,FL11613,2026-05-08,12,5.0,4,604,313,Delayed,125,,88,71373.98,32140.94,39233.04,3.33
1615,FL11614,2026-04-23,12,1.0,3,553,200,On Time,0,,107,30747.52,13529.09,17218.43,4.02
1616,FL11615,2024-07-21,4,1.0,3,368,142,On Time,0,,741,86735.79,14685.94,72049.85,3.28
1617,FL11616,2025-03-24,7,4.0,1,156,311,Delayed,194,,745,161621.6,26310.85,135310.75,2.1
1618,FL11617,2024-12-19,3,3.0,4,588,299,On Time,0,,72,83284.13,17535.8,65748.34,3.42
1619,FL11618,2025-09-26,12,2.0,4,644,195,Delayed,134,,91,47638.54,17996.71,29641.83,2.58
1620,FL11619,2024-03-22,4,4.0,1,423,187,Delayed,191,,708,93539.16,23827.37,69711.79,3.27
1621,FL11620,2024-08-18,12,2.0,4,168,281,On Time,0,,83,68710.91,25865.82,42845.08,2.94
1622,FL11621,2026-06-12,13,1.0,2,232,90,On Time,0,,773,51930.58,15421.39,36509.18,3.69
1623,FL11622,2026-02-02,11,2.0,1,9,161,On Time,0,,50,19502.19,14469.35,5032.85,5.0
1624,FL11623,2026-02-15,5,5.0,3,528,214,Delayed,180,,62,39593.97,17960.89,21633.08,3.25
1625,FL11624,2025-09-12,15,4.0,3,626,240,On Time,0,,364,89641.09,18105.07,71536.02,4.03
1626,FL11625,2025-12-31,11,1.0,6,376,234,Delayed,137,,56,74751.07,18092.15,56658.93,3.31
1627,FL11626,2025-04-03,10,3.0,1,354,175,On Time,0,,78,17475.3,13072.71,4402.6,4.14
1628,FL11627,2025-02-23,13,5.0,3,343,289,On Time,0,,787,201152.14,27103.11,174049.03,3.66
1629,FL11628,2025-02-12,14,5.0,5,182,239,On Time,0,,384,113564.46,17329.31,96235.14,3.89
1630,FL11629,2024-01-11,2,4.0,2,60,214,On Time,0,,1376,219903.27,30112.21,189791.06,3.65
1631,FL11630,2024-11-01,14,1.0,6,197,305,On Time,0,,361,159877.3,22023.47,137853.84,3.03
1632,FL11631,2026-07-17,12,2.0,5,134,111,Delayed,213,,130,33476.89,14743.99,18732.91,4.06
1633,FL11632,2026-01-09,4,2.0,6,504,253,On Time,0,,706,173384.89,20632.39,152752.5,3.43
1634,FL11633,2025-01-03,5,1.0,6,27,303,Delayed,121,,87,102207.77,24548.22,77659.55,4.34
1635,FL11634,2024-05-21,12,1.0,1,562,242,Cancelled,0,Weather,91,0.0,19820.94,-19820.94,2.5
1636,FL11635,2024-08-25,4,2.0,3,56,220,On Time,0,,705,138060.19,20751.89,117308.3,3.12
1637,FL11636,2025-08-07,7,3.0,5,340,173,On Time,0,,757,129734.98,17201.97,112533.01,5.0
1638,FL11637,2026-03-29,11,2.0,1,580,152,On Time,0,,65,17534.74,11988.71,5546.03,3.04
1639,FL11638,2024-11-19,10,3.0,3,179,215,On Time,0,,50,49196.56,16729.98,32466.59,2.53
1640,FL11639,2024-07-16,14,2.0,5,515,296,Cancelled,0,Crew,373,0.0,23150.49,-23150.49,2.06
1641,FL11640,2025-01-23,2,1.0,5,63,196,Delayed,99,,1358,214822.65,27936.3,186886.35,3.21
1642,FL11641,2024-06-13,5,5.0,3,145,117,Delayed,168,,71,22889.65,8798.59,14091.06,2.43
1643,FL11642,2025-03-12,15,3.0,6,591,201,On Time,0,,329,93373.78,15765.48,77608.31,3.63
1644,FL11643,2025-03-27,9,2.0,5,158,112,On Time,0,,935,89691.18,17365.3,72325.88,2.68
1645,FL11644,2024-10-22,4,5.0,1,430,305,On Time,0,,709,154442.82,25550.74,128892.08,4.71
1646,FL11645,2025-03-15,5,5.0,2,319,213,Delayed,69,,57,31182.27,17769.66,13412.62,3.57
1647,FL11646,2025-07-19,6,5.0,6,115,139,On Time,0,,59,43763.12,11456.68,32306.44,3.18
1648,FL11647,2026-04-27,9,1.0,1,215,233,On Time,0,,964,152551.24,27678.83,124872.42,2.49
1649,FL11648,2026-01-07,5,4.0,1,390,213,On Time,0,,77,33238.12,12738.54,20499.58,3.41
1650,FL11649,2026-08-12,10,5.0,3,361,207,On Time,0,,50,43334.08,15947.43,27386.65,4.42
1651,FL11650,2025-07-02,7,5.0,6,539,226,On Time,0,,711,166035.26,23970.01,142065.25,4.7
1652,FL11651,2024-09-05,10,2.0,5,141,303,On Time,0,,50,81136.7,19085.96,62050.73,3.85
1653,FL11652,2024-03-09,3,5.0,1,309,286,Delayed,75,,96,46213.72,18737.14,27476.58,2.97
1654,FL11653,2024-07-11,10,3.0,3,265,150,Delayed,107,,84,29804.06,17579.38,12224.67,2.92
1655,FL11654,2024-12-11,14,3.0,6,115,145,On Time,0,,421,78739.93,13522.89,65217.04,4.2
1656,FL11655,2025-03-24,3,3.0,2,596,317,Delayed,136,,111,56645.17,20703.17,35942.0,3.87
1657,FL11656,2025-07-05,5,4.0,4,191,238,On Time,0,,105,61628.52,18329.56,43298.96,3.91
1658,FL11657,2025-02-27,11,1.0,3,299,94,Delayed,233,,70,15517.24,8201.36,7315.88,3.06
1659,FL11658,2024-11-10,10,3.0,5,422,211,On Time,0,,83,63779.52,12579.21,51200.31,4.51
1660,FL11659,2026-02-27,11,5.0,5,569,117,On Time,0,,55,30563.43,8034.18,22529.25,4.97
1661,FL11660,2025-08-04,9,3.0,5,108,96,On Time,0,,914,75774.77,14650.3,61124.47,3.81
1662,FL11661,2024-04-02,11,2.0,1,346,132,On Time,0,,60,13324.35,10294.36,3029.99,4.06
1663,FL11662,2025-05-19,10,1.0,3,40,148,On Time,0,,58,24378.97,10505.09,13873.87,3.51
1664,FL11663,2024-06-02,2,3.0,5,278,108,Delayed,203,,1418,114820.04,20349.93,94470.11,3.35
1665,FL11664,2026-01-25,12,4.0,3,634,282,Delayed,54,,96,79418.81,25330.22,54088.59,2.7
1666,FL11665,2024-07-14,7,3.0,5,332,190,On Time,0,,718,127534.4,23179.62,104354.78,4.92
1667,FL11666,2025-05-17,1,5.0,4,632,216,On Time,0,,723,121004.07,22429.65,98574.42,4.58
1668,FL11667,2024-03-20,7,4.0,3,482,289,Delayed,231,,723,183960.44,27185.91,156774.53,4.43
1669,FL11668,2026-06-20,7,3.0,1,188,282,On Time,0,,741,145159.79,24227.24,120932.55,3.64
1670,FL11669,2024-03-03,2,1.0,6,650,278,On Time,0,,1384,317898.08,36849.64,281048.44,5.0
1671,FL11670,2025-09-01,15,3.0,5,461,135,On Time,0,,313,57950.41,10915.2,47035.21,4.16
1672,FL11671,2025-05-08,4,1.0,6,20,261,On Time,0,,726,180849.44,22334.16,158515.27,3.91
1673,FL11672,2024-02-27,5,4.0,2,513,319,On Time,0,,89,69448.18,25673.2,43774.97,4.82
1674,FL11673,2026-05-02,7,1.0,2,337,91,On Time,0,,745,55543.72,14593.73,40949.99,3.34
1675,FL11674,2025-01-27,13,5.0,2,634,289,On Time,0,,828,167295.4,32609.54,134685.86,4.02
1676,FL11675,2026-02-26,12,2.0,1,437,289,On Time,0,,89,34882.57,20634.64,14247.93,3.9
1677,FL11676,2025-03-17,12,3.0,2,83,283,Delayed,34,,112,37285.66,27763.94,9521.72,3.57
1678,FL11677,2024-07-03,4,1.0,2,264,181,On Time,0,,701,118303.9,16527.09,101776.81,3.71
1679,FL11678,2024-10-01,13,2.0,6,499,135,On Time,0,,780,98861.21,18945.76,79915.45,3.65
1680,FL11679,2024-05-17,13,5.0,2,372,258,Delayed,207,,781,171168.41,23864.25,147304.16,3.05
1681,FL11680,2025-01-26,7,2.0,4,23,233,Delayed,127,,779,149148.05,28292.29,120855.76,3.11
1682,FL11681,2025-08-09,9,3.0,4,35,257,On Time,0,,966,192352.95,30776.78,161576.17,4.05
1683,FL11682,2025-06-08,1,5.0,3,184,148,On Time,0,,721,89285.38,17291.34,71994.05,4.84
1684,FL11683,2024-11-11,12,4.0,6,183,130,On Time,0,,84,41956.43,10669.17,31287.26,2.6
1685,FL11684,2024-12-05,15,1.0,1,368,297,On Time,0,,346,98623.49,20888.52,77734.97,4.5
1686,FL11685,2025-04-29,8,2.0,6,246,208,Delayed,125,,773,162968.71,25734.15,137234.56,2.99
1687,FL11686,2024-10-02,9,2.0,5,185,285,Delayed,191,,979,228169.59,27379.33,200790.26,3.18
1688,FL11687,2025-11-17,8,2.0,2,265,303,Delayed,159,,805,171074.28,32561.42,138512.87,2.59
1689,FL11688,2024-11-06,2,2.0,5,122,195,Delayed,54,,1384,202429.36,23597.66,178831.7,3.33
1690,FL11689,2026-05-10,10,3.0,3,444,150,On Time,0,,77,19119.6,9996.6,9123.0,3.75
1691,FL11690,2024-08-25,11,2.0,6,30,296,Cancelled,0,Crew,65,0.0,19201.6,-19201.6,2.85
1692,FL11691,2024-06-27,14,2.0,1,587,254,Delayed,191,,401,86445.59,27198.84,59246.75,3.68
1693,FL11692,2026-06-24,14,3.0,1,498,243,On Time,0,,422,73082.5,19629.51,53452.99,4.41
1694,FL11693,2024-03-07,8,2.0,4,40,310,On Time,0,,790,198639.39,31298.24,167341.15,4.92
1695,FL11694,2024-01-13,15,2.0,6,425,146,On Time,0,,315,69851.81,11872.3,57979.51,3.62
1696,FL11695,2024-08-06,8,3.0,1,293,172,On Time,0,,806,95955.63,18233.43,77722.2,4.44
1697,FL11696,2024-06-14,10,5.0,5,381,98,On Time,0,,50,26449.95,7440.87,19009.08,4.41
1698,FL11697,2025-06-14,10,3.0,6,259,179,On Time,0,,60,53609.99,11405.33,42204.65,4.06
1699,FL11698,2026-04-05,15,3.0,3,194,192,On Time,0,,322,73479.47,17866.59,55612.87,5.0
1700,FL11699,2024-03-27,12,5.0,6,628,194,On Time,0,,50,60991.71,14299.49,46692.22,3.59
1701,FL11700,2025-05-10,2,4.0,5,119,124,On Time,0,,1369,131798.85,25129.83,106669.02,4.1
1702,FL11701,2024-11-09,2,2.0,2,459,276,On Time,0,,1409,250921.82,32401.95,218519.88,4.2
1703,FL11702,2026-01-15,7,2.0,6,329,202,Delayed,206,,744,146851.65,24031.6,122820.05,2.52
1704,FL11703,2024-10-19,8,3.0,5,621,191,Cancelled,0,Technical,840,0.0,23154.51,-23154.51,3.82
1705,FL11704,2024-10-16,11,3.0,1,310,288,On Time,0,,63,38759.19,25144.68,13614.51,3.93
1706,FL11705,2024-04-15,8,1.0,4,328,201,On Time,0,,785,151134.75,22908.12,128226.63,4.28
1707,FL11706,2024-01-02,8,1.0,4,575,295,Delayed,197,,779,203755.69,28838.28,174917.41,4.33
1708,FL11707,2026-07-27,14,2.0,5,409,141,On Time,0,,393,67013.54,12731.03,54282.5,4.14
1709,FL11708,2025-02-13,6,5.0,5,293,285,Cancelled,0,Weather,78,0.0,21995.8,-21995.8,3.03
1710,FL11709,2026-03-29,8,4.0,3,556,317,Delayed,100,,811,229492.22,30746.57,198745.65,3.34
1711,FL11710,2026-07-19,9,5.0,2,549,262,On Time,0,,928,189974.97,23023.41,166951.56,3.35
1712,FL11711,2025-07-21,8,1.0,2,24,295,On Time,0,,781,158467.53,30298.88,128168.66,3.75
1713,FL11712,2025-06-09,15,3.0,1,151,260,On Time,0,,344,82971.73,18314.59,64657.15,3.9
1714,FL11713,2026-04-27,15,3.0,4,602,228,On Time,0,,357,86235.7,22307.79,63927.91,4.06
1715,FL11714,2025-12-11,8,3.0,6,595,265,On Time,0,,737,182244.04,22882.26,159361.78,4.9
1716,FL11715,2024-09-30,7,3.0,1,310,310,Delayed,236,,710,190081.04,38579.42,151501.62,3.9
1717,FL11716,2026-08-06,9,2.0,5,240,229,On Time,0,,946,199940.04,23717.54,176222.51,3.62
1718,FL11717,2026-03-20,3,1.0,4,625,248,On Time,0,,119,57658.46,22886.44,34772.02,3.98
1719,FL11718,2024-01-20,7,5.0,2,27,108,On Time,0,,728,60188.17,16173.0,44015.17,4.91
1720,FL11719,2025-10-12,4,5.0,2,7,310,On Time,0,,709,176112.81,25994.58,150118.23,2.88
1721,FL11720,2024-02-06,3,1.0,2,414,268,On Time,0,,136,43735.92,17457.64,26278.29,3.85
1722,FL11721,2024-08-11,2,3.0,5,62,127,On Time,0,,1366,136559.6,17562.54,118997.06,3.15
1723,FL11722,2025-08-29,9,3.0,2,129,156,On Time,0,,941,107841.03,22920.84,84920.19,5.0
1724,FL11723,2025-10-07,1,4.0,5,49,141,Delayed,130,,713,92850.04,16143.6,76706.44,3.8
1725,FL11724,2024-07-31,10,5.0,3,607,163,On Time,0,,64,25786.2,13377.67,12408.54,3.68
1726,FL11725,2025-05-05,7,3.0,1,37,293,On Time,0,,743,170728.59,32314.93,138413.66,3.98
1727,FL11726,2024-04-05,6,4.0,1,595,196,Delayed,140,,67,36383.99,18118.21,18265.79,2.77
1728,FL11727,2025-04-21,12,5.0,3,87,186,Delayed,200,,91,41974.22,20243.7,21730.52,4.59
1729,FL11728,2024-09-03,9,5.0,3,583,269,Delayed,78,,925,201745.03,36037.04,165707.99,1.81
1730,FL11729,2026-06-09,12,2.0,5,217,175,On Time,0,,109,56209.21,15026.26,41182.95,4.21
1731,FL11730,2026-01-31,11,5.0,3,277,293,Delayed,233,,50,61783.9,19898.3,41885.59,3.25
1732,FL11731,2025-01-07,1,3.0,1,88,263,On Time,0,,687,155974.71,24396.92,131577.8,3.33
1733,FL11732,2025-02-09,4,1.0,2,183,149,On Time,0,,671,76947.67,16839.46,60108.21,3.84
1734,FL11733,2026-05-29,9,4.0,4,95,234,Delayed,60,,939,191033.61,27024.73,164008.89,2.25
1735,FL11734,2026-04-11,15,5.0,3,137,201,On Time,0,,332,74370.59,17327.99,57042.6,5.0
1736,FL11735,2026-03-04,3,2.0,5,293,169,Delayed,213,,74,43928.6,16728.24,27200.36,3.32
1737,FL11736,2025-06-06,2,3.0,6,317,298,On Time,0,,1361,355707.14,34856.04,320851.1,4.59
1738,FL11737,2025-02-08,15,2.0,3,408,181,On Time,0,,335,82804.24,14455.54,68348.7,3.69
1739,FL11738,2025-08-10,15,1.0,4,597,116,On Time,0,,300,46600.05,9539.48,37060.57,4.87
1740,FL11739,2026-01-12,3,5.0,5,30,183,Delayed,205,,81,57597.49,17421.75,40175.74,3.32
1741,FL11740,2024-04-08,7,1.0,2,178,208,Delayed,170,,774,119029.76,22521.14,96508.63,4.0
1742,FL11741,2024-04-19,10,3.0,4,374,119,On Time,0,,50,27547.27,7698.73,19848.54,4.37
1743,FL11742,2025-02-27,3,1.0,2,306,260,On Time,0,,110,40179.76,20062.73,20117.02,3.98
1744,FL11743,2025-04-25,5,4.0,4,379,142,On Time,0,,56,28540.7,10456.07,18084.63,4.65
1745,FL11744,2024-06-25,6,5.0,5,191,111,On Time,0,,75,38633.02,8042.4,30590.63,5.0
1746,FL11745,2024-02-29,10,4.0,1,209,213,Delayed,224,,50,28966.54,19835.0,9131.53,2.56
1747,FL11746,2025-04-26,5,4.0,2,463,127,On Time,0,,50,22551.45,9860.97,12690.48,3.92
1748,FL11747,2024-07-07,7,5.0,1,123,269,On Time,0,,729,141327.72,21677.4,119650.33,3.16
1749,FL11748,2024-05-21,5,5.0,1,55,105,On Time,0,,75,15482.14,7747.53,7734.61,4.27
1750,FL11749,2024-12-08,12,5.0,1,412,186,On Time,0,,110,19816.85,15487.26,4329.59,4.15
1751,FL11750,2026-05-24,3,2.0,5,369,101,Delayed,78,,99,27481.51,8296.47,19185.04,4.56
1752,FL11751,2024-03-29,4,3.0,6,508,178,On Time,0,,680,117570.4,22421.24,95149.17,3.83
1753,FL11752,2025-03-18,4,5.0,3,427,304,On Time,0,,714,195396.29,25277.16,170119.13,4.62
1754,FL11753,2026-05-04,14,2.0,6,185,239,Cancelled,0,Weather,377,0.0,21251.74,-21251.74,1.65
1755,FL11754,2024-01-04,15,4.0,5,309,213,On Time,0,,319,85780.95,19988.99,65791.96,4.1
1756,FL11755,2026-04-18,8,1.0,5,332,126,Delayed,153,,761,81690.13,18194.62,63495.51,2.73
1757,FL11756,2026-01-21,3,5.0,5,66,161,On Time,0,,88,43151.96,9688.47,33463.48,4.38
1758,FL11757,2024-01-05,12,4.0,2,65,177,On Time,0,,90,31522.24,13453.51,18068.73,4.75
1759,FL11758,2025-02-01,8,4.0,4,630,223,Delayed,54,,786,160386.58,29378.07,131008.51,2.91
1760,FL11759,2024-04-05,13,5.0,4,509,137,On Time,0,,766,93808.02,17047.97,76760.05,4.35
1761,FL11760,2025-01-01,6,2.0,4,535,319,On Time,0,,62,74687.3,19203.41,55483.88,3.77
1762,FL11761,2026-06-19,15,3.0,5,431,239,On Time,0,,316,108624.73,16628.54,91996.19,4.03
1763,FL11762,2026-03-12,13,5.0,1,554,161,On Time,0,,801,92091.74,19955.89,72135.85,4.27
1764,FL11763,2024-01-03,4,1.0,5,279,115,Delayed,217,,701,86462.38,18177.11,68285.27,2.65
1765,FL11764,2026-02-26,11,5.0,5,106,226,On Time,0,,50,58785.96,19413.38,39372.58,3.35
1766,FL11765,2026-07-05,5,2.0,1,394,192,On Time,0,,76,29813.74,17405.89,12407.85,4.56
1767,FL11766,2025-09-07,6,3.0,3,35,244,On Time,0,,70,59151.93,21845.92,37306.01,3.56
1768,FL11767,2025-07-02,4,3.0,6,621,227,On Time,0,,711,154543.87,23034.44,131509.43,4.83
1769,FL11768,2025-09-27,11,4.0,1,397,237,Delayed,59,,54,34741.36,22108.87,12632.5,2.15
1770,FL11769,2025-06-15,4,5.0,1,366,281,On Time,0,,707,143301.68,25401.02,117900.67,4.61
1771,FL11770,2024-08-17,10,2.0,5,460,210,Delayed,49,,78,60257.55,13677.55,46580.0,3.31
1772,FL11771,2024-02-03,9,1.0,2,278,256,On Time,0,,947,184264.28,28264.95,155999.33,3.94
1773,FL11772,2024-02-16,12,3.0,5,414,172,On Time,0,,138,50613.6,11198.24,39415.36,4.1
1774,FL11773,2024-12-13,15,4.0,6,295,306,On Time,0,,342,134197.91,19862.94,114334.97,3.06
1775,FL11774,2025-12-09,1,4.0,3,145,183,On Time,0,,739,122199.04,21722.69,100476.35,4.73
1776,FL11775,2026-03-12,15,4.0,3,119,246,Delayed,178,,382,97052.9,25413.6,71639.3,3.02
1777,FL11776,2024-08-01,2,2.0,3,94,319,On Time,0,,1333,304452.86,38804.79,265648.08,3.46
1778,FL11777,2024-11-05,8,5.0,3,592,170,On Time,0,,804,107998.8,19652.99,88345.81,5.0
1779,FL11778,2024-01-11,6,1.0,3,237,113,Delayed,60,,81,17918.54,10945.76,6972.78,3.07
1780,FL11779,2026-05-17,10,1.0,4,359,143,On Time,0,,66,38470.27,10220.58,28249.69,3.44
1781,FL11780,2024-06-02,11,1.0,6,127,146,On Time,0,,53,45995.49,8721.87,37273.62,4.53
1782,FL11781,2025-05-08,13,5.0,6,257,103,Delayed,209,,775,78552.2,16995.37,61556.83,3.47
1783,FL11782,2024-02-26,7,1.0,6,311,215,On Time,0,,717,150342.44,24117.57,126224.87,4.66
1784,FL11783,2026-03-14,14,4.0,1,609,153,Delayed,90,,436,50444.9,15333.3,35111.61,3.35
1785,FL11784,2026-04-24,5,5.0,2,585,112,Delayed,24,,76,22775.36,10823.03,11952.33,3.92
1786,FL11785,2026-01-20,4,4.0,5,359,121,On Time,0,,668,85238.95,14859.08,70379.87,5.0
1787,FL11786,2024-06-20,6,5.0,4,203,152,On Time,0,,50,42274.96,13715.18,28559.78,3.51
1788,FL11787,2025-03-20,8,1.0,3,96,174,On Time,0,,740,103647.3,16132.28,87515.03,3.7
1789,FL11788,2026-06-30,11,3.0,2,619,314,Delayed,144,,90,53155.78,30462.68,22693.1,2.26
1790,FL11789,2026-03-10,13,3.0,1,451,251,On Time,0,,794,149687.86,30349.95,119337.91,4.25
1791,FL11790,2024-05-28,4,4.0,2,222,254,Delayed,29,,705,136342.85,24808.94,111533.9,3.38
1792,FL11791,2026-04-06,5,4.0,3,629,249,On Time,0,,66,38030.88,21667.21,16363.67,4.82
1793,FL11792,2025-04-07,15,3.0,3,446,274,On Time,0,,351,90137.21,24425.07,65712.15,3.98
1794,FL11793,2026-07-10,7,2.0,4,538,163,On Time,0,,730,115932.47,14779.22,101153.24,3.95
1795,FL11794,2025-02-07,4,1.0,2,173,112,On Time,0,,701,58329.47,14665.7,43663.77,4.13
1796,FL11795,2024-03-13,15,3.0,2,248,206,On Time,0,,337,70176.91,19539.47,50637.44,3.85
1797,FL11796,2025-04-13,7,2.0,6,264,90,On Time,0,,715,65095.04,12736.15,52358.89,4.24
1798,FL11797,2026-02-13,15,3.0,3,526,139,Delayed,55,,317,51237.85,14513.12,36724.73,3.45
1799,FL11798,2026-03-07,14,4.0,2,556,263,On Time,0,,386,95877.93,17946.27,77931.65,4.35
1800,FL11799,2025-09-30,14,3.0,4,313,205,On Time,0,,398,97040.81,16955.87,80084.94,3.85
1801,FL11800,2026-04-13,9,3.0,4,392,248,On Time,0,,973,195299.12,32537.59,162761.53,4.36
1802,FL11801,2025-11-01,12,1.0,4,264,207,Delayed,159,,99,50151.36,23820.31,26331.05,3.7
1803,FL11802,2025-07-08,15,4.0,2,258,214,On Time,0,,330,72930.57,20260.96,52669.6,3.79
1804,FL11803,2026-06-06,5,3.0,5,362,159,On Time,0,,73,37537.67,11227.04,26310.62,3.95
1805,FL11804,2024-09-16,1,1.0,2,587,140,On Time,0,,700,81785.63,16054.84,65730.79,3.89
1806,FL11805,2024-02-07,5,2.0,6,50,149,On Time,0,,66,43502.96,8728.23,34774.73,3.2
1807,FL11806,2026-06-16,10,4.0,3,184,273,On Time,0,,91,50650.24,18637.49,32012.75,3.68
1808,FL11807,2025-12-24,9,5.0,3,172,315,On Time,0,,941,242300.1,35225.25,207074.85,4.49
1809,FL11808,2026-01-13,2,3.0,3,381,108,On Time,0,,1371,107540.35,22052.88,85487.47,4.55
1810,FL11809,2024-12-25,9,5.0,3,377,213,On Time,0,,932,157399.42,24834.52,132564.9,4.22
1811,FL11810,2025-05-07,3,1.0,4,589,198,Cancelled,0,Weather,122,0.0,12123.89,-12123.89,2.34
1812,FL11811,2025-07-31,8,2.0,3,77,219,On Time,0,,762,134890.52,25554.71,109335.81,4.64
1813,FL11812,2025-09-10,9,5.0,1,463,143,On Time,0,,944,99913.17,19309.61,80603.56,5.0
1814,FL11813,2024-08-13,10,1.0,4,267,91,Delayed,153,,80,25078.08,8394.43,16683.65,3.69
1815,FL11814,2025-01-05,7,4.0,2,44,136,On Time,0,,721,85624.43,14839.02,70785.41,4.0
1816,FL11815,2024-10-05,7,2.0,1,538,131,On Time,0,,755,82520.59,15857.17,66663.42,3.44
1817,FL11816,2025-03-04,11,2.0,6,4,102,On Time,0,,50,29919.16,8110.5,21808.66,3.99
1818,FL11817,2025-08-13,12,3.0,2,581,172,On Time,0,,74,28173.13,13954.1,14219.02,3.68
1819,FL11818,2024-08-29,13,2.0,4,176,247,On Time,0,,791,178112.33,26288.27,151824.06,3.87
1820,FL11819,2024-12-19,6,5.0,2,119,312,On Time,0,,119,65959.43,18376.0,47583.44,4.84
1821,FL11820,2024-12-13,7,5.0,3,199,241,Delayed,187,,741,143653.9,30587.84,113066.06,3.87
1822,FL11821,2024-10-12,5,3.0,3,615,130,Delayed,72,,70,29609.86,13563.94,16045.92,3.08
1823,FL11822,2026-02-16,8,3.0,1,524,173,On Time,0,,804,116835.07,23464.4,93370.68,4.06
1824,FL11823,2024-02-04,2,1.0,6,304,159,On Time,0,,1344,177867.46,23732.6,154134.85,4.0
1825,FL11824,2025-07-23,7,2.0,2,222,138,On Time,0,,677,85708.0,19859.13,65848.87,3.72
1826,FL11825,2024-05-26,3,1.0,4,99,317,On Time,0,,131,101237.38,26208.48,75028.89,3.13
1827,FL11826,2025-04-14,8,5.0,4,346,240,On Time,0,,793,185431.47,23057.2,162374.27,4.54
1828,FL11827,2025-08-06,13,2.0,3,488,200,On Time,0,,784,133219.9,18418.55,114801.35,4.77
1829,FL11828,2025-03-25,15,2.0,4,70,190,On Time,0,,333,86042.67,14534.95,71507.72,3.61
1830,FL11829,2025-01-23,7,5.0,4,56,163,Delayed,53,,759,102877.89,22486.95,80390.95,2.88
1831,FL11830,2025-07-27,1,4.0,1,502,185,On Time,0,,701,98678.23,17806.52,80871.71,4.59
1832,FL11831,2024-01-29,4,4.0,5,476,235,On Time,0,,698,153190.43,23545.12,129645.31,3.57
1833,FL11832,2026-05-19,2,1.0,1,281,303,On Time,0,,1407,264825.96,39302.08,225523.88,3.1
1834,FL11833,2024-12-01,12,3.0,3,454,204,On Time,0,,71,35306.04,17558.31,17747.73,3.71
1835,FL11834,2024-02-12,15,3.0,3,332,132,On Time,0,,342,51354.75,12080.42,39274.33,4.88
1836,FL11835,2024-12-15,9,2.0,3,415,310,On Time,0,,921,237766.62,35452.92,202313.71,3.66
1837,FL11836,2024-12-05,3,4.0,1,127,162,On Time,0,,128,19880.32,11340.87,8539.45,3.58
1838,FL11837,2024-08-07,1,5.0,5,539,109,Delayed,47,,709,79246.65,20900.8,58345.86,2.99
1839,FL11838,2025-08-09,15,2.0,3,518,215,Delayed,94,,318,72057.39,18907.52,53149.86,2.55
1840,FL11839,2024-06-08,5,2.0,1,535,271,On Time,0,,50,40597.0,17454.07,23142.93,3.14
1841,FL11840,2024-11-25,2,2.0,1,109,149,On Time,0,,1359,137894.53,24864.07,113030.45,3.83
1842,FL11841,2024-01-10,3,5.0,4,287,154,On Time,0,,100,41259.4,13339.02,27920.38,3.09
1843,FL11842,2024-08-09,4,1.0,4,191,156,On Time,0,,718,103575.99,18851.16,84724.83,3.74
1844,FL11843,2025-08-25,10,5.0,4,336,275,Cancelled,0,Weather,50,0.0,16791.21,-16791.21,3.17
1845,FL11844,2024-09-20,14,4.0,5,279,310,On Time,0,,375,156712.59,21889.11,134823.48,4.24
1846,FL11845,2026-01-05,5,3.0,5,272,284,On Time,0,,57,85513.95,22777.17,62736.78,3.91
1847,FL11846,2025-04-26,11,3.0,6,592,142,Delayed,125,,51,38518.06,10559.21,27958.85,2.52
1848,FL11847,2024-08-10,1,5.0,6,399,285,On Time,0,,693,212961.56,24442.37,188519.18,3.73
1849,FL11848,2024-09-10,1,4.0,6,626,161,On Time,0,,684,107936.8,20674.17,87262.63,4.22
1850,FL11849,2024-11-07,1,2.0,5,340,289,On Time,0,,712,193287.19,25507.79,167779.4,4.4
1851,FL11850,2025-06-01,14,1.0,3,487,318,On Time,0,,382,126708.23,22332.42,104375.81,3.82
1852,FL11851,2026-05-11,9,4.0,4,193,255,On Time,0,,945,203618.6,25305.85,178312.75,3.54
1853,FL11852,2024-08-21,13,1.0,4,307,309,Cancelled,0,Weather,799,0.0,29462.92,-29462.92,3.05
1854,FL11853,2026-07-14,1,1.0,2,276,122,On Time,0,,676,68561.21,16930.14,51631.07,3.77
1855,FL11854,2025-09-17,1,5.0,5,498,240,On Time,0,,715,175004.49,18978.37,156026.12,3.34
1856,FL11855,2025-06-26,13,3.0,4,368,101,On Time,0,,797,65363.78,13573.43,51790.35,4.2
1857,FL11856,2024-10-29,2,4.0,4,210,240,On Time,0,,1370,250779.28,26897.76,223881.52,4.01
1858,FL11857,2025-01-17,3,2.0,6,521,168,On Time,0,,94,49590.33,12618.85,36971.48,3.28
1859,FL11858,2026-01-01,8,1.0,5,516,313,Delayed,222,,775,232747.5,29343.54,203403.96,2.89
1860,FL11859,2026-08-03,10,1.0,6,88,203,On Time,0,,62,58243.64,13667.81,44575.83,3.88
1861,FL11860,2025-04-26,4,2.0,6,260,265,On Time,0,,697,186519.93,25896.79,160623.13,3.01
1862,FL11861,2024-02-25,7,1.0,5,366,159,On Time,0,,714,102934.49,15651.81,87282.68,3.53
1863,FL11862,2025-06-27,11,3.0,2,580,107,On Time,0,,98,23647.42,9841.44,13805.98,4.41
1864,FL11863,2024-10-10,7,2.0,2,610,260,On Time,0,,724,153737.39,31456.99,122280.39,3.68
1865,FL11864,2026-01-06,6,3.0,2,163,141,Delayed,176,,72,25848.37,11994.54,13853.84,2.78
1866,FL11865,2025-05-18,2,3.0,5,266,256,On Time,0,,1389,283908.39,31937.6,251970.79,4.7
1867,FL11866,2024-05-14,7,2.0,6,95,196,Delayed,203,,731,134250.34,22392.26,111858.08,3.53
1868,FL11867,2024-08-24,13,3.0,6,45,313,Delayed,107,,798,231924.93,27175.19,204749.74,3.75
1869,FL11868,2026-05-24,10,1.0,5,219,171,On Time,0,,50,48444.62,12102.66,36341.97,3.49
1870,FL11869,2026-06-03,14,2.0,5,553,182,On Time,0,,352,76272.63,19792.39,56480.25,3.82
1871,FL11870,2024-12-29,2,5.0,6,262,260,Delayed,236,,1365,274842.9,31617.69,243225.2,3.29
1872,FL11871,2025-05-18,1,5.0,5,138,270,Cancelled,0,Technical,707,0.0,26605.37,-26605.37,3.15
1873,FL11872,2024-11-19,9,3.0,1,158,118,On Time,0,,967,75675.18,15858.73,59816.45,5.0
1874,FL11873,2026-05-02,3,5.0,4,454,260,On Time,0,,112,65556.34,16556.93,48999.41,4.05
1875,FL11874,2026-03-25,9,3.0,3,358,203,On Time,0,,913,156215.63,24496.52,131719.11,4.7
1876,FL11875,2024-11-12,14,1.0,4,301,317,Delayed,189,,417,149622.67,31303.52,118319.16,4.79
1877,FL11876,2024-08-26,6,5.0,4,237,235,Delayed,52,,50,73279.9,15479.65,57800.25,4.42
1878,FL11877,2024-06-07,9,3.0,2,612,267,Delayed,129,,962,191027.32,29276.89,161750.44,3.4
1879,FL11878,2026-01-08,11,4.0,2,92,169,On Time,0,,57,30623.23,11220.32,19402.91,4.75
1880,FL11879,2026-05-27,3,4.0,1,504,155,On Time,0,,151,24537.15,13326.05,11211.1,4.08
1881,FL11880,2025-05-20,14,2.0,2,648,270,Delayed,212,,380,104479.04,27861.6,76617.44,3.27
1882,FL11881,2025-04-03,4,4.0,5,522,93,On Time,0,,694,63374.19,12595.97,50778.22,4.55
1883,FL11882,2024-12-18,13,3.0,4,351,223,Delayed,44,,796,161624.63,25375.09,136249.54,3.87
1884,FL11883,2026-01-29,10,2.0,6,391,312,On Time,0,,56,107480.03,28181.3,79298.73,4.33
1885,FL11884,2024-02-15,3,2.0,6,557,317,Delayed,114,,76,111695.81,21841.52,89854.29,3.19
1886,FL11885,2024-10-29,11,4.0,6,91,254,Delayed,192,,111,93638.64,23599.89,70038.75,2.99
1887,FL11886,2025-08-02,3,2.0,2,526,204,On Time,0,,84,39802.75,14603.08,25199.67,3.22
1888,FL11887,2024-04-14,9,1.0,3,111,276,On Time,0,,932,201437.26,23416.16,178021.09,4.11
1889,FL11888,2024-12-03,15,5.0,1,95,93,Delayed,96,,330,26813.61,14210.27,12603.35,3.45
1890,FL11889,2025-08-29,15,2.0,1,29,272,On Time,0,,336,81680.45,22194.8,59485.65,4.54
1891,FL11890,2024-11-27,14,4.0,2,67,133,Delayed,82,,378,44930.43,15348.16,29582.27,2.35
1892,FL11891,2024-09-09,8,4.0,2,410,259,On Time,0,,800,153724.82,25642.95,128081.88,4.07
1893,FL11892,2025-11-23,9,5.0,1,60,170,On Time,0,,948,109030.47,20589.16,88441.3,3.87
1894,FL11893,2026-05-28,5,4.0,6,449,262,On Time,0,,67,85893.72,15190.15,70703.56,3.96
1895,FL11894,2024-07-23,14,4.0,4,61,228,Cancelled,0,Operational,403,0.0,16611.65,-16611.65,3.81
1896,FL11895,2024-10-08,8,5.0,4,134,303,Delayed,65,,764,188795.66,38780.51,150015.14,4.13
1897,FL11896,2024-07-26,12,5.0,4,237,271,Delayed,18,,85,65387.46,26578.53,38808.92,3.96
1898,FL11897,2024-10-01,6,1.0,6,559,300,Delayed,190,,70,114714.48,24192.1,90522.39,3.36
1899,FL11898,2026-05-31,12,4.0,1,101,124,On Time,0,,115,22470.95,8476.27,13994.67,3.88
1900,FL11899,2025-12-23,4,1.0,3,230,177,Delayed,87,,690,108572.11,18722.41,89849.71,4.08
1901,FL11900,2026-02-14,12,5.0,2,71,190,On Time,0,,90,32475.97,17533.73,14942.24,5.0
1902,FL11901,2024-12-27,1,1.0,4,143,97,On Time,0,,661,62815.25,11592.63,51222.62,5.0
1903,FL11902,2024-04-23,2,2.0,4,349,95,On Time,0,,1352,99226.75,20763.3,78463.45,4.32
1904,FL11903,2024-05-16,6,1.0,5,489,98,On Time,0,,50,25050.16,8085.22,16964.94,4.03
1905,FL11904,2026-06-11,8,4.0,4,342,266,Delayed,59,,753,177612.82,33669.12,143943.7,3.75
1906,FL11905,2024-08-17,11,1.0,2,408,192,On Time,0,,74,30586.78,11798.12,18788.65,4.49
1907,FL11906,2024-04-11,6,1.0,4,230,262,Delayed,98,,137,51455.87,24751.3,26704.57,3.04
1908,FL11907,2025-09-27,1,3.0,6,130,282,Cancelled,0,Weather,707,0.0,25508.72,-25508.72,2.87
1909,FL11908,2024-11-04,5,5.0,4,429,98,On Time,0,,73,23404.22,8043.07,15361.15,5.0
1910,FL11909,2024-04-28,7,3.0,4,542,284,On Time,0,,723,178655.9,21875.87,156780.03,3.74
1911,FL11910,2024-11-21,9,3.0,2,391,141,On Time,0,,924,99506.22,20021.73,79484.49,4.55
1912,FL11911,2025-10-29,10,4.0,1,69,183,On Time,0,,102,14850.84,14983.01,-132.17,3.67
1913,FL11912,2024-11-19,4,3.0,2,648,311,Delayed,45,,679,183659.93,36102.4,147557.53,3.22
1914,FL11913,2026-06-27,10,2.0,1,124,159,On Time,0,,50,33416.52,11863.52,21553.0,3.4
1915,FL11914,2025-02-24,10,3.0,3,356,306,On Time,0,,66,74452.51,26713.94,47738.57,3.4
1916,FL11915,2024-05-10,12,1.0,6,499,206,On Time,0,,88,76991.21,15865.08,61126.12,4.4
1917,FL11916,2026-05-08,8,2.0,3,638,93,On Time,0,,793,62488.03,13848.43,48639.6,4.32
1918,FL11917,2024-09-23,13,4.0,4,352,281,On Time,0,,824,197204.54,23631.59,173572.94,5.0
1919,FL11918,2024-12-06,4,2.0,6,597,100,On Time,0,,703,70552.83,15796.5,54756.33,4.02
1920,FL11919,2024-11-22,11,1.0,5,282,236,On Time,0,,71,58714.81,16845.05,41869.76,4.1
1921,FL11920,2025-04-11,1,1.0,4,52,195,Delayed,76,,717,129027.01,22213.57,106813.43,3.27
1922,FL11921,2025-07-16,2,5.0,5,99,122,On Time,0,,1420,134453.13,23195.61,111257.51,3.37
1923,FL11922,2025-06-25,13,2.0,2,596,208,On Time,0,,838,126109.29,24460.82,101648.47,4.38
1924,FL11923,2025-09-12,8,1.0,3,59,173,On Time,0,,774,115634.95,19677.72,95957.23,3.89
1925,FL11924,2024-09-19,10,4.0,3,600,112,On Time,0,,80,20502.93,8931.64,11571.3,3.07
1926,FL11925,2026-07-12,10,3.0,5,283,217,On Time,0,,97,55398.16,16289.42,39108.74,4.72
1927,FL11926,2025-03-24,11,3.0,3,621,100,Delayed,61,,80,23792.87,9603.4,14189.47,2.93
1928,FL11927,2026-07-31,4,5.0,6,640,213,On Time,0,,694,152842.08,21538.93,131303.16,4.21
1929,FL11928,2024-03-08,3,2.0,2,52,141,On Time,0,,86,26234.03,12168.41,14065.62,4.24
1930,FL11929,2024-11-02,1,3.0,2,405,281,On Time,0,,705,156055.23,30158.67,125896.56,4.14
1931,FL11930,2026-03-01,13,4.0,5,20,308,On Time,0,,770,225954.05,29753.2,196200.85,3.35
1932,FL11931,2024-07-17,4,4.0,5,207,304,On Time,0,,713,183391.34,24459.05,158932.29,4.91
1933,FL11932,2025-09-04,9,2.0,5,617,305,Delayed,36,,973,242392.06,33113.05,209279.01,2.83
1934,FL11933,2024-08-26,7,4.0,2,650,113,Delayed,157,,730,61525.24,19939.4,41585.84,1.7
1935,FL11934,2026-02-26,3,4.0,1,90,207,On Time,0,,87,33035.1,18837.12,14197.98,4.55
1936,FL11935,2025-08-07,7,1.0,2,649,141,Cancelled,0,Weather,717,0.0,16499.12,-16499.12,3.53
1937,FL11936,2025-04-19,2,1.0,3,119,112,On Time,0,,1375,114990.46,23042.89,91947.57,3.22
1938,FL11937,2024-09-14,3,4.0,3,220,180,On Time,0,,96,38029.06,12267.47,25761.6,4.0
1939,FL11938,2026-06-03,3,1.0,6,339,188,Delayed,178,,67,58175.49,21884.25,36291.24,4.0
1940,FL11939,2026-02-20,13,5.0,6,142,158,On Time,0,,851,116306.12,20968.16,95337.96,4.92
1941,FL11940,2025-03-16,9,1.0,5,41,116,On Time,0,,910,103383.45,15985.77,87397.67,4.4
1942,FL11941,2025-03-19,14,5.0,1,127,183,On Time,0,,363,62793.19,19028.95,43764.24,4.54
1943,FL11942,2026-01-03,7,4.0,1,42,125,Delayed,155,,757,70092.66,19959.74,50132.92,3.77
1944,FL11943,2024-01-11,4,3.0,3,383,99,On Time,0,,708,51837.44,12610.31,39227.13,3.91
1945,FL11944,2026-01-19,10,2.0,4,417,193,Delayed,41,,50,38796.31,20149.99,18646.32,2.59
1946,FL11945,2026-01-23,14,2.0,5,205,105,On Time,0,,376,50316.4,9827.04,40489.36,3.83
1947,FL11946,2025-12-14,8,4.0,2,544,312,Delayed,191,,790,186440.07,27471.79,158968.28,4.03
1948,FL11947,2025-02-08,1,4.0,1,507,282,On Time,0,,711,151485.33,24992.92,126492.42,4.72
1949,FL11948,2025-03-18,5,2.0,2,220,302,On Time,0,,52,54358.72,23640.24,30718.48,4.13
1950,FL11949,2026-08-09,14,3.0,5,231,113,On Time,0,,411,56699.54,11986.19,44713.35,3.78
1951,FL11950,2025-11-01,8,5.0,6,259,196,On Time,0,,792,135157.55,22482.15,112675.4,5.0
1952,FL11951,2025-12-31,15,2.0,6,396,279,On Time,0,,359,122848.44,27156.8,95691.65,4.08
1953,FL11952,2025-03-16,8,4.0,4,548,222,On Time,0,,780,151296.01,25312.68,125983.33,4.41
1954,FL11953,2025-06-20,1,1.0,1,162,160,On Time,0,,720,81578.54,18554.11,63024.43,3.22
1955,FL11954,2024-12-25,14,5.0,6,217,281,On Time,0,,387,141874.17,28571.08,113303.09,3.96
1956,FL11955,2024-04-26,12,1.0,1,313,161,Cancelled,0,Weather,107,0.0,10989.49,-10989.49,3.71
1957,FL11956,2026-02-11,11,2.0,2,165,313,On Time,0,,74,46864.66,25550.92,21313.74,3.11
1958,FL11957,2025-05-14,15,3.0,6,428,113,On Time,0,,349,54887.43,9157.8,45729.63,3.97
1959,FL11958,2025-05-18,3,2.0,4,53,252,On Time,0,,107,71370.04,15597.08,55772.96,4.27
1960,FL11959,2025-08-10,14,1.0,2,644,93,On Time,0,,354,35156.58,9117.02,26039.57,4.93
1961,FL11960,2025-10-15,4,4.0,4,183,300,On Time,0,,683,197317.64,23243.1,174074.54,4.63
1962,FL11961,2026-03-30,15,1.0,1,198,171,Delayed,203,,333,38978.95,22969.51,16009.44,4.4
1963,FL11962,2025-12-08,3,5.0,2,177,94,On Time,0,,106,16324.4,7473.14,8851.26,4.54
1964,FL11963,2026-02-16,9,1.0,6,491,282,On Time,0,,962,250269.81,33290.85,216978.96,4.58
1965,FL11964,2025-11-10,12,2.0,2,111,312,On Time,0,,107,51143.86,23159.77,27984.1,3.38
1966,FL11965,2026-06-15,2,5.0,6,394,301,On Time,0,,1352,325079.38,34577.67,290501.71,3.36
1967,FL11966,2024-04-28,2,1.0,4,436,201,On Time,0,,1384,209156.7,26004.54,183152.16,5.0
1968,FL11967,2025-11-10,13,1.0,4,491,104,Delayed,171,,777,71956.96,19724.98,52231.98,3.01
1969,FL11968,2024-04-24,1,4.0,5,345,142,On Time,0,,729,92841.11,14722.04,78119.07,3.65
1970,FL11969,2025-04-04,10,1.0,4,399,97,On Time,0,,87,29766.88,8117.65,21649.23,2.5
1971,FL11970,2024-02-12,15,5.0,1,297,100,Delayed,190,,332,31402.72,13316.97,18085.75,3.99
1972,FL11971,2025-01-29,10,3.0,6,71,126,Delayed,32,,50,35374.39,14033.98,21340.41,2.57
1973,FL11972,2024-12-29,8,5.0,3,10,219,Delayed,130,,767,131316.18,28820.51,102495.66,2.77
1974,FL11973,2025-04-01,7,2.0,4,155,266,Delayed,199,,716,179003.42,25102.89,153900.53,4.01
1975,FL11974,2026-03-18,10,1.0,4,463,224,On Time,0,,50,47022.02,16183.81,30838.21,2.56
1976,FL11975,2024-10-16,9,5.0,4,464,137,On Time,0,,942,118038.06,18159.02,99879.04,4.88
1977,FL11976,2024-04-15,8,4.0,3,389,228,Delayed,129,,769,151614.98,24398.3,127216.69,2.76
1978,FL11977,2024-05-14,3,5.0,6,483,143,Delayed,223,,64,50589.68,11422.62,39167.07,3.2
1979,FL11978,2026-02-08,10,2.0,2,521,196,On Time,0,,51,35486.59,16537.33,18949.27,3.5
1980,FL11979,2024-09-02,12,3.0,4,410,294,On Time,0,,98,89208.4,26695.36,62513.04,3.14
1981,FL11980,2024-12-25,11,3.0,4,310,120,Delayed,44,,60,19435.54,13439.78,5995.75,2.81
1982,FL11981,2025-10-25,2,3.0,4,129,291,On Time,0,,1348,291839.69,34586.12,257253.57,3.46
1983,FL11982,2026-04-27,11,2.0,1,77,152,On Time,0,,50,26903.21,11531.16,15372.05,3.2
1984,FL11983,2024-03-16,11,2.0,3,70,244,On Time,0,,89,64250.15,15525.6,48724.55,5.0
1985,FL11984,2026-01-06,3,4.0,1,70,150,On Time,0,,96,17391.02,12782.77,4608.25,3.37
1986,FL11985,2025-01-09,13,1.0,4,479,127,On Time,0,,799,79863.68,14352.01,65511.67,2.77
1987,FL11986,2025-05-12,8,2.0,5,443,193,On Time,0,,784,140091.61,20947.86,119143.75,2.66
1988,FL11987,2024-06-17,8,2.0,4,415,177,On Time,0,,791,124252.13,22143.23,102108.9,4.28
1989,FL11988,2024-04-29,11,1.0,5,331,206,On Time,0,,71,58907.43,14483.97,44423.45,2.87
1990,FL11989,2025-10-21,8,1.0,3,363,144,On Time,0,,783,93299.47,17321.57,75977.9,3.88
1991,FL11990,2025-08-21,9,3.0,2,167,315,On Time,0,,960,205202.05,27496.87,177705.17,5.0
1992,FL11991,2024-11-16,5,1.0,3,13,244,On Time,0,,86,48232.61,19791.2,28441.41,4.12
1993,FL11992,2024-12-14,14,2.0,2,542,283,Delayed,50,,419,104099.7,22364.19,81735.51,3.51
1994,FL11993,2025-05-16,15,3.0,5,403,269,On Time,0,,315,114274.32,24039.95,90234.37,3.66
1995,FL11994,2025-02-23,2,5.0,5,617,256,On Time,0,,1371,259288.1,30748.03,228540.07,3.99
1996,FL11995,2026-03-11,11,1.0,3,507,122,On Time,0,,50,28214.42,10407.31,17807.11,3.86
1997,FL11996,2024-07-27,1,3.0,5,251,225,On Time,0,,694,158136.0,26499.7,131636.3,4.2
1998,FL11997,2025-05-20,6,1.0,1,302,296,On Time,0,,67,34243.48,19092.25,15151.23,5.0
1999,FL11998,2025-09-17,15,3.0,1,251,112,Cancelled,0,Technical,347,0.0,12465.86,-12465.86,2.72
2000,FL11999,2024-10-13,3,3.0,2,34,196,On Time,0,,94,34649.49,12568.56,22080.92,3.49
2001,FL12000,2024-07-09,6,4.0,3,135,132,On Time,0,,84,25931.17,8254.51,17676.66,3.95
2002,FL12001,2025-07-25,4,3.0,2,189,272,Delayed,47,,688,157694.94,28365.44,129329.5,3.92
2003,FL12002,2025-01-14,11,5.0,4,578,304,On Time,0,,55,80227.47,20552.5,59674.98,3.78
2004,FL12003,2026-07-22,7,1.0,5,114,101,On Time,0,,722,73868.07,15791.36,58076.71,4.17
2005,FL12004,2024-07-18,9,1.0,3,32,274,On Time,0,,959,215949.68,33216.87,182732.81,4.33
2006,FL12005,2025-06-28,15,1.0,3,402,172,Delayed,43,,324,63293.73,21622.24,41671.49,4.7
2007,FL12006,2025-02-07,8,2.0,1,197,311,On Time,0,,732,211316.31,25351.61,185964.7,4.6
2008,FL12007,2024-11-26,12,1.0,2,80,93,On Time,0,,109,23103.37,8178.01,14925.36,3.43
2009,FL12008,2025-07-01,2,1.0,5,251,134,Delayed,164,,1347,141633.32,27605.06,114028.26,1.88
2010,FL12009,2026-01-07,4,2.0,5,27,255,Delayed,35,,699,171342.39,24886.76,146455.64,3.4
2011,FL12010,2024-10-10,15,5.0,1,290,269,Cancelled,0,Technical,309,0.0,24938.11,-24938.11,2.54
2012,FL12011,2025-08-16,13,5.0,1,532,108,On Time,0,,793,63553.03,16320.75,47232.29,3.68
2013,FL12012,2026-03-09,10,1.0,5,367,126,Delayed,118,,50,42327.09,13474.1,28852.99,2.65
2014,FL12013,2026-07-15,6,5.0,2,600,167,On Time,0,,70,46066.22,15196.32,30869.9,3.67
2015,FL12014,2025-08-22,3,2.0,4,647,98,Delayed,161,,79,25473.16,8436.15,17037.01,2.96
2016,FL12015,2024-05-30,13,3.0,5,549,269,Delayed,73,,767,198850.42,32029.25,166821.17,3.22
2017,FL12016,2026-03-16,12,2.0,5,500,244,On Time,0,,112,78168.06,22195.16,55972.9,3.56
2018,FL12017,2026-08-04,4,3.0,4,380,262,On Time,0,,693,183868.88,26735.08,157133.8,3.53
2019,FL12018,2026-06-28,9,4.0,3,56,198,On Time,0,,940,141935.49,19547.22,122388.27,4.34
2020,FL12019,2025-10-31,10,4.0,5,232,237,Delayed,149,,50,87759.43,18342.86,69416.57,3.3
2021,FL12020,2024-04-23,8,3.0,5,593,221,On Time,0,,798,156667.45,20982.78,135684.67,4.0
2022,FL12021,2025-08-11,14,4.0,6,53,249,Delayed,157,,383,118223.86,19040.16,99183.7,3.27
2023,FL12022,2024-06-23,2,4.0,4,506,193,On Time,0,,1396,199555.41,29564.95,169990.46,3.42
2024,FL12023,2025-12-29,4,1.0,6,254,239,On Time,0,,720,161125.15,28710.99,132414.17,4.93
2025,FL12024,2024-02-17,2,2.0,5,604,238,On Time,0,,1394,260532.4,30757.08,229775.32,5.0
2026,FL12025,2024-05-24,11,1.0,1,120,237,Delayed,146,,86,19662.99,19074.37,588.62,4.11
2027,FL12026,2025-10-27,10,4.0,2,278,290,On Time,0,,50,51419.15,22664.84,28754.3,2.85
2028,FL12027,2024-09-02,15,3.0,5,526,170,On Time,0,,333,79430.62,15610.9,63819.72,3.57
2029,FL12028,2024-03-26,9,4.0,1,270,292,On Time,0,,941,214079.56,28752.51,185327.06,4.46
2030,FL12029,2024-04-23,3,3.0,5,542,96,Delayed,223,,113,31007.64,9053.46,21954.18,2.81
2031,FL12030,2024-10-20,7,2.0,3,236,201,Delayed,201,,738,135372.42,25766.48,109605.94,2.84
2032,FL12031,2025-04-16,2,1.0,2,306,191,On Time,0,,1361,182176.11,26130.61,156045.5,3.11
2033,FL12032,2025-11-17,11,5.0,4,463,289,On Time,0,,100,75023.43,24873.77,50149.67,3.76
2034,FL12033,2025-05-06,11,2.0,6,200,100,On Time,0,,60,23777.71,5971.0,17806.7,3.47
2035,FL12034,2025-02-06,13,1.0,6,527,139,On Time,0,,780,105432.95,17962.8,87470.15,2.45
2036,FL12035,2026-05-14,6,2.0,3,455,197,Delayed,222,,63,44726.15,17269.15,27457.0,4.05
2037,FL12036,2026-01-14,5,5.0,1,568,277,On Time,0,,88,43628.37,22002.28,21626.09,4.27
2038,FL12037,2025-02-27,2,2.0,6,408,196,On Time,0,,1370,207741.83,31188.16,176553.67,3.13
2039,FL12038,2026-08-15,7,5.0,6,560,236,Delayed,37,,747,168762.23,21616.1,147146.13,3.86
2040,FL12039,2025-11-19,8,3.0,4,378,131,On Time,0,,785,88585.26,15060.8,73524.46,4.08
2041,FL12040,2024-12-16,12,5.0,4,300,306,On Time,0,,52,76242.16,27209.75,49032.4,4.75
2042,FL12041,2025-01-21,12,4.0,4,602,270,On Time,0,,75,78178.56,20359.19,57819.37,4.48
2043,FL12042,2024-03-13,3,1.0,1,282,99,On Time,0,,91,15007.02,7867.57,7139.45,3.5
2044,FL12043,2026-02-03,5,3.0,1,182,251,On Time,0,,73,36213.39,22089.52,14123.86,4.43
2045,FL12044,2025-08-01,8,3.0,1,528,119,On Time,0,,761,66980.73,15647.69,51333.04,4.46
2046,FL12045,2024-04-21,6,2.0,6,216,218,On Time,0,,51,77557.61,17977.74,59579.87,4.69
2047,FL12046,2024-05-24,1,3.0,1,18,252,On Time,0,,697,144244.35,21016.77,123227.57,4.65
2048,FL12047,2024-04-09,13,1.0,4,36,302,Delayed,180,,819,205875.83,32951.14,172924.68,4.65
2049,FL12048,2024-06-01,11,4.0,3,473,106,On Time,0,,50,32920.49,7854.93,25065.56,4.62
2050,FL12049,2024-11-04,8,5.0,1,143,156,On Time,0,,728,86295.03,18305.72,67989.31,3.49
2051,FL12050,2025-12-26,5,1.0,6,250,248,On Time,0,,101,87060.87,19017.61,68043.26,4.12
2052,FL12051,2026-08-11,13,3.0,1,306,150,On Time,0,,762,83132.25,14959.17,68173.08,3.32
2053,FL12052,2025-02-07,1,4.0,6,251,253,On Time,0,,695,185848.95,24154.13,161694.82,4.79
2054,FL12053,2025-05-26,7,1.0,5,534,132,On Time,0,,708,94785.92,16180.6,78605.32,3.44
2055,FL12054,2025-05-30,13,2.0,5,548,127,Delayed,56,,787,87895.32,19447.64,68447.69,4.75
2056,FL12055,2025-09-16,15,2.0,1,123,215,On Time,0,,329,64377.21,15045.16,49332.06,3.81
2057,FL12056,2025-10-21,4,1.0,6,40,248,Delayed,119,,727,190431.98,30020.41,160411.56,3.27
2058,FL12057,2024-04-03,10,5.0,4,340,137,On Time,0,,75,29297.37,9458.23,19839.15,3.7
2059,FL12058,2025-07-03,3,3.0,3,552,291,On Time,0,,71,70782.93,21631.0,49151.93,3.53
2060,FL12059,2025-01-08,2,4.0,5,201,289,On Time,0,,1328,315513.42,33841.74,281671.68,3.66
2061,FL12060,2026-02-13,6,3.0,3,260,108,On Time,0,,81,22898.17,9182.56,13715.61,4.15
2062,FL12061,2026-06-10,14,5.0,2,511,159,Delayed,38,,381,50110.51,18325.34,31785.17,3.31
2063,FL12062,2024-12-04,11,5.0,2,281,217,Delayed,129,,52,44442.01,16190.7,28251.31,3.02
2064,FL12063,2025-06-29,8,4.0,4,415,202,Delayed,94,,804,138452.13,19740.83,118711.29,3.5
2065,FL12064,2024-08-31,5,2.0,4,575,148,On Time,0,,50,42096.32,9387.21,32709.12,3.65
2066,FL12065,2024-02-24,3,3.0,2,36,211,On Time,0,,89,42682.46,13993.38,28689.08,4.0
2067,FL12066,2024-05-17,5,5.0,2,34,311,On Time,0,,79,55375.55,24089.36,31286.19,5.0
2068,FL12067,2026-03-25,3,3.0,6,106,160,On Time,0,,73,55554.23,12421.03,43133.2,3.63
2069,FL12068,2024-11-04,3,3.0,4,340,140,On Time,0,,122,32145.6,9159.35,22986.25,3.8
2070,FL12069,2024-04-11,11,1.0,6,497,259,On Time,0,,50,95916.43,20867.85,75048.58,3.25
2071,FL12070,2024-08-16,2,5.0,2,81,221,On Time,0,,1365,212571.17,25431.81,187139.36,3.78
2072,FL12071,2025-08-15,1,4.0,2,441,249,Delayed,232,,690,138154.0,29963.14,108190.86,3.54
2073,FL12072,2025-02-11,9,2.0,2,54,238,On Time,0,,890,181232.33,26005.27,155227.06,3.66
2074,FL12073,2024-05-25,5,3.0,4,76,264,On Time,0,,58,67176.64,20439.23,46737.41,3.26
2075,FL12074,2025-03-28,7,3.0,5,605,257,On Time,0,,754,176166.88,24446.63,151720.25,4.23
2076,FL12075,2026-04-15,3,1.0,4,197,229,Delayed,213,,76,63812.84,20464.64,43348.2,3.6
2077,FL12076,2025-03-17,4,5.0,2,271,194,On Time,0,,683,113375.43,20833.99,92541.45,4.4
2078,FL12077,2026-07-21,7,5.0,6,177,195,On Time,0,,728,141298.58,22746.51,118552.07,3.19
2079,FL12078,2024-12-19,11,5.0,4,222,151,On Time,0,,77,41990.31,9038.44,32951.87,4.89
2080,FL12079,2024-09-05,7,2.0,3,307,193,On Time,0,,731,111801.16,19033.27,92767.88,3.68
2081,FL12080,2025-07-17,9,2.0,1,134,229,On Time,0,,946,158104.66,26205.99,131898.67,3.34
2082,FL12081,2026-03-23,8,1.0,4,17,254,Delayed,136,,781,181104.4,30614.29,150490.11,3.97
2083,FL12082,2026-02-13,5,4.0,4,456,267,Delayed,237,,56,71439.28,22691.09,48748.19,4.17
2084,FL12083,2026-05-18,5,2.0,6,345,176,Delayed,188,,100,41775.94,18739.7,23036.24,3.1
2085,FL12084,2024-02-21,7,5.0,2,353,258,On Time,0,,717,150754.37,23570.32,127184.05,3.46
2086,FL12085,2025-12-28,1,5.0,1,109,190,Delayed,189,,717,93106.4,21329.29,71777.12,3.59
2087,FL12086,2024-02-01,11,1.0,6,468,172,On Time,0,,92,62057.95,15480.23,46577.71,3.13
2088,FL12087,2026-01-13,10,5.0,4,478,127,On Time,0,,58,29041.9,7514.28,21527.62,5.0
2089,FL12088,2024-09-11,5,1.0,1,314,151,On Time,0,,68,27469.11,12893.94,14575.17,3.33
2090,FL12089,2025-11-02,6,3.0,1,357,246,On Time,0,,81,24822.25,15249.77,9572.48,4.23
2091,FL12090,2025-01-07,5,3.0,3,247,139,On Time,0,,59,31201.68,8209.32,22992.36,3.9
2092,FL12091,2024-03-07,10,5.0,4,512,107,Cancelled,0,Operational,50,0.0,7578.41,-7578.41,2.4
2093,FL12092,2025-10-24,12,4.0,2,597,152,Delayed,203,,91,44219.45,17167.29,27052.16,2.69
2094,FL12093,2024-12-06,2,5.0,3,410,317,On Time,0,,1399,333239.11,29598.03,303641.08,4.73
2095,FL12094,2024-05-27,7,3.0,5,67,124,On Time,0,,749,90859.26,15377.51,75481.75,4.24
2096,FL12095,2024-10-21,1,5.0,6,592,123,On Time,0,,705,95755.29,15588.89,80166.39,3.55
2097,FL12096,2024-06-26,7,5.0,3,356,182,On Time,0,,753,115330.1,16803.85,98526.25,3.64
2098,FL12097,2024-07-18,4,5.0,3,621,178,On Time,0,,692,105735.08,16102.94,89632.13,3.47
2099,FL12098,2025-02-23,6,3.0,3,474,301,On Time,0,,71,62014.03,26514.76,35499.26,4.57
2100,FL12099,2025-03-16,7,2.0,1,405,144,On Time,0,,729,81392.2,19565.02,61827.17,4.6
2101,FL12100,2024-11-13,5,5.0,1,206,185,Delayed,188,,76,11100.0,15545.15,-4445.15,3.64
2102,FL12101,2024-09-06,6,4.0,6,408,156,Delayed,162,,60,49698.7,13265.07,36433.63,3.46
2103,FL12102,2026-03-01,12,5.0,1,148,147,On Time,0,,90,24565.57,9017.54,15548.03,4.41
2104,FL12103,2025-05-18,13,3.0,5,232,164,Delayed,112,,810,118415.42,22030.84,96384.58,2.23
2105,FL12104,2024-08-09,1,5.0,2,419,149,On Time,0,,700,76577.54,16407.95,60169.59,4.18
2106,FL12105,2025-04-05,6,4.0,5,608,255,On Time,0,,82,70955.21,22581.47,48373.74,4.69
2107,FL12106,2026-08-13,13,4.0,6,351,271,On Time,0,,806,192090.36,24078.04,168012.32,4.15
2108,FL12107,2024-01-08,8,1.0,5,530,130,On Time,0,,779,101670.6,15946.33,85724.26,4.03
2109,FL12108,2026-06-03,4,3.0,5,285,204,On Time,0,,688,134332.52,22625.06,111707.46,3.59
2110,FL12109,2024-05-05,9,4.0,2,163,150,On Time,0,,919,96608.3,18193.03,78415.27,3.63
2111,FL12110,2024-08-28,3,4.0,4,62,289,On Time,0,,74,74257.72,24466.9,49790.81,3.66
2112,FL12111,2025-07-16,1,5.0,4,172,113,Delayed,240,,716,75581.63,21295.42,54286.2,3.44
2113,FL12112,2024-07-28,10,2.0,3,74,184,On Time,0,,73,39286.34,10643.5,28642.84,3.68
2114,FL12113,2026-07-27,8,2.0,1,483,166,On Time,0,,761,90970.5,22542.59,68427.91,2.81
2115,FL12114,2025-12-05,12,5.0,6,67,173,Cancelled,0,Crew,104,0.0,12407.12,-12407.12,3.52
2116,FL12115,2025-07-05,6,5.0,2,229,306,On Time,0,,75,51548.87,18318.1,33230.77,4.34
2117,FL12116,2025-01-10,13,1.0,6,572,214,On Time,0,,812,159881.92,22999.04,136882.88,4.23
2118,FL12117,2026-06-09,7,2.0,6,535,177,Delayed,87,,781,121185.74,24561.45,96624.28,2.69
2119,FL12118,2024-12-09,12,5.0,1,543,275,On Time,0,,108,43122.5,16554.31,26568.19,3.68
2120,FL12119,2026-08-08,2,1.0,5,596,268,On Time,0,,1352,276929.57,32913.41,244016.17,4.34
2121,FL12120,2026-08-04,2,4.0,4,332,123,On Time,0,,1381,132620.64,23373.75,109246.89,4.02
2122,FL12121,2025-10-17,12,1.0,2,76,196,On Time,0,,75,45406.09,15951.78,29454.31,3.55
2123,FL12122,2025-10-30,13,1.0,5,144,184,Delayed,76,,837,127399.47,24477.74,102921.73,4.14
2124,FL12123,2025-07-18,15,4.0,1,339,193,On Time,0,,307,53831.07,17444.37,36386.7,3.45
2125,FL12124,2026-06-30,5,4.0,2,130,170,On Time,0,,75,27369.15,13394.95,13974.2,2.06
2126,FL12125,2025-07-09,1,3.0,6,578,279,Delayed,100,,703,197091.7,28752.05,168339.65,3.36
2127,FL12126,2026-06-25,15,5.0,5,282,319,Cancelled,0,Weather,324,0.0,21101.27,-21101.27,3.08
2128,FL12127,2024-07-12,10,2.0,1,359,96,On Time,0,,51,14741.46,6810.97,7930.48,4.04
2129,FL12128,2025-02-15,4,3.0,1,74,287,On Time,0,,722,155809.51,26552.06,129257.44,4.26
2130,FL12129,2024-06-08,12,4.0,2,95,288,Delayed,24,,108,71585.36,28439.23,43146.14,2.94
2131,FL12130,2024-01-04,14,4.0,1,520,174,On Time,0,,389,59658.12,17858.69,41799.42,4.67
2132,FL12131,2024-10-12,5,2.0,2,515,201,On Time,0,,101,26172.84,15717.77,10455.07,3.11
2133,FL12132,2026-06-15,12,4.0,4,393,113,On Time,0,,94,23487.46,9125.1,14362.36,3.99
2134,FL12133,2024-11-12,12,3.0,1,134,170,Delayed,85,,111,36792.68,13841.78,22950.9,2.89
2135,FL12134,2026-02-24,8,3.0,2,302,144,On Time,0,,754,91128.67,20610.58,70518.09,4.65
2136,FL12135,2024-09-23,10,5.0,2,323,298,On Time,0,,50,53513.6,26343.68,27169.92,3.48
2137,FL12136,2025-10-16,5,2.0,6,167,114,Delayed,181,,81,37792.76,11286.53,26506.23,3.35
2138,FL12137,2024-07-03,14,4.0,6,630,168,On Time,0,,398,87588.38,18395.45,69192.93,4.06
2139,FL12138,2025-04-06,15,5.0,6,282,200,On Time,0,,375,98832.32,20419.57,78412.76,4.13
2140,FL12139,2025-12-23,15,4.0,3,579,314,On Time,0,,318,113341.25,22095.26,91246.0,3.53
2141,FL12140,2026-04-27,12,5.0,4,340,277,Delayed,209,,110,83406.61,24583.65,58822.96,3.54
2142,FL12141,2024-12-23,1,3.0,4,397,305,On Time,0,,698,188842.19,30194.87,158647.32,4.02
2143,FL12142,2025-07-10,6,2.0,6,634,161,Delayed,37,,88,46188.48,12565.89,33622.59,3.52
2144,FL12143,2025-07-11,7,5.0,5,103,151,On Time,0,,753,95820.14,18594.27,77225.86,5.0
2145,FL12144,2025-03-04,15,4.0,6,380,221,On Time,0,,331,104020.2,17782.95,86237.25,4.08
2146,FL12145,2025-01-16,9,2.0,4,251,168,Delayed,143,,930,139542.92,22693.78,116849.13,2.65
2147,FL12146,2026-06-11,9,2.0,6,126,93,On Time,0,,938,78142.58,13809.5,64333.07,5.0
2148,FL12147,2025-02-24,3,2.0,5,155,276,On Time,0,,74,69255.53,17309.78,51945.75,4.64
2149,FL12148,2025-12-07,12,5.0,5,122,111,Delayed,145,,104,34314.98,11878.05,22436.93,3.73
2150,FL12149,2025-02-12,6,1.0,4,440,134,On Time,0,,50,30245.49,8412.36,21833.13,3.88
2151,FL12150,2025-05-27,2,4.0,3,411,306,On Time,0,,1354,325641.94,31814.51,293827.43,4.48
2152,FL12151,2025-07-05,15,3.0,4,495,258,Delayed,40,,350,115225.62,22006.73,93218.89,1.96
2153,FL12152,2024-07-05,3,1.0,3,526,237,On Time,0,,114,43772.4,18814.35,24958.06,5.0
2154,FL12153,2024-08-09,1,4.0,4,406,119,On Time,0,,671,75141.2,15652.63,59488.58,4.58
2155,FL12154,2025-10-14,2,4.0,2,209,147,On Time,0,,1378,139439.13,20830.58,118608.55,3.88
2156,FL12155,2026-07-30,7,4.0,5,396,137,On Time,0,,715,89479.13,17530.17,71948.96,4.57
2157,FL12156,2025-10-12,2,3.0,4,398,237,Delayed,83,,1358,247201.02,30458.29,216742.73,3.7
2158,FL12157,2025-07-29,13,2.0,5,204,205,On Time,0,,808,155008.32,22196.52,132811.8,3.34
2159,FL12158,2026-08-13,8,1.0,2,576,172,Delayed,216,,761,105288.12,26971.41,78316.72,3.42
2160,FL12159,2025-10-27,5,1.0,5,295,261,Delayed,49,,95,68573.76,27453.48,41120.28,3.54
2161,FL12160,2026-04-27,1,2.0,5,316,268,Delayed,28,,709,159542.2,30738.88,128803.32,3.21
2162,FL12161,2024-11-27,8,4.0,1,639,260,On Time,0,,790,144741.08,22680.24,122060.84,3.86
2163,FL12162,2026-02-17,3,1.0,3,299,114,On Time,0,,118,28327.65,10280.11,18047.54,4.59
2164,FL12163,2026-04-04,15,5.0,5,591,230,Delayed,49,,350,91317.38,23691.54,67625.84,3.41
2165,FL12164,2026-02-26,5,3.0,6,231,138,On Time,0,,83,49775.18,11788.34,37986.84,5.0
2166,FL12165,2024-12-17,8,2.0,5,464,152,Delayed,43,,767,106335.06,19591.14,86743.92,2.88
2167,FL12166,2025-12-12,1,5.0,3,619,315,Delayed,232,,681,191931.14,35305.5,156625.63,3.57
2168,FL12167,2026-03-09,2,1.0,2,564,185,On Time,0,,1360,177790.57,30221.96,147568.61,3.4
2169,FL12168,2025-07-24,4,5.0,6,115,271,On Time,0,,705,179220.14,28071.15,151148.98,4.44
2170,FL12169,2024-08-05,1,2.0,6,461,146,On Time,0,,678,105548.56,20060.55,85488.01,3.28
2171,FL12170,2024-06-26,11,2.0,6,138,313,On Time,0,,78,92294.17,22647.03,69647.15,4.19
2172,FL12171,2026-03-12,15,3.0,2,416,153,On Time,0,,339,47406.12,12244.72,35161.4,4.77
2173,FL12172,2024-06-23,15,5.0,3,485,131,On Time,0,,328,38099.36,13699.2,24400.16,4.03
2174,FL12173,2026-06-30,4,2.0,2,493,164,Delayed,201,,696,99727.42,21554.42,78173.0,2.66
2175,FL12174,2025-07-22,12,5.0,6,563,129,On Time,0,,98,43136.34,10092.62,33043.72,4.61
2176,FL12175,2024-07-13,8,2.0,6,161,227,On Time,0,,789,180176.69,21765.7,158410.99,4.23
2177,FL12176,2024-07-18,1,2.0,2,97,123,Delayed,186,,718,72475.5,16818.37,55657.14,3.24
2178,FL12177,2024-02-01,2,4.0,2,627,137,Delayed,90,,1423,138880.34,25112.17,113768.18,2.67
2179,FL12178,2025-07-23,9,4.0,4,426,251,Cancelled,0,Weather,949,0.0,27713.45,-27713.45,1.95
2180,FL12179,2026-02-28,7,2.0,3,283,99,On Time,0,,725,56995.69,16448.0,40547.69,5.0
2181,FL12180,2025-12-08,1,1.0,3,278,191,Delayed,204,,665,120180.88,21462.46,98718.41,2.93
2182,FL12181,2025-07-13,14,2.0,3,29,249,Delayed,153,,363,103411.43,25586.41,77825.02,2.65
2183,FL12182,2025-07-18,11,3.0,5,641,192,Delayed,31,,51,50779.62,13045.41,37734.21,3.5
2184,FL12183,2024-08-22,8,1.0,6,122,95,On Time,0,,794,74194.52,15453.6,58740.92,3.34
2185,FL12184,2026-02-25,15,1.0,6,457,126,On Time,0,,324,61712.86,14370.96,47341.89,4.32
2186,FL12185,2025-05-28,15,5.0,3,431,313,On Time,0,,340,124061.57,21290.26,102771.31,4.88
2187,FL12186,2026-03-09,15,1.0,5,626,267,On Time,0,,317,108993.72,18252.23,90741.49,3.31
2188,FL12187,2026-07-31,4,3.0,5,433,170,On Time,0,,704,119291.82,21335.86,97955.95,3.81
2189,FL12188,2026-04-22,14,4.0,2,603,290,Delayed,71,,409,108920.5,25306.11,83614.39,3.58
2190,FL12189,2026-06-21,8,2.0,5,353,91,On Time,0,,773,68975.31,14307.52,54667.79,3.21
2191,FL12190,2025-12-20,11,3.0,3,345,100,Delayed,206,,75,24468.89,12219.21,12249.68,2.71
2192,FL12191,2024-10-21,13,1.0,4,327,293,On Time,0,,784,209940.49,22604.35,187336.14,3.92
2193,FL12192,2024-10-01,3,4.0,5,605,245,Delayed,45,,72,72344.97,20140.01,52204.95,4.57
2194,FL12193,2025-10-21,7,4.0,6,412,227,On Time,0,,749,171063.78,25505.08,145558.7,3.45
2195,FL12194,2024-08-20,2,5.0,6,593,169,On Time,0,,1374,195005.3,25690.35,169314.95,3.82
2196,FL12195,2025-05-04,5,5.0,5,469,278,On Time,0,,78,83965.91,19575.27,64390.64,5.0
2197,FL12196,2025-10-27,7,2.0,4,359,229,Delayed,168,,757,152477.57,30473.76,122003.81,3.82
2198,FL12197,2024-10-01,13,1.0,3,132,190,On Time,0,,788,129658.79,18531.99,111126.8,2.9
2199,FL12198,2024-04-13,13,2.0,3,427,177,On Time,0,,789,113120.76,18270.39,94850.37,3.85
2200,FL12199,2024-05-17,6,1.0,6,134,171,Delayed,186,,65,63524.73,19612.37,43912.36,3.68
2201,FL12200,2025-10-31,5,3.0,2,479,222,On Time,0,,73,25959.8,18675.14,7284.66,4.94
2202,FL12201,2024-05-01,8,1.0,4,24,240,On Time,0,,778,164688.98,26246.32,138442.66,4.91
2203,FL12202,2026-01-25,14,5.0,5,274,275,On Time,0,,394,128298.91,23157.44,105141.46,4.36
2204,FL12203,2024-01-24,15,4.0,1,393,183,On Time,0,,317,51527.09,18100.62,33426.47,4.47
2205,FL12204,2026-01-04,4,2.0,4,238,148,On Time,0,,675,95190.92,18682.89,76508.03,3.16
2206,FL12205,2025-09-03,3,5.0,2,243,217,On Time,0,,78,33587.99,15211.5,18376.49,3.55
2207,FL12206,2024-09-08,11,4.0,2,36,224,On Time,0,,75,56250.35,15975.21,40275.14,3.16
2208,FL12207,2024-09-16,5,3.0,4,609,153,On Time,0,,66,30366.88,9748.54,20618.34,4.67
2209,FL12208,2025-05-19,3,1.0,1,24,106,Delayed,53,,86,13343.35,13891.17,-547.82,3.54
2210,FL12209,2025-07-14,1,2.0,1,218,166,Cancelled,0,Operational,717,0.0,18231.49,-18231.49,3.07
2211,FL12210,2026-03-15,7,3.0,3,583,106,On Time,0,,767,66853.93,14545.36,52308.56,5.0
2212,FL12211,2025-12-25,6,4.0,4,368,108,On Time,0,,61,30672.98,7779.26,22893.72,4.35
2213,FL12212,2025-05-12,9,2.0,1,318,312,On Time,0,,924,218294.0,35239.82,183054.18,4.74
2214,FL12213,2024-01-05,4,4.0,3,225,269,Delayed,198,,714,174589.62,26672.87,147916.75,3.79
2215,FL12214,2026-06-01,11,2.0,2,40,98,On Time,0,,67,14390.87,8320.77,6070.1,4.56
2216,FL12215,2025-02-28,11,2.0,4,232,170,On Time,0,,63,45705.39,14633.99,31071.4,3.32
2217,FL12216,2026-03-24,7,3.0,2,350,148,On Time,0,,758,85562.68,18409.76,67152.92,4.63
2218,FL12217,2024-09-17,3,1.0,1,236,314,On Time,0,,91,52487.48,21931.12,30556.37,4.31
2219,FL12218,2024-12-17,8,3.0,4,308,190,Delayed,73,,789,137522.73,25836.21,111686.52,3.03
2220,FL12219,2025-08-10,11,2.0,6,397,149,On Time,0,,70,38229.01,10249.88,27979.13,4.44
2221,FL12220,2025-11-30,6,2.0,4,289,235,On Time,0,,136,74773.55,21057.04,53716.5,4.84
2222,FL12221,2024-05-17,4,4.0,3,239,199,On Time,0,,693,117890.88,18160.04,99730.83,3.94
2223,FL12222,2026-01-30,8,2.0,3,562,133,On Time,0,,799,78971.15,16685.88,62285.27,3.51
2224,FL12223,2025-06-30,6,4.0,1,97,160,On Time,0,,66,19080.05,12036.92,7043.13,3.54
2225,FL12224,2026-02-18,7,4.0,2,346,119,Delayed,157,,747,70487.35,19433.89,51053.46,2.39
2226,FL12225,2025-07-15,6,4.0,3,108,249,On Time,0,,67,47121.34,15948.58,31172.76,3.89
2227,FL12226,2025-06-08,5,2.0,4,89,313,On Time,0,,82,54500.73,18494.58,36006.15,4.38
2228,FL12227,2025-09-04,11,5.0,3,343,275,On Time,0,,65,58901.69,23698.56,35203.13,5.0
2229,FL12228,2025-04-29,7,2.0,6,28,176,On Time,0,,748,123814.02,18388.58,105425.44,3.48
2230,FL12229,2024-04-06,7,2.0,4,283,202,Delayed,136,,723,137671.06,20001.37,117669.69,3.53
2231,FL12230,2024-11-21,10,5.0,1,188,103,On Time,0,,50,10295.51,6430.92,3864.59,4.01
2232,FL12231,2026-07-27,6,2.0,4,568,174,On Time,0,,50,57011.71,15518.79,41492.92,3.99
2233,FL12232,2024-08-30,2,4.0,4,136,97,On Time,0,,1373,103108.77,19752.4,83356.37,3.01
2234,FL12233,2025-02-22,13,1.0,1,28,261,Cancelled,0,Technical,780,0.0,26749.11,-26749.11,2.34
2235,FL12234,2024-07-29,1,4.0,3,44,299,Delayed,228,,747,186675.96,34708.52,151967.44,4.48
2236,FL12235,2025-03-15,9,5.0,6,173,134,On Time,0,,936,106194.61,20201.43,85993.18,4.66
2237,FL12236,2026-01-16,4,4.0,3,12,245,On Time,0,,720,142126.08,22726.74,119399.34,4.18
2238,FL12237,2025-11-18,4,3.0,3,450,227,Delayed,132,,718,149798.6,22257.81,127540.79,3.6
2239,FL12238,2024-04-08,1,5.0,2,27,186,Delayed,117,,698,103475.59,23617.73,79857.86,3.78
2240,FL12239,2026-06-04,14,2.0,1,445,258,On Time,0,,377,87346.18,24044.63,63301.55,3.71
2241,FL12240,2025-08-31,7,2.0,2,157,246,Delayed,50,,735,140815.94,24544.82,116271.12,3.04
2242,FL12241,2025-10-17,6,1.0,5,50,151,On Time,0,,94,50548.43,13415.47,37132.95,3.6
2243,FL12242,2026-01-07,12,4.0,6,252,273,On Time,0,,142,88892.29,18837.94,70054.35,4.11
2244,FL12243,2025-09-30,1,4.0,4,161,240,On Time,0,,679,142490.58,23053.75,119436.84,3.25
2245,FL12244,2026-04-17,9,4.0,5,336,161,On Time,0,,946,146752.87,19606.52,127146.35,3.57
2246,FL12245,2025-10-27,8,4.0,4,149,259,On Time,0,,769,164950.41,29138.82,135811.6,4.33
2247,FL12246,2026-08-05,9,1.0,4,606,237,On Time,0,,938,185533.48,23132.35,162401.13,3.77
2248,FL12247,2025-10-12,2,4.0,3,624,117,Delayed,144,,1400,114722.85,24221.37,90501.48,2.16
2249,FL12248,2026-03-12,15,4.0,1,225,128,Delayed,25,,316,35768.83,15956.12,19812.71,3.05
2250,FL12249,2025-06-01,4,2.0,3,599,164,On Time,0,,663,91906.56,20225.53,71681.03,4.35
2251,FL12250,2024-11-13,11,3.0,6,634,100,On Time,0,,70,29690.03,7483.79,22206.23,4.08
2252,FL12251,2025-05-08,12,5.0,4,639,183,On Time,0,,104,54646.76,13263.93,41382.83,2.9
2253,FL12252,2024-05-28,6,3.0,5,208,196,On Time,0,,62,42518.37,17691.27,24827.1,4.67
2254,FL12253,2025-04-01,2,4.0,1,96,268,On Time,0,,1352,263746.38,34238.91,229507.46,3.84
2255,FL12254,2025-11-27,5,3.0,2,423,129,Delayed,30,,70,27592.32,11728.92,15863.39,3.52
2256,FL12255,2025-12-31,13,4.0,2,453,220,On Time,0,,766,140869.76,20264.3,120605.46,4.68
2257,FL12256,2025-01-10,14,4.0,3,316,242,On Time,0,,400,100470.16,22550.87,77919.3,3.92
2258,FL12257,2025-03-23,15,4.0,6,340,193,Delayed,95,,325,94315.7,19094.73,75220.97,2.06
2259,FL12258,2025-07-04,4,4.0,3,242,298,On Time,0,,723,192901.19,23134.61,169766.58,5.0
2260,FL12259,2024-05-11,10,5.0,4,489,163,On Time,0,,67,29543.35,11873.93,17669.42,2.57
2261,FL12260,2025-08-23,3,2.0,4,541,183,Delayed,75,,93,53002.32,17496.28,35506.04,3.08
2262,FL12261,2025-04-13,11,5.0,3,138,90,Delayed,195,,62,16621.56,9318.41,7303.14,4.14
2263,FL12262,2025-12-15,7,4.0,6,575,184,On Time,0,,699,139407.81,19132.32,120275.49,3.55
2264,FL12263,2025-09-01,11,3.0,2,20,94,On Time,0,,64,14506.45,6150.78,8355.68,3.59
2265,FL12264,2024-06-17,11,2.0,1,435,316,On Time,0,,62,52310.78,21483.58,30827.2,3.86
2266,FL12265,2025-06-25,15,3.0,5,74,145,On Time,0,,333,56521.44,15812.72,40708.71,3.88
2267,FL12266,2024-11-21,8,4.0,4,129,276,On Time,0,,777,172709.74,27275.06,145434.68,3.44
2268,FL12267,2025-08-14,6,2.0,2,329,116,On Time,0,,99,20246.96,7869.8,12377.16,3.59
2269,FL12268,2025-08-24,8,2.0,6,166,153,On Time,0,,775,123202.26,19389.35,103812.91,4.7
2270,FL12269,2024-12-31,3,5.0,1,637,117,Delayed,123,,79,20819.56,8125.21,12694.34,2.95
2271,FL12270,2025-08-10,2,3.0,2,478,174,On Time,0,,1333,172872.31,24402.02,148470.28,4.33
2272,FL12271,2024-06-16,8,4.0,1,23,228,Delayed,24,,772,139104.35,25960.38,113143.97,2.71
2273,FL12272,2024-12-30,13,1.0,2,206,186,On Time,0,,772,113200.68,23128.65,90072.04,4.9
2274,FL12273,2025-11-21,8,1.0,5,382,229,Delayed,59,,755,169775.15,25371.54,144403.61,3.91
2275,FL12274,2025-05-11,12,5.0,5,99,275,On Time,0,,90,76693.77,20449.77,56244.0,3.94
2276,FL12275,2024-02-06,3,1.0,4,129,100,On Time,0,,119,25318.45,7567.98,17750.46,4.42
2277,FL12276,2025-03-10,7,4.0,6,24,187,Delayed,133,,757,135033.68,28393.96,106639.72,4.29
2278,FL12277,2024-09-01,10,5.0,1,48,226,Delayed,57,,50,26725.98,18407.46,8318.51,2.65
2279,FL12278,2026-05-07,6,3.0,4,622,210,On Time,0,,72,51699.53,12511.53,39188.0,3.31
2280,FL12279,2026-06-12,1,5.0,1,406,123,On Time,0,,712,64404.7,17370.36,47034.34,4.24
2281,FL12280,2024-03-06,2,3.0,6,192,137,On Time,0,,1378,149361.75,25594.92,123766.83,3.16
2282,FL12281,2024-12-18,14,5.0,4,244,176,On Time,0,,424,77585.89,14801.97,62783.92,2.99
2283,FL12282,2025-07-15,10,2.0,5,343,239,On Time,0,,50,67585.45,15097.15,52488.31,2.96
2284,FL12283,2024-11-16,4,3.0,4,484,317,Delayed,19,,678,188299.51,36152.36,152147.15,3.4
2285,FL12284,2025-11-28,4,2.0,3,190,174,On Time,0,,682,106507.31,16362.62,90144.69,2.68
2286,FL12285,2024-04-29,1,4.0,5,240,210,On Time,0,,711,137601.7,21944.45,115657.25,3.74
2287,FL12286,2026-03-23,15,1.0,6,323,160,On Time,0,,277,77749.94,16057.3,61692.65,1.77
2288,FL12287,2024-08-28,2,5.0,2,66,97,Cancelled,0,Weather,1361,0.0,22490.34,-22490.34,3.28
2289,FL12288,2024-08-17,12,1.0,6,133,181,On Time,0,,61,67140.56,13471.4,53669.16,4.33
2290,FL12289,2024-11-21,4,2.0,5,477,169,On Time,0,,695,118462.92,20539.04,97923.88,3.86
2291,FL12290,2026-06-14,6,3.0,1,535,124,On Time,0,,112,13239.65,11363.33,1876.32,4.77
2292,FL12291,2024-09-24,5,1.0,6,425,244,Delayed,190,,84,81538.69,24724.95,56813.74,3.82
2293,FL12292,2024-08-31,13,3.0,2,602,149,On Time,0,,768,100294.81,18850.18,81444.63,3.49
2294,FL12293,2024-08-26,1,5.0,4,588,141,On Time,0,,695,85211.76,19789.51,65422.25,3.43
2295,FL12294,2024-05-23,6,5.0,1,426,179,On Time,0,,53,20242.5,13078.44,7164.07,4.57
2296,FL12295,2026-06-10,5,1.0,2,453,311,Delayed,35,,92,62674.92,21589.3,41085.62,3.75
2297,FL12296,2025-09-21,5,3.0,4,217,236,On Time,0,,50,47211.51,14928.39,32283.12,3.83
2298,FL12297,2025-06-20,3,3.0,5,9,187,On Time,0,,88,50856.9,13219.2,37637.7,2.86
2299,FL12298,2024-05-10,14,1.0,5,181,278,On Time,0,,378,123775.81,21136.78,102639.03,4.6
2300,FL12299,2024-02-17,6,4.0,3,539,94,On Time,0,,50,22528.22,8234.96,14293.27,4.04
2301,FL12300,2024-10-21,7,3.0,5,485,167,On Time,0,,771,111809.0,16844.46,94964.54,3.96
2302,FL12301,2026-06-11,6,4.0,1,360,214,On Time,0,,50,28577.32,15215.49,13361.83,2.15
2303,FL12302,2025-05-24,15,2.0,6,364,202,On Time,0,,308,91467.35,20483.61,70983.74,4.35
2304,FL12303,2026-02-14,6,2.0,2,8,245,On Time,0,,103,53581.0,14970.22,38610.79,3.96
2305,FL12304,2024-10-17,6,4.0,4,123,251,On Time,0,,69,54823.79,19285.69,35538.09,3.65
2306,FL12305,2024-04-06,5,4.0,6,522,194,On Time,0,,63,51707.6,17336.7,34370.89,3.46
2307,FL12306,2024-08-05,5,1.0,2,602,303,On Time,0,,54,37924.17,17860.35,20063.82,4.07
2308,FL12307,2024-08-13,2,2.0,3,501,303,On Time,0,,1366,313386.26,31893.4,281492.86,4.3
2309,FL12308,2025-07-31,10,3.0,5,138,199,On Time,0,,52,60526.9,11495.3,49031.6,3.75
2310,FL12309,2024-07-03,1,5.0,6,650,297,On Time,0,,689,223113.65,28555.52,194558.13,4.36
2311,FL12310,2026-07-27,4,2.0,2,325,237,Delayed,162,,667,122852.73,25257.12,97595.61,2.55
2312,FL12311,2025-10-23,4,2.0,4,314,121,Delayed,40,,696,75553.32,18087.25,57466.07,2.88
2313,FL12312,2025-01-25,5,5.0,2,271,117,On Time,0,,55,30508.39,9582.04,20926.35,4.45
2314,FL12313,2025-07-30,12,4.0,4,507,108,On Time,0,,87,27388.14,8911.36,18476.79,3.74
2315,FL12314,2025-11-15,9,5.0,3,458,138,Cancelled,0,Operational,958,0.0,22161.94,-22161.94,4.12
2316,FL12315,2026-01-03,15,4.0,1,464,161,Cancelled,0,Operational,322,0.0,12607.03,-12607.03,3.18
2317,FL12316,2024-01-18,6,5.0,6,1,105,On Time,0,,69,35390.07,9095.83,26294.24,3.24
2318,FL12317,2025-05-01,14,1.0,4,322,229,On Time,0,,425,106190.31,21502.94,84687.37,2.98
2319,FL12318,2025-01-12,1,2.0,3,88,184,Delayed,73,,711,106907.66,25639.69,81267.98,3.81
2320,FL12319,2024-10-16,8,2.0,1,114,228,Cancelled,0,Operational,770,0.0,25073.61,-25073.61,2.61
2321,FL12320,2025-09-11,12,1.0,1,476,205,Delayed,56,,74,30503.77,14614.25,15889.53,3.9
2322,FL12321,2024-08-20,8,4.0,3,289,152,On Time,0,,778,94915.94,21004.41,73911.53,3.65
2323,FL12322,2024-09-01,14,4.0,4,594,231,On Time,0,,407,92985.19,21229.37,71755.82,4.16
2324,FL12323,2025-09-27,5,1.0,2,102,308,Cancelled,0,Crew,55,0.0,25597.67,-25597.67,2.78
2325,FL12324,2024-03-02,1,1.0,5,618,162,On Time,0,,703,106641.79,20856.7,85785.08,4.17
2326,FL12325,2024-12-24,12,1.0,3,199,160,On Time,0,,84,34706.64,12647.63,22059.01,4.47
2327,FL12326,2025-12-24,2,3.0,1,418,208,Delayed,65,,1358,193197.05,37478.59,155718.46,3.31
2328,FL12327,2025-01-18,12,3.0,4,568,274,On Time,0,,71,71611.86,16940.56,54671.3,4.43
2329,FL12328,2024-10-07,12,2.0,2,95,212,On Time,0,,101,44391.02,12294.34,32096.67,2.9
2330,FL12329,2024-07-20,13,5.0,1,165,281,On Time,0,,794,160512.34,27006.3,133506.03,4.27
2331,FL12330,2025-04-15,8,2.0,1,196,107,On Time,0,,809,66326.88,12436.26,53890.62,4.01
2332,FL12331,2026-01-23,14,3.0,2,538,112,On Time,0,,392,44427.44,11061.78,33365.66,3.83
2333,FL12332,2024-03-27,3,3.0,4,599,183,On Time,0,,81,47121.32,12588.82,34532.5,2.45
2334,FL12333,2025-08-06,7,2.0,6,22,143,On Time,0,,766,100876.75,16924.78,83951.96,2.92
2335,FL12334,2026-01-21,2,5.0,2,516,95,On Time,0,,1372,96232.38,20404.2,75828.18,4.15
2336,FL12335,2024-07-30,12,5.0,1,318,139,On Time,0,,99,21336.99,11921.2,9415.79,4.23
2337,FL12336,2025-10-18,11,1.0,2,456,152,Delayed,212,,65,20110.16,13868.27,6241.9,3.57
2338,FL12337,2025-02-03,13,3.0,2,482,301,On Time,0,,794,198129.41,33264.54,164864.87,4.0
2339,FL12338,2024-01-19,12,1.0,2,431,269,Cancelled,0,Operational,78,0.0,22749.07,-22749.07,2.22
2340,FL12339,2025-11-06,5,3.0,2,563,170,On Time,0,,63,35053.58,14541.44,20512.14,3.33
2341,FL12340,2025-11-18,2,4.0,6,144,310,On Time,0,,1360,318370.2,32272.74,286097.46,2.63
2342,FL12341,2025-10-24,14,3.0,3,17,282,Delayed,125,,397,112192.8,26732.4,85460.4,3.38
2343,FL12342,2024-03-18,8,2.0,4,341,147,Delayed,158,,802,106663.04,15243.85,91419.19,4.54
2344,FL12343,2025-03-07,2,2.0,5,518,199,On Time,0,,1384,214955.74,27146.27,187809.46,3.94
2345,FL12344,2024-06-16,14,2.0,1,139,301,On Time,0,,400,108867.11,19524.08,89343.03,3.51
2346,FL12345,2025-09-19,15,2.0,2,580,195,On Time,0,,296,59949.32,18906.29,41043.04,4.02
2347,FL12346,2025-03-06,7,2.0,3,81,175,On Time,0,,728,111285.94,17873.27,93412.67,3.91
2348,FL12347,2025-08-18,12,4.0,3,100,297,On Time,0,,58,68103.98,21800.38,46303.6,2.87
2349,FL12348,2026-04-21,1,1.0,1,574,241,On Time,0,,724,130391.05,25247.64,105143.41,4.17
2350,FL12349,2024-03-22,2,1.0,4,35,191,On Time,0,,1362,213227.59,26677.06,186550.53,3.93
2351,FL12350,2024-08-17,5,3.0,2,634,290,Delayed,148,,62,64223.58,21810.2,42413.39,3.19
2352,FL12351,2025-07-12,10,4.0,2,133,261,On Time,0,,50,52218.21,22693.46,29524.75,5.0
2353,FL12352,2026-06-07,3,2.0,4,107,169,Delayed,213,,120,49404.9,16360.83,33044.07,3.23
2354,FL12353,2024-02-17,1,2.0,6,154,187,Delayed,126,,704,126356.75,24889.53,101467.22,4.48
2355,FL12354,2026-03-12,11,4.0,6,539,100,Cancelled,0,Operational,63,0.0,8513.7,-8513.7,2.46
2356,FL12355,2026-02-04,12,2.0,6,124,113,On Time,0,,97,31700.41,8077.41,23623.0,3.02
2357,FL12356,2024-07-05,12,4.0,3,404,309,On Time,0,,99,57084.51,18552.15,38532.36,3.47
2358,FL12357,2026-03-03,12,1.0,1,384,102,On Time,0,,92,13070.92,7981.98,5088.94,4.76
2359,FL12358,2025-07-15,13,1.0,2,428,282,On Time,0,,817,175257.54,30818.87,144438.67,3.51
2360,FL12359,2024-02-20,10,3.0,3,165,137,On Time,0,,84,22533.03,8992.62,13540.41,3.07
2361,FL12360,2024-02-18,8,2.0,2,514,214,Delayed,23,,781,131316.62,23067.71,108248.91,3.52
2362,FL12361,2024-11-13,13,4.0,2,469,256,On Time,0,,776,157979.9,27043.94,130935.95,3.75
2363,FL12362,2025-05-26,6,3.0,1,420,317,On Time,0,,76,32905.23,24484.36,8420.87,4.37
2364,FL12363,2026-01-19,2,2.0,2,335,175,Delayed,43,,1353,179969.22,26398.62,153570.6,2.86
2365,FL12364,2024-04-05,12,1.0,4,310,302,Delayed,22,,123,65780.61,27232.4,38548.21,2.7
2366,FL12365,2025-09-27,5,1.0,3,297,194,On Time,0,,96,48481.84,14937.45,33544.38,5.0
2367,FL12366,2025-10-02,15,4.0,1,569,289,Delayed,94,,345,65054.0,31677.83,33376.17,2.76
2368,FL12367,2025-01-04,7,2.0,4,565,113,On Time,0,,713,73876.22,13322.22,60553.99,3.46
2369,FL12368,2024-09-12,13,3.0,6,159,151,Delayed,152,,782,108808.05,23825.01,84983.04,3.6
2370,FL12369,2024-09-07,1,5.0,3,388,233,On Time,0,,698,135051.25,19167.73,115883.51,2.19
2371,FL12370,2025-03-07,10,5.0,2,478,252,On Time,0,,50,59397.76,17459.48,41938.28,4.48
2372,FL12371,2024-10-09,7,2.0,2,172,274,On Time,0,,730,157990.08,22889.87,135100.21,5.0
2373,FL12372,2025-06-29,7,1.0,3,120,172,On Time,0,,741,100635.62,16976.76,83658.86,4.56
2374,FL12373,2024-04-26,4,4.0,2,59,233,Delayed,234,,704,135039.17,24867.9,110171.27,2.62
2375,FL12374,2025-11-03,15,4.0,6,98,232,On Time,0,,356,108239.34,19444.09,88795.24,3.53
2376,FL12375,2026-08-13,6,2.0,6,351,316,On Time,0,,69,102312.89,20554.48,81758.41,4.04
2377,FL12376,2024-08-01,13,3.0,3,309,116,On Time,0,,785,72557.31,14337.09,58220.23,4.24
2378,FL12377,2025-10-10,7,1.0,6,486,93,On Time,0,,711,64957.47,13545.01,51412.46,5.0
2379,FL12378,2025-11-27,1,4.0,6,526,222,Delayed,156,,709,150950.27,21528.07,129422.2,4.32
2380,FL12379,2025-06-10,14,4.0,1,439,93,On Time,0,,381,34288.65,8154.74,26133.91,3.86
2381,FL12380,2024-10-16,3,2.0,3,291,135,Delayed,175,,91,29866.85,14853.82,15013.04,2.95
2382,FL12381,2026-08-01,5,3.0,4,524,205,Delayed,57,,54,42867.73,18144.07,24723.66,2.79
2383,FL12382,2025-08-22,13,2.0,3,581,151,On Time,0,,781,100137.72,18910.2,81227.52,4.42
2384,FL12383,2024-12-21,14,1.0,3,507,151,Delayed,145,,405,62443.3,16569.78,45873.52,4.0
2385,FL12384,2024-09-10,14,1.0,3,420,169,On Time,0,,389,72809.61,15527.72,57281.89,4.04
2386,FL12385,2026-04-14,7,5.0,5,338,247,On Time,0,,768,167191.08,19933.2,147257.87,4.0
2387,FL12386,2025-11-22,12,3.0,2,191,174,On Time,0,,73,33314.04,12730.26,20583.78,5.0
2388,FL12387,2026-05-03,5,1.0,4,173,272,On Time,0,,90,70871.98,23269.29,47602.69,4.44
2389,FL12388,2025-12-13,12,1.0,2,593,126,On Time,0,,85,20014.8,11624.59,8390.22,2.67
2390,FL12389,2024-04-26,8,2.0,6,537,113,On Time,0,,778,88820.01,15590.45,73229.57,3.98
2391,FL12390,2026-01-17,1,5.0,1,567,128,Delayed,49,,712,68236.87,16949.06,51287.81,3.43
2392,FL12391,2026-08-07,7,2.0,1,286,300,On Time,0,,757,154564.37,31036.27,123528.1,3.82
2393,FL12392,2024-01-23,8,5.0,1,492,153,Delayed,24,,801,82804.4,22571.71,60232.69,4.12
2394,FL12393,2025-12-18,4,3.0,3,91,96,On Time,0,,715,57026.02,13373.92,43652.1,3.79
2395,FL12394,2026-01-24,6,4.0,4,586,162,On Time,0,,65,37137.22,12119.91,25017.31,3.36
2396,FL12395,2024-11-26,8,4.0,6,581,248,On Time,0,,816,193789.99,25357.59,168432.39,3.54
2397,FL12396,2026-04-10,1,1.0,3,401,173,On Time,0,,714,102500.54,19197.53,83303.01,4.44
2398,FL12397,2025-01-21,3,1.0,2,134,178,On Time,0,,50,36451.13,13614.72,22836.41,3.12
2399,FL12398,2025-02-12,12,5.0,3,513,109,Delayed,42,,96,21742.59,10277.0,11465.58,2.98
2400,FL12399,2024-03-08,6,5.0,1,109,243,Delayed,87,,62,34674.92,19187.67,15487.25,3.85
2401,FL12400,2024-12-25,10,1.0,3,34,140,On Time,0,,54,35475.13,10411.27,25063.85,3.12
2402,FL12401,2026-01-21,9,4.0,5,125,112,On Time,0,,957,91399.34,14643.25,76756.09,3.33
2403,FL12402,2025-06-09,9,5.0,1,301,254,On Time,0,,951,168121.65,27148.26,140973.39,2.9
2404,FL12403,2024-10-19,7,5.0,5,136,305,On Time,0,,724,202372.63,29998.82,172373.81,3.42
2405,FL12404,2025-11-27,8,2.0,2,444,230,On Time,0,,810,141298.9,25044.51,116254.39,3.66
2406,FL12405,2024-11-23,13,5.0,5,180,305,On Time,0,,766,236931.94,26243.07,210688.87,3.85
2407,FL12406,2025-01-05,15,4.0,5,506,182,Delayed,140,,304,72121.9,19634.59,52487.31,2.7
2408,FL12407,2025-05-10,4,5.0,5,369,209,On Time,0,,673,139142.35,19528.71,119613.64,3.75
2409,FL12408,2024-03-28,11,1.0,5,408,172,On Time,0,,75,37980.09,12097.61,25882.48,4.64
2410,FL12409,2025-04-29,15,4.0,5,139,207,On Time,0,,338,88934.49,18592.4,70342.09,4.22
2411,FL12410,2025-11-21,1,1.0,2,392,295,Delayed,169,,686,170132.97,28779.4,141353.57,4.69
2412,FL12411,2024-07-16,12,2.0,1,563,236,On Time,0,,84,24511.4,16508.53,8002.87,3.56
2413,FL12412,2025-06-18,8,1.0,3,364,96,On Time,0,,780,60905.44,13722.52,47182.92,3.71
2414,FL12413,2024-01-11,15,3.0,4,280,223,On Time,0,,310,93474.5,18654.49,74820.01,4.1
2415,FL12414,2026-02-27,9,5.0,4,382,176,Delayed,65,,960,139187.81,22616.62,116571.19,2.97
2416,FL12415,2025-11-14,13,4.0,5,308,215,Delayed,124,,823,158963.16,26885.54,132077.62,3.28
2417,FL12416,2025-11-23,3,2.0,2,5,218,On Time,0,,92,34893.98,16781.12,18112.85,2.75
2418,FL12417,2025-02-23,3,3.0,6,449,225,On Time,0,,102,77473.97,17995.28,59478.7,3.76
2419,FL12418,2025-07-20,14,2.0,3,325,289,Delayed,135,,393,112637.67,25916.79,86720.88,3.87
2420,FL12419,2025-11-19,8,4.0,2,37,287,On Time,0,,807,183677.42,30941.49,152735.93,5.0
2421,FL12420,2024-12-14,9,2.0,5,568,313,On Time,0,,983,231738.06,32765.25,198972.82,4.94
2422,FL12421,2025-01-06,3,1.0,1,206,230,Cancelled,0,Crew,88,0.0,16633.38,-16633.38,3.08
2423,FL12422,2024-11-08,4,3.0,3,503,155,On Time,0,,695,93148.91,19853.09,73295.82,4.31
2424,FL12423,2024-12-22,13,5.0,5,447,135,On Time,0,,809,104588.57,17116.12,87472.45,4.21
2425,FL12424,2025-10-14,5,3.0,5,358,285,On Time,0,,73,80893.8,25394.98,55498.82,3.64
2426,FL12425,2026-05-18,9,2.0,2,250,300,Delayed,180,,926,216852.0,31068.82,185783.18,2.68
2427,FL12426,2024-08-03,5,1.0,1,575,98,Delayed,164,,50,15086.33,9519.72,5566.61,3.46
2428,FL12427,2024-09-14,4,5.0,1,61,139,On Time,0,,682,79418.77,17969.5,61449.27,3.93
2429,FL12428,2024-02-12,3,4.0,1,118,246,On Time,0,,102,35868.94,18454.02,17414.92,4.55
2430,FL12429,2025-01-01,14,1.0,5,320,127,Delayed,121,,383,54818.47,16859.91,37958.56,1.75
2431,FL12430,2026-01-30,15,1.0,5,10,101,Delayed,157,,310,39207.28,13536.64,25670.64,3.19
2432,FL12431,2024-12-04,2,1.0,4,142,319,On Time,0,,1354,340770.74,39489.35,301281.39,4.79
2433,FL12432,2024-01-06,6,2.0,4,79,112,On Time,0,,107,28706.97,7982.41,20724.56,4.37
2434,FL12433,2024-07-05,9,5.0,2,574,139,Delayed,127,,922,98311.64,21441.97,76869.67,2.66
2435,FL12434,2024-07-25,6,1.0,2,28,317,On Time,0,,64,50081.78,22952.46,27129.33,3.15
2436,FL12435,2024-07-13,11,5.0,1,78,113,On Time,0,,55,16625.59,9011.66,7613.93,3.97
2437,FL12436,2026-03-01,4,1.0,5,562,273,On Time,0,,734,184231.41,28341.4,155890.0,4.51
2438,FL12437,2026-06-25,1,4.0,1,50,219,Delayed,209,,673,120300.87,22768.25,97532.62,3.64
2439,FL12438,2025-03-07,6,2.0,1,178,214,On Time,0,,54,22405.08,15002.54,7402.55,4.08
2440,FL12439,2024-04-01,9,5.0,5,365,280,On Time,0,,946,212659.81,25616.07,187043.73,4.42
2441,FL12440,2026-07-08,3,3.0,4,46,94,On Time,0,,99,21826.95,7999.52,13827.42,4.17
2442,FL12441,2025-11-11,13,2.0,3,131,103,On Time,0,,814,62851.68,14506.46,48345.22,4.39
2443,FL12442,2026-02-25,1,2.0,2,599,134,On Time,0,,723,69468.63,16600.09,52868.53,4.61
2444,FL12443,2024-04-19,2,5.0,1,559,202,On Time,0,,1351,200978.04,29650.28,171327.76,3.71
2445,FL12444,2024-05-17,8,3.0,3,422,311,On Time,0,,786,177473.68,35373.09,142100.59,3.42
2446,FL12445,2024-05-31,8,2.0,3,116,105,Cancelled,0,Technical,776,0.0,15308.82,-15308.82,3.47
2447,FL12446,2026-08-13,5,4.0,4,624,186,On Time,0,,57,51623.36,12225.78,39397.58,3.67
2448,FL12447,2025-12-02,4,3.0,1,308,188,Delayed,147,,715,105667.52,22182.57,83484.94,2.03
2449,FL12448,2026-03-11,2,4.0,2,251,135,On Time,0,,1370,132934.92,25055.96,107878.96,4.93
2450,FL12449,2025-08-26,10,3.0,1,489,169,On Time,0,,92,31019.42,9895.67,21123.75,4.17
2451,FL12450,2024-12-03,6,1.0,3,451,136,On Time,0,,80,37524.98,12567.02,24957.96,4.14
2452,FL12451,2024-12-04,2,1.0,2,34,121,On Time,0,,1384,116695.05,20713.13,95981.92,3.88
2453,FL12452,2024-04-02,6,1.0,2,406,209,On Time,0,,50,40579.76,14791.12,25788.63,4.54
2454,FL12453,2024-08-22,15,3.0,4,650,304,On Time,0,,333,137910.45,25319.43,112591.02,3.17
2455,FL12454,2025-09-11,4,3.0,3,442,182,Cancelled,0,Crew,703,0.0,23048.19,-23048.19,3.0
2456,FL12455,2025-02-04,14,4.0,2,499,236,On Time,0,,401,86654.06,23306.91,63347.15,4.18
2457,FL12456,2025-06-04,4,5.0,5,439,244,Delayed,115,,725,157525.48,25963.89,131561.6,3.66
2458,FL12457,2026-04-16,3,1.0,3,219,283,On Time,0,,108,69422.51,23405.81,46016.71,2.89
2459,FL12458,2024-04-30,4,5.0,3,131,279,On Time,0,,670,148167.56,30038.13,118129.43,4.39
2460,FL12459,2025-11-26,5,5.0,3,307,298,On Time,0,,77,77802.42,24241.94,53560.48,3.73
2461,FL12460,2026-07-22,2,4.0,1,191,277,On Time,0,,1382,265555.16,29413.47,236141.69,3.58
2462,FL12461,2026-05-09,9,3.0,3,102,303,On Time,0,,932,233885.08,30656.68,203228.39,2.99
2463,FL12462,2024-07-07,6,1.0,4,408,312,On Time,0,,62,51724.61,26676.71,25047.9,5.0
2464,FL12463,2024-10-02,11,1.0,1,256,262,On Time,0,,82,27351.52,16634.12,10717.4,3.92
2465,FL12464,2025-08-14,8,1.0,4,452,203,Delayed,174,,780,149644.78,24778.51,124866.27,3.46
2466,FL12465,2025-03-21,7,4.0,1,205,160,On Time,0,,759,87606.53,18411.32,69195.2,3.32
2467,FL12466,2025-09-10,8,3.0,4,138,221,Cancelled,0,Operational,784,0.0,24056.6,-24056.6,2.01
2468,FL12467,2025-10-01,3,1.0,1,200,280,On Time,0,,52,46740.9,17265.52,29475.38,4.53
2469,FL12468,2024-05-27,11,1.0,2,6,263,On Time,0,,67,52487.05,17381.36,35105.69,3.12
2470,FL12469,2026-04-14,2,1.0,3,501,209,On Time,0,,1357,214977.87,29804.73,185173.14,4.85
2471,FL12470,2024-04-18,11,4.0,4,446,107,On Time,0,,78,25737.33,7048.57,18688.77,5.0
2472,FL12471,2025-08-06,15,4.0,5,521,152,Delayed,193,,340,73529.2,15543.51,57985.69,2.8
2473,FL12472,2026-06-04,12,4.0,3,438,222,Delayed,219,,77,45422.22,16614.07,28808.15,3.0
2474,FL12473,2024-02-16,7,1.0,1,238,178,On Time,0,,741,101932.25,15398.59,86533.67,2.35
2475,FL12474,2025-02-13,5,1.0,3,575,194,On Time,0,,77,41811.97,14517.05,27294.92,2.87
2476,FL12475,2025-03-03,14,1.0,5,76,159,Delayed,146,,400,75698.62,21387.1,54311.53,3.71
2477,FL12476,2025-02-02,4,4.0,1,411,107,On Time,0,,714,55023.16,14086.44,40936.71,4.82
2478,FL12477,2026-04-04,8,4.0,5,29,197,On Time,0,,760,139470.93,18499.17,120971.76,3.49
2479,FL12478,2024-03-07,12,2.0,3,484,192,On Time,0,,93,44218.34,12873.85,31344.5,3.59
2480,FL12479,2026-01-25,14,1.0,1,619,269,On Time,0,,347,88905.78,22389.62,66516.16,2.97
2481,FL12480,2024-01-15,14,2.0,5,402,115,On Time,0,,415,58236.86,12181.67,46055.19,3.27
2482,FL12481,2026-07-05,2,5.0,1,68,201,On Time,0,,1368,185169.34,29205.56,155963.78,4.86
2483,FL12482,2026-07-26,14,1.0,3,53,286,Delayed,194,,389,133173.09,28974.19,104198.9,3.5
2484,FL12483,2025-12-17,2,4.0,2,425,151,On Time,0,,1363,144156.17,24219.94,119936.22,2.83
2485,FL12484,2026-03-15,9,3.0,4,310,162,Delayed,64,,955,132589.36,23118.77,109470.59,3.67
2486,FL12485,2024-06-03,14,1.0,1,59,110,Delayed,105,,412,41190.88,12635.78,28555.1,4.84
2487,FL12486,2024-05-24,10,5.0,1,400,222,On Time,0,,55,31780.45,14533.33,17247.12,3.74
2488,FL12487,2024-07-12,15,3.0,4,516,286,On Time,0,,340,117742.37,23368.92,94373.45,3.57
2489,FL12488,2024-11-28,6,4.0,6,415,200,On Time,0,,79,58597.23,13506.87,45090.36,4.38
2490,FL12489,2024-11-27,5,1.0,1,235,185,Delayed,129,,50,22699.96,15064.26,7635.7,3.95
2491,FL12490,2024-06-06,5,2.0,3,641,262,On Time,0,,52,57245.02,19777.72,37467.29,4.53
2492,FL12491,2024-04-20,6,4.0,5,215,191,Delayed,217,,80,53846.77,19527.1,34319.67,3.09
2493,FL12492,2026-02-22,11,4.0,2,647,181,On Time,0,,91,39314.64,11897.99,27416.65,3.73
2494,FL12493,2025-10-26,7,1.0,3,17,265,On Time,0,,765,161077.43,31052.53,130024.9,2.88
2495,FL12494,2026-02-24,12,4.0,6,61,155,On Time,0,,72,49659.33,11969.14,37690.19,3.2
2496,FL12495,2024-12-09,7,5.0,5,627,285,On Time,0,,758,181113.06,28749.79,152363.27,4.23
2497,FL12496,2026-03-28,5,4.0,2,86,151,On Time,0,,87,29946.84,11852.15,18094.69,3.65
2498,FL12497,2024-07-07,3,2.0,5,315,207,On Time,0,,105,65937.3,18172.98,47764.31,4.16
2499,FL12498,2025-12-31,9,5.0,5,436,147,On Time,0,,905,125750.84,20071.79,105679.04,3.84
2500,FL12499,2024-08-13,14,4.0,4,98,235,On Time,0,,381,113251.26,16068.3,97182.97,4.04
2501,FL12500,2025-05-10,13,1.0,3,109,189,On Time,0,,795,129486.38,19892.16,109594.22,4.01
2502,FL12501,2026-06-20,4,1.0,6,83,145,On Time,0,,691,106080.41,17978.93,88101.48,4.48
2503,FL12502,2024-03-25,8,5.0,6,457,261,On Time,0,,737,202627.98,24392.79,178235.18,4.55
2504,FL12503,2026-01-07,11,2.0,6,443,305,On Time,0,,61,104475.7,26090.47,78385.23,3.99
2505,FL12504,2025-06-19,10,1.0,5,479,96,Delayed,72,,50,20436.61,12867.62,7568.99,3.17
2506,FL12505,2024-11-03,2,3.0,3,135,220,On Time,0,,1378,213731.61,28073.66,185657.95,3.98
2507,FL12506,2026-07-22,9,3.0,1,582,255,On Time,0,,955,162444.74,30259.85,132184.89,3.49
2508,FL12507,2026-01-19,1,3.0,1,323,255,On Time,0,,714,147130.17,23767.32,123362.85,4.71
2509,FL12508,2026-03-08,2,4.0,6,171,140,On Time,0,,1359,152263.5,21970.51,130292.99,3.63
2510,FL12509,2026-05-31,10,5.0,3,126,116,Delayed,107,,61,21523.78,12781.3,8742.48,3.2
2511,FL12510,2026-03-31,2,4.0,1,262,208,On Time,0,,1364,195568.46,30982.63,164585.83,4.11
2512,FL12511,2026-01-07,6,1.0,2,250,236,On Time,0,,89,31853.21,17156.87,14696.33,4.2
2513,FL12512,2024-06-15,9,1.0,1,543,156,On Time,0,,935,108352.77,17479.61,90873.17,4.17
2514,FL12513,2025-01-08,10,1.0,4,498,174,On Time,0,,50,29194.82,13617.42,15577.4,3.91
2515,FL12514,2025-01-09,7,2.0,4,421,212,On Time,0,,757,130918.03,24923.5,105994.53,5.0
2516,FL12515,2024-06-19,2,2.0,3,19,193,On Time,0,,1382,196273.0,30061.85,166211.15,4.05
2517,FL12516,2024-10-08,12,5.0,5,304,201,On Time,0,,106,51399.26,14116.32,37282.94,3.84
2518,FL12517,2026-01-24,15,2.0,3,149,246,Cancelled,0,Crew,363,0.0,19183.3,-19183.3,4.17
2519,FL12518,2025-07-15,14,1.0,6,375,316,On Time,0,,433,163488.85,27166.02,136322.83,3.49
2520,FL12519,2024-02-23,12,5.0,5,599,273,On Time,0,,121,92491.71,17620.92,74870.78,5.0
2521,FL12520,2025-10-09,7,2.0,1,583,91,Delayed,204,,723,51531.21,15566.24,35964.97,2.0
2522,FL12521,2024-10-02,14,5.0,2,429,170,Cancelled,0,Crew,408,0.0,14062.77,-14062.77,2.74
2523,FL12522,2024-02-23,8,4.0,5,135,92,On Time,0,,783,63031.07,14913.09,48117.98,2.91
2524,FL12523,2024-03-15,3,5.0,4,575,290,Delayed,22,,85,86041.58,29015.59,57026.0,2.41
2525,FL12524,2024-03-24,13,5.0,5,411,238,On Time,0,,778,176820.65,23618.76,153201.89,4.29
2526,FL12525,2024-08-24,5,1.0,3,16,140,Delayed,39,,72,39726.77,15969.03,23757.75,3.49
2527,FL12526,2025-09-13,15,4.0,1,22,282,On Time,0,,348,93904.31,21245.66,72658.65,3.6
2528,FL12527,2024-10-28,6,3.0,5,571,219,On Time,0,,98,59040.41,15907.8,43132.6,5.0
2529,FL12528,2026-04-24,14,4.0,5,72,101,On Time,0,,405,49578.86,12201.46,37377.39,4.74
2530,FL12529,2024-12-15,9,4.0,4,508,124,Delayed,229,,957,99327.08,21639.21,77687.87,3.27
2531,FL12530,2024-02-22,8,3.0,3,16,276,On Time,0,,776,190634.18,29241.02,161393.16,2.82
2532,FL12531,2024-05-16,5,2.0,1,82,156,On Time,0,,71,29182.21,10236.63,18945.58,4.62
2533,FL12532,2024-08-13,13,5.0,5,6,210,Delayed,24,,763,151584.48,21215.24,130369.24,2.99
2534,FL12533,2025-08-10,1,4.0,4,288,295,On Time,0,,715,175519.62,32515.52,143004.1,4.19
2535,FL12534,2025-05-27,8,5.0,5,526,156,Delayed,224,,789,102198.04,21740.1,80457.94,3.82
2536,FL12535,2026-07-11,6,2.0,2,252,92,On Time,0,,109,12752.65,6182.91,6569.74,3.74
2537,FL12536,2024-05-12,9,5.0,5,212,109,On Time,0,,944,87258.62,15862.31,71396.31,4.83
2538,FL12537,2024-04-20,4,2.0,5,562,300,On Time,0,,719,216045.52,24485.28,191560.24,3.75
2539,FL12538,2025-05-27,10,3.0,6,364,227,On Time,0,,51,82975.92,13674.14,69301.78,4.35
2540,FL12539,2025-11-12,6,5.0,4,431,165,On Time,0,,105,46547.42,14742.8,31804.62,4.49
2541,FL12540,2025-01-24,3,2.0,5,477,108,On Time,0,,125,36961.81,8681.59,28280.21,4.59
2542,FL12541,2024-06-22,3,2.0,3,480,250,On Time,0,,119,51104.06,16730.32,34373.75,5.0
2543,FL12542,2025-02-15,11,5.0,5,105,99,On Time,0,,68,22548.63,8886.26,13662.38,3.47
2544,FL12543,2025-09-07,4,5.0,5,595,111,On Time,0,,691,70182.14,16235.4,53946.74,3.26
2545,FL12544,2025-03-29,5,2.0,5,415,226,Delayed,240,,59,47365.39,22167.18,25198.2,3.09
2546,FL12545,2024-06-06,10,2.0,6,204,237,On Time,0,,50,64786.69,19620.8,45165.9,5.0
2547,FL12546,2024-02-25,5,2.0,1,418,221,On Time,0,,76,27203.3,20048.6,7154.7,4.88
2548,FL12547,2026-04-30,6,1.0,5,45,299,Delayed,157,,66,86511.05,21465.53,65045.52,2.94
2549,FL12548,2024-11-18,4,3.0,5,546,151,On Time,0,,703,101508.39,19114.65,82393.74,3.77
2550,FL12549,2024-01-23,6,2.0,4,284,217,On Time,0,,74,48686.71,15091.56,33595.15,3.99
2551,FL12550,2025-02-05,11,5.0,4,39,160,Delayed,198,,50,42514.11,12043.8,30470.31,3.48
2552,FL12551,2024-07-27,9,1.0,5,611,173,On Time,0,,966,138016.74,20013.71,118003.02,4.42
2553,FL12552,2024-07-17,15,4.0,3,284,124,Cancelled,0,Crew,334,0.0,10687.86,-10687.86,3.44
2554,FL12553,2025-09-19,12,3.0,3,440,272,On Time,0,,114,51768.57,22994.57,28774.0,4.78
2555,FL12554,2025-10-02,1,4.0,5,488,251,On Time,0,,680,178367.72,29198.87,149168.85,5.0
2556,FL12555,2025-10-07,6,1.0,5,24,253,On Time,0,,56,71909.99,15422.58,56487.41,3.91
2557,FL12556,2026-04-25,5,3.0,2,249,122,On Time,0,,59,24346.18,10647.74,13698.44,3.86
2558,FL12557,2025-03-14,9,4.0,5,640,117,Cancelled,0,Technical,950,0.0,17888.64,-17888.64,2.76
2559,FL12558,2025-12-08,4,2.0,2,358,269,On Time,0,,693,152954.7,22121.27,130833.43,3.82
2560,FL12559,2024-08-22,15,5.0,1,351,243,Cancelled,0,Crew,359,0.0,21919.73,-21919.73,3.24
2561,FL12560,2025-09-16,5,3.0,6,630,96,On Time,0,,87,23449.41,5772.37,17677.03,4.41
2562,FL12561,2025-08-18,8,2.0,2,258,242,Delayed,221,,766,158723.78,27223.94,131499.85,4.42
2563,FL12562,2024-12-15,2,1.0,2,295,315,Cancelled,0,Operational,1425,0.0,36703.98,-36703.98,2.54
2564,FL12563,2026-08-07,14,1.0,2,322,262,On Time,0,,390,100380.45,25584.03,74796.43,4.23
2565,FL12564,2026-06-11,14,3.0,3,572,153,Cancelled,0,Operational,417,0.0,11991.89,-11991.89,2.45
2566,FL12565,2025-09-04,12,3.0,1,350,162,Delayed,124,,91,31200.65,13415.55,17785.1,3.56
2567,FL12566,2024-07-01,6,5.0,1,415,262,On Time,0,,83,23934.27,20064.49,3869.78,5.0
2568,FL12567,2024-06-19,1,4.0,3,599,182,On Time,0,,722,108525.47,19762.42,88763.05,3.91
2569,FL12568,2025-09-10,11,1.0,2,127,259,On Time,0,,50,56713.24,23023.34,33689.9,5.0
2570,FL12569,2026-05-27,7,3.0,2,237,310,On Time,0,,773,173650.49,29197.78,144452.71,3.46
2571,FL12570,2024-06-05,15,3.0,6,399,183,On Time,0,,316,85351.97,18259.44,67092.53,3.7
2572,FL12571,2025-11-15,11,1.0,4,431,221,On Time,0,,59,51321.53,17339.96,33981.57,3.78
2573,FL12572,2025-07-04,9,4.0,1,130,202,On Time,0,,933,141642.68,21877.6,119765.07,4.11
2574,FL12573,2025-07-28,15,3.0,1,75,206,On Time,0,,320,51542.29,18401.16,33141.13,3.9
2575,FL12574,2024-05-18,13,1.0,5,286,107,On Time,0,,782,80187.28,14803.16,65384.12,4.5
2576,FL12575,2024-06-18,7,3.0,2,276,316,On Time,0,,714,179156.84,32499.85,146656.99,2.21
2577,FL12576,2025-02-25,1,4.0,1,207,214,Delayed,60,,719,113875.44,23695.03,90180.41,2.66
2578,FL12577,2024-10-11,2,2.0,4,604,142,Cancelled,0,Weather,1368,0.0,21346.74,-21346.74,4.23
2579,FL12578,2025-08-31,7,2.0,6,131,222,Delayed,121,,735,166442.69,27163.46,139279.23,2.39
2580,FL12579,2025-04-02,9,1.0,3,497,181,On Time,0,,966,135842.96,25516.6,110326.36,3.77
2581,FL12580,2025-08-29,1,2.0,5,591,279,On Time,0,,739,201700.32,26909.63,174790.69,4.4
2582,FL12581,2025-07-24,2,5.0,3,605,264,Delayed,106,,1335,275782.32,39701.25,236081.07,3.27
2583,FL12582,2026-07-10,11,4.0,1,567,177,On Time,0,,99,19994.58,16203.72,3790.85,3.45
2584,FL12583,2024-12-02,12,1.0,5,84,254,On Time,0,,96,88127.95,15457.41,72670.54,4.29
2585,FL12584,2024-12-22,1,3.0,6,481,97,On Time,0,,676,69714.31,14367.29,55347.02,4.54
2586,FL12585,2025-09-12,8,1.0,6,304,312,On Time,0,,789,237415.13,26506.74,210908.39,3.61
2587,FL12586,2025-06-24,2,3.0,1,650,207,Delayed,115,,1364,200725.27,33687.38,167037.89,3.56
2588,FL12587,2024-06-06,11,1.0,4,342,240,On Time,0,,84,50246.35,14426.57,35819.78,4.56
2589,FL12588,2024-08-31,13,4.0,4,114,238,Delayed,203,,796,153324.28,29031.39,124292.89,4.0
2590,FL12589,2026-02-24,14,3.0,1,62,162,On Time,0,,399,55342.92,14000.78,41342.14,4.24
2591,FL12590,2024-03-25,9,4.0,6,448,248,On Time,0,,937,207087.3,27213.5,179873.8,5.0
2592,FL12591,2024-06-13,10,3.0,1,339,181,On Time,0,,50,37997.36,15453.49,22543.87,4.03
2593,FL12592,2025-11-21,14,2.0,2,217,246,On Time,0,,406,85853.68,17434.39,68419.29,3.36
2594,FL12593,2026-07-04,10,2.0,6,247,110,Delayed,92,,50,34513.45,14895.58,19617.87,3.16
2595,FL12594,2026-03-28,7,2.0,4,505,123,On Time,0,,746,81852.66,14240.14,67612.51,4.79
2596,FL12595,2025-11-25,12,3.0,5,6,302,On Time,0,,126,103365.42,22607.14,80758.28,3.42
2597,FL12596,2024-09-25,9,3.0,3,115,259,On Time,0,,942,185558.05,30718.79,154839.26,2.54
2598,FL12597,2026-01-07,13,4.0,5,71,119,Delayed,62,,807,79858.25,16324.98,63533.27,3.6
2599,FL12598,2024-12-29,8,1.0,1,345,139,Cancelled,0,Operational,780,0.0,18348.33,-18348.33,2.71
2600,FL12599,2024-11-10,14,2.0,5,318,215,On Time,0,,384,103967.15,18494.66,85472.49,5.0
2601,FL12600,2024-09-24,1,5.0,1,507,91,On Time,0,,672,51038.8,13924.3,37114.51,4.17
2602,FL12601,2024-10-25,1,5.0,2,71,182,Delayed,29,,703,108746.71,22075.58,86671.13,4.1
2603,FL12602,2025-08-30,2,5.0,4,317,165,On Time,0,,1363,178373.3,24117.69,154255.61,3.68
2604,FL12603,2026-02-19,9,2.0,3,260,120,On Time,0,,928,88562.97,15657.73,72905.25,4.39
2605,FL12604,2025-09-27,11,1.0,1,499,158,On Time,0,,50,18657.79,10071.68,8586.11,4.24
2606,FL12605,2026-03-10,4,1.0,5,642,157,On Time,0,,662,93828.07,20474.16,73353.91,4.9
2607,FL12606,2024-09-14,3,1.0,2,130,105,On Time,0,,132,16732.11,7907.14,8824.98,4.12
2608,FL12607,2025-07-14,13,5.0,6,286,235,On Time,0,,794,179698.69,22452.14,157246.55,3.66
2609,FL12608,2025-10-14,12,5.0,1,339,152,On Time,0,,68,20463.17,9463.84,10999.34,4.68
2610,FL12609,2025-01-03,10,5.0,2,368,97,On Time,0,,50,12844.59,8171.67,4672.93,3.54
2611,FL12610,2026-01-26,8,4.0,2,143,95,On Time,0,,781,58592.65,13750.99,44841.66,3.47
2612,FL12611,2025-06-19,7,2.0,4,272,312,On Time,0,,747,220194.93,26061.19,194133.73,3.97
2613,FL12612,2024-09-15,1,3.0,3,473,117,Delayed,22,,699,70266.04,19757.62,50508.42,3.09
2614,FL12613,2025-11-05,3,5.0,1,70,299,Delayed,115,,137,35738.37,28866.28,6872.09,3.31
2615,FL12614,2024-02-21,14,5.0,4,481,128,On Time,0,,433,62756.46,14287.17,48469.29,3.57
2616,FL12615,2026-01-25,6,3.0,6,526,109,On Time,0,,79,31763.24,8633.14,23130.1,4.73
2617,FL12616,2024-07-05,11,5.0,1,626,215,On Time,0,,59,41404.27,15034.75,26369.52,4.72
2618,FL12617,2025-03-07,11,2.0,2,478,289,On Time,0,,74,48144.6,17989.32,30155.29,4.54
2619,FL12618,2025-12-21,5,3.0,3,166,106,On Time,0,,50,22727.41,7550.24,15177.17,4.48
2620,FL12619,2026-01-30,4,5.0,5,289,165,On Time,0,,715,119151.66,18349.75,100801.9,2.8
2621,FL12620,2024-12-07,11,2.0,1,521,263,Delayed,217,,70,24589.87,18147.96,6441.91,3.38
2622,FL12621,2025-09-07,2,4.0,2,124,105,Delayed,204,,1342,98515.86,22266.99,76248.88,3.86
2623,FL12622,2024-03-22,8,3.0,2,482,128,Delayed,207,,769,77257.07,19857.0,57400.07,4.17
2624,FL12623,2026-03-19,14,2.0,4,476,160,On Time,0,,403,70536.18,15631.58,54904.6,3.87
2625,FL12624,2024-08-22,11,2.0,1,49,275,Delayed,162,,50,64149.92,18112.66,46037.27,4.15
2626,FL12625,2026-02-07,12,4.0,4,215,276,Delayed,118,,78,64333.63,28158.32,36175.31,3.5
2627,FL12626,2025-05-02,2,3.0,3,207,253,Delayed,237,,1357,243980.89,35588.29,208392.6,1.62
2628,FL12627,2025-01-29,3,2.0,2,317,243,Delayed,202,,116,39225.25,21902.4,17322.85,3.24
2629,FL12628,2024-11-19,5,4.0,6,484,96,Delayed,51,,101,31096.77,10872.66,20224.11,2.75
2630,FL12629,2026-01-06,5,1.0,5,167,144,Delayed,227,,74,42915.06,11300.1,31614.96,2.9
2631,FL12630,2024-10-16,3,1.0,5,37,301,On Time,0,,50,82602.51,26570.2,56032.31,4.68
2632,FL12631,2025-08-02,15,5.0,6,275,255,On Time,0,,309,122332.75,24204.12,98128.62,4.19
2633,FL12632,2024-01-21,3,4.0,2,610,145,On Time,0,,166,38027.28,13789.83,24237.45,3.66
2634,FL12633,2025-09-27,11,3.0,6,593,252,On Time,0,,70,79891.79,17703.89,62187.9,3.56
2635,FL12634,2024-05-03,9,1.0,2,275,256,On Time,0,,893,186236.07,23597.49,162638.58,4.28
2636,FL12635,2024-08-06,10,3.0,2,195,260,On Time,0,,108,62000.79,14824.07,47176.72,3.88
2637,FL12636,2025-11-25,4,3.0,4,242,315,On Time,0,,669,191541.77,32365.1,159176.67,4.45
2638,FL12637,2026-01-11,5,3.0,5,253,214,On Time,0,,78,54373.27,13229.26,41144.0,3.46
2639,FL12638,2024-04-11,10,1.0,4,177,103,Cancelled,0,Technical,50,0.0,7171.22,-7171.22,2.75
2640,FL12639,2024-04-20,5,3.0,4,330,278,On Time,0,,110,63195.83,25273.87,37921.96,3.27
2641,FL12640,2024-04-24,11,3.0,3,351,93,On Time,0,,50,13677.0,7016.52,6660.49,3.64
2642,FL12641,2024-07-05,1,2.0,4,185,237,On Time,0,,692,152238.09,20874.47,131363.62,5.0
2643,FL12642,2024-08-28,2,1.0,3,459,273,On Time,0,,1387,277802.87,37224.82,240578.05,3.52
2644,FL12643,2024-12-01,11,5.0,3,630,118,On Time,0,,55,24106.8,7973.64,16133.16,3.69
2645,FL12644,2025-05-12,10,4.0,4,484,273,On Time,0,,71,68526.13,20392.01,48134.12,3.46
2646,FL12645,2025-12-30,1,4.0,4,69,276,On Time,0,,720,178450.23,23716.53,154733.7,3.88
2647,FL12646,2024-03-19,14,4.0,2,282,240,On Time,0,,395,79124.32,21167.6,57956.72,3.95
2648,FL12647,2025-02-01,1,4.0,1,80,164,On Time,0,,681,88990.89,16791.91,72198.99,4.79
2649,FL12648,2024-02-03,15,1.0,2,224,136,On Time,0,,316,48762.52,14360.48,34402.03,3.74
2650,FL12649,2025-08-15,11,3.0,3,409,252,Delayed,88,,59,39035.17,18799.49,20235.68,3.37
2651,FL12650,2026-05-14,15,5.0,1,610,126,Delayed,17,,344,44756.34,13062.3,31694.04,2.08
2652,FL12651,2026-05-28,15,2.0,2,396,245,On Time,0,,348,72458.05,25383.11,47074.93,3.44
2653,FL12652,2024-03-06,5,5.0,6,150,129,Delayed,185,,71,35599.05,11703.09,23895.97,4.01
2654,FL12653,2025-11-13,12,1.0,2,185,167,Delayed,180,,110,33607.65,16290.71,17316.94,2.74
2655,FL12654,2026-01-31,4,2.0,5,334,206,Delayed,38,,663,141360.18,26680.37,114679.81,3.8
2656,FL12655,2026-03-07,8,2.0,1,50,127,On Time,0,,787,77116.75,16437.65,60679.09,3.4
2657,FL12656,2024-02-15,4,4.0,6,143,272,On Time,0,,694,196420.65,25911.14,170509.51,3.89
2658,FL12657,2024-05-07,8,1.0,2,86,249,On Time,0,,791,148605.79,28559.29,120046.5,5.0
2659,FL12658,2024-12-22,14,2.0,3,648,93,On Time,0,,407,38553.12,9731.86,28821.25,4.48
2660,FL12659,2024-02-28,7,4.0,5,145,285,On Time,0,,717,194559.96,24240.9,170319.06,2.73
2661,FL12660,2024-11-25,2,2.0,2,325,254,On Time,0,,1364,249199.16,34290.19,214908.98,5.0
2662,FL12661,2024-08-19,5,5.0,4,260,282,On Time,0,,93,69991.27,17206.47,52784.8,3.32
2663,FL12662,2026-04-02,12,5.0,5,473,228,Delayed,178,,102,64182.73,17935.88,46246.85,4.51
2664,FL12663,2026-05-09,8,2.0,1,365,234,On Time,0,,779,132876.29,27183.89,105692.39,3.71
2665,FL12664,2024-10-05,9,3.0,1,175,178,Cancelled,0,Technical,921,0.0,19365.8,-19365.8,2.2
2666,FL12665,2025-11-30,7,2.0,5,403,142,Delayed,127,,749,102638.25,18443.77,84194.47,3.01
2667,FL12666,2024-01-22,5,2.0,2,538,144,Delayed,237,,50,26814.89,14233.84,12581.05,2.88
2668,FL12667,2024-12-30,9,4.0,6,453,162,Delayed,138,,942,125633.62,23429.64,102203.98,2.94
2669,FL12668,2026-05-24,10,2.0,6,165,156,On Time,0,,51,53057.26,11440.89,41616.36,4.04
2670,FL12669,2026-05-22,14,1.0,6,32,263,On Time,0,,399,135154.13,24512.66,110641.47,4.31
2671,FL12670,2025-01-04,10,2.0,6,464,210,Delayed,81,,50,58707.86,19542.38,39165.48,4.22
2672,FL12671,2025-09-19,15,5.0,5,356,184,On Time,0,,325,75092.26,17713.81,57378.45,4.14
2673,FL12672,2024-02-18,13,2.0,3,45,256,On Time,0,,775,162153.53,21460.86,140692.67,4.05
2674,FL12673,2026-02-05,2,2.0,6,29,258,On Time,0,,1361,279258.33,31441.34,247816.99,3.53
2675,FL12674,2024-08-21,6,4.0,3,90,305,On Time,0,,75,56607.52,27552.43,29055.09,3.82
2676,FL12675,2024-03-25,6,1.0,4,424,161,On Time,0,,64,49591.57,11655.36,37936.21,3.67
2677,FL12676,2025-05-28,1,2.0,1,165,145,On Time,0,,697,79099.59,15233.64,63865.95,3.11
2678,FL12677,2026-03-07,3,1.0,6,208,91,On Time,0,,100,36894.62,8907.89,27986.73,5.0
2679,FL12678,2025-08-21,12,5.0,4,648,126,On Time,0,,116,34281.56,9345.35,24936.2,4.16
2680,FL12679,2025-04-14,6,5.0,6,396,228,On Time,0,,86,77240.54,16720.09,60520.45,4.17
2681,FL12680,2024-09-16,3,4.0,3,53,276,On Time,0,,70,54744.69,18081.41,36663.27,4.79
2682,FL12681,2024-03-22,5,2.0,2,311,228,On Time,0,,82,38741.53,18157.24,20584.29,2.32
2683,FL12682,2024-02-01,5,4.0,4,220,318,On Time,0,,94,77255.3,20127.45,57127.85,5.0
2684,FL12683,2024-02-07,3,4.0,6,531,234,On Time,0,,110,83275.51,18536.58,64738.93,3.44
2685,FL12684,2024-11-25,2,5.0,4,364,292,On Time,0,,1318,304634.28,36782.76,267851.52,3.43
2686,FL12685,2025-06-26,12,1.0,5,64,151,Delayed,195,,102,47032.19,14092.61,32939.58,2.95
2687,FL12686,2024-01-08,13,4.0,2,207,164,On Time,0,,820,103901.13,17700.82,86200.31,4.64
2688,FL12687,2025-07-16,8,1.0,5,348,276,Delayed,57,,772,195794.39,25497.3,170297.09,4.69
2689,FL12688,2025-12-01,10,3.0,5,208,242,On Time,0,,119,63682.5,20716.72,42965.77,5.0
2690,FL12689,2024-06-22,14,5.0,6,203,202,On Time,0,,348,99451.72,21511.22,77940.5,3.69
2691,FL12690,2025-02-27,13,1.0,1,644,309,On Time,0,,796,193242.61,25975.73,167266.89,2.83
2692,FL12691,2024-10-20,1,1.0,3,9,265,Delayed,22,,718,156864.07,28963.91,127900.17,3.03
2693,FL12692,2026-01-17,15,5.0,1,206,157,On Time,0,,335,49535.29,14851.43,34683.86,3.58
2694,FL12693,2025-01-12,2,1.0,3,350,230,On Time,0,,1369,231039.73,31544.97,199494.76,2.93
2695,FL12694,2026-01-27,1,4.0,5,502,181,On Time,0,,683,128458.71,22569.01,105889.7,4.38
2696,FL12695,2024-01-11,7,3.0,4,509,185,On Time,0,,726,108995.88,22637.37,86358.52,4.0
2697,FL12696,2026-05-15,12,2.0,5,148,275,Delayed,34,,108,85189.21,18199.54,66989.67,3.63
2698,FL12697,2026-07-18,2,5.0,5,399,246,Cancelled,0,Crew,1324,0.0,33582.11,-33582.11,3.48
2699,FL12698,2025-10-16,5,5.0,6,457,92,On Time,0,,85,30311.66,8272.49,22039.17,4.45
2700,FL12699,2026-03-05,4,2.0,6,31,222,On Time,0,,693,154816.33,20150.46,134665.87,3.96
2701,FL12700,2025-11-18,6,1.0,4,364,238,On Time,0,,82,46828.25,17685.89,29142.37,5.0
2702,FL12701,2024-08-27,15,1.0,6,422,207,Cancelled,0,Crew,349,0.0,15587.51,-15587.51,2.68
2703,FL12702,2024-05-18,5,1.0,1,111,158,On Time,0,,141,23486.13,10730.76,12755.36,3.58
2704,FL12703,2026-03-19,4,5.0,5,466,239,On Time,0,,723,157598.34,26026.88,131571.45,3.85
2705,FL12704,2024-01-01,2,3.0,4,264,307,Cancelled,0,Crew,1342,0.0,29325.15,-29325.15,3.35
2706,FL12705,2025-08-06,3,4.0,6,47,109,Cancelled,0,Weather,140,0.0,9469.93,-9469.93,3.44
2707,FL12706,2024-01-23,2,2.0,4,284,228,On Time,0,,1312,247662.2,24722.05,222940.15,3.78
2708,FL12707,2024-06-20,9,5.0,2,251,299,On Time,0,,936,210869.32,26571.25,184298.07,3.79
2709,FL12708,2024-11-08,7,4.0,5,482,182,Delayed,53,,741,132715.51,24549.73,108165.79,4.15
2710,FL12709,2026-01-26,8,4.0,6,195,167,Delayed,117,,774,125866.1,18303.48,107562.62,2.45
2711,FL12710,2024-04-03,13,3.0,1,496,146,On Time,0,,798,92396.2,17553.35,74842.86,5.0
2712,FL12711,2024-04-02,9,4.0,1,488,141,On Time,0,,942,94895.83,18742.34,76153.49,3.8
2713,FL12712,2024-08-16,3,3.0,4,407,179,On Time,0,,122,43112.8,15117.32,27995.49,3.87
2714,FL12713,2025-02-10,6,2.0,4,240,267,On Time,0,,61,56091.71,24234.62,31857.1,4.24
2715,FL12714,2024-10-12,5,3.0,4,76,131,On Time,0,,64,32044.76,9582.46,22462.3,4.35
2716,FL12715,2025-12-23,13,2.0,1,136,143,Delayed,165,,828,80042.67,19603.02,60439.64,2.87
2717,FL12716,2025-04-10,5,5.0,4,196,319,On Time,0,,86,94091.31,27432.95,66658.37,4.22
2718,FL12717,2026-05-09,3,4.0,4,346,319,On Time,0,,93,74544.74,21313.03,53231.71,3.39
2719,FL12718,2026-04-29,12,4.0,6,608,142,Delayed,194,,106,44023.43,12818.63,31204.81,2.91
2720,FL12719,2024-10-02,7,4.0,3,494,186,On Time,0,,775,119800.35,22467.68,97332.68,2.96
2721,FL12720,2025-12-13,2,3.0,3,571,182,On Time,0,,1338,191373.49,23080.38,168293.11,4.09
2722,FL12721,2025-08-01,11,5.0,1,256,158,Delayed,125,,50,26289.08,14026.47,12262.62,3.19
2723,FL12722,2025-09-04,4,2.0,4,38,125,On Time,0,,684,83694.25,15552.59,68141.65,2.69
2724,FL12723,2026-03-17,14,3.0,4,583,104,Delayed,143,,396,46066.01,14540.06,31525.96,2.86
2725,FL12724,2024-06-28,13,1.0,2,610,231,On Time,0,,812,143262.88,25541.54,117721.34,3.98
2726,FL12725,2026-04-09,6,2.0,5,424,99,On Time,0,,56,35037.24,7685.16,27352.08,4.56
2727,FL12726,2025-06-30,9,3.0,6,316,232,On Time,0,,926,212374.98,26819.82,185555.17,3.17
2728,FL12727,2024-01-04,9,3.0,2,76,111,On Time,0,,919,82278.43,15505.65,66772.78,3.8
2729,FL12728,2025-01-17,10,5.0,4,508,125,On Time,0,,50,35135.15,7368.22,27766.94,3.28
2730,FL12729,2024-03-31,2,4.0,5,635,91,On Time,0,,1353,101014.43,20850.44,80163.99,4.47
2731,FL12730,2024-11-12,5,3.0,1,317,181,On Time,0,,50,17844.95,16025.27,1819.69,3.57
2732,FL12731,2024-06-30,3,3.0,2,471,165,On Time,0,,85,31809.88,14100.55,17709.34,4.34
2733,FL12732,2025-09-19,11,4.0,3,61,166,Delayed,39,,50,43689.06,17465.17,26223.89,3.07
2734,FL12733,2024-01-13,2,4.0,1,154,161,On Time,0,,1363,155399.11,23417.31,131981.8,2.89
2735,FL12734,2024-03-23,8,2.0,3,405,305,On Time,0,,815,197571.18,28759.92,168811.26,3.95
2736,FL12735,2026-05-06,11,3.0,1,202,188,On Time,0,,50,36398.03,15311.64,21086.38,3.23
2737,FL12736,2025-01-22,15,3.0,6,67,276,On Time,0,,352,135771.46,18871.6,116899.85,4.73
2738,FL12737,2024-03-04,5,1.0,4,307,143,On Time,0,,100,38931.08,10421.11,28509.97,5.0
2739,FL12738,2026-01-20,1,5.0,2,470,201,On Time,0,,723,116707.35,17868.35,98839.01,4.41
2740,FL12739,2026-05-26,11,3.0,5,15,104,On Time,0,,73,31173.03,7365.95,23807.09,3.58
2741,FL12740,2024-11-06,1,2.0,1,235,149,On Time,0,,730,82541.29,18072.94,64468.35,4.01
2742,FL12741,2024-10-20,1,4.0,4,582,106,On Time,0,,716,72399.44,12852.46,59546.98,4.19
2743,FL12742,2025-06-26,15,4.0,5,32,94,Delayed,186,,354,46440.56,10535.36,35905.19,4.01
2744,FL12743,2024-03-12,13,5.0,5,53,131,On Time,0,,795,93234.25,17457.07,75777.17,3.88
2745,FL12744,2026-08-06,11,1.0,2,600,126,On Time,0,,50,23718.6,11371.08,12347.52,4.27
2746,FL12745,2024-12-28,13,3.0,4,112,162,On Time,0,,816,119391.62,19693.85,99697.77,2.91
2747,FL12746,2024-08-31,2,1.0,5,355,261,Delayed,142,,1418,280678.2,35227.74,245450.47,3.46
2748,FL12747,2025-11-28,2,3.0,5,349,124,On Time,0,,1359,128239.39,23212.02,105027.37,3.44
2749,FL12748,2025-01-10,5,3.0,2,391,230,On Time,0,,67,33119.38,19019.75,14099.63,4.03
2750,FL12749,2024-05-09,1,3.0,6,519,173,On Time,0,,706,117318.17,20803.61,96514.56,3.33
2751,FL12750,2025-03-27,14,5.0,2,421,182,On Time,0,,362,65467.9,19330.34,46137.56,4.27
2752,FL12751,2026-07-03,1,3.0,3,610,302,On Time,0,,686,174074.92,28186.43,145888.48,4.41
2753,FL12752,2025-04-17,9,3.0,2,416,196,On Time,0,,951,147444.67,22706.94,124737.73,3.85
2754,FL12753,2024-06-18,13,1.0,1,76,150,Delayed,178,,791,86671.67,24985.97,61685.7,2.74
2755,FL12754,2024-07-30,12,2.0,2,390,144,Delayed,97,,97,34317.15,15070.57,19246.59,3.67
2756,FL12755,2026-05-10,4,5.0,1,11,128,On Time,0,,696,62456.29,14759.7,47696.59,5.0
2757,FL12756,2026-01-06,8,3.0,5,249,274,On Time,0,,778,193891.63,27878.02,166013.62,5.0
2758,FL12757,2024-01-14,9,5.0,4,455,242,On Time,0,,930,191155.73,28850.66,162305.07,4.26
2759,FL12758,2024-07-26,12,3.0,3,625,151,On Time,0,,105,38889.77,12404.97,26484.8,4.18
2760,FL12759,2025-12-06,7,3.0,4,176,202,On Time,0,,744,141152.94,23180.4,117972.55,3.15
2761,FL12760,2024-10-14,5,3.0,4,63,206,Delayed,51,,50,46753.53,18779.89,27973.64,4.15
2762,FL12761,2025-04-10,12,3.0,2,86,100,On Time,0,,105,22894.46,9239.97,13654.49,2.49
2763,FL12762,2026-04-19,14,1.0,2,264,298,On Time,0,,379,94431.36,23174.33,71257.03,4.77
2764,FL12763,2026-01-05,8,1.0,6,3,271,On Time,0,,794,212869.58,22279.63,190589.95,4.02
2765,FL12764,2025-10-06,1,3.0,1,209,213,Cancelled,0,Technical,703,0.0,21275.11,-21275.11,1.42
2766,FL12765,2025-09-21,8,3.0,6,627,254,On Time,0,,788,195740.66,25997.15,169743.51,4.22
2767,FL12766,2024-08-24,14,3.0,6,235,115,Delayed,29,,395,63856.23,15239.6,48616.63,3.2
2768,FL12767,2024-07-06,15,3.0,2,477,314,Delayed,109,,331,116196.66,29902.78,86293.88,3.01
2769,FL12768,2026-02-22,7,2.0,2,99,237,On Time,0,,744,125936.77,24662.41,101274.36,3.82
2770,FL12769,2024-02-17,3,4.0,2,224,305,On Time,0,,113,54449.17,22330.46,32118.71,3.99
2771,FL12770,2025-09-12,9,4.0,4,308,288,On Time,0,,948,233666.69,36155.8,197510.89,3.99
2772,FL12771,2025-01-22,13,1.0,2,389,224,On Time,0,,795,144836.23,19880.24,124955.99,3.04
2773,FL12772,2024-01-27,15,3.0,5,352,156,On Time,0,,325,70770.58,12609.62,58160.96,4.26
2774,FL12773,2025-07-09,1,4.0,3,579,247,On Time,0,,667,129790.78,26595.75,103195.03,3.75
2775,FL12774,2024-05-06,5,4.0,6,629,207,Delayed,161,,67,74050.46,19956.01,54094.45,4.33
2776,FL12775,2026-03-25,8,2.0,6,593,184,Delayed,95,,755,147783.12,22238.8,125544.32,3.86
2777,FL12776,2024-08-26,2,5.0,3,488,253,On Time,0,,1355,256979.92,26856.3,230123.62,4.63
2778,FL12777,2024-08-14,14,4.0,4,348,294,On Time,0,,374,133402.57,24882.29,108520.27,5.0
2779,FL12778,2025-10-11,2,3.0,1,443,129,On Time,0,,1352,123531.32,21297.08,102234.24,4.48
2780,FL12779,2024-10-15,10,4.0,1,611,217,On Time,0,,50,40897.01,12658.47,28238.54,3.9
2781,FL12780,2024-12-17,14,5.0,4,430,269,On Time,0,,401,122265.72,21741.45,100524.27,2.34
2782,FL12781,2024-11-21,11,2.0,3,493,164,On Time,0,,73,33473.86,10138.63,23335.23,4.16
2783,FL12782,2025-04-29,12,1.0,3,413,168,Delayed,80,,99,40744.74,15225.75,25518.99,4.42
2784,FL12783,2025-11-24,4,3.0,1,356,92,On Time,0,,719,48494.23,14141.94,34352.28,4.58
2785,FL12784,2026-01-16,13,1.0,6,270,164,Delayed,127,,854,125051.43,16380.6,108670.83,2.97
2786,FL12785,2024-04-30,7,5.0,3,248,224,On Time,0,,748,125875.66,21798.65,104077.01,4.04
2787,FL12786,2025-03-25,1,5.0,3,251,313,On Time,0,,722,194317.95,29360.29,164957.66,3.64
2788,FL12787,2025-05-14,6,4.0,3,609,210,Delayed,83,,76,53445.19,13804.13,39641.06,3.5
2789,FL12788,2026-06-30,6,5.0,3,97,156,On Time,0,,84,38877.24,13071.62,25805.62,3.67
2790,FL12789,2025-07-19,8,1.0,4,127,276,On Time,0,,748,198246.58,24723.82,173522.76,4.94
2791,FL12790,2026-03-05,4,4.0,5,274,133,Delayed,21,,641,88530.77,21354.9,67175.87,3.38
2792,FL12791,2025-05-14,7,3.0,4,354,133,On Time,0,,696,88291.87,16942.14,71349.73,4.17
2793,FL12792,2025-05-08,7,2.0,1,86,209,On Time,0,,725,124448.86,21569.26,102879.61,3.46
2794,FL12793,2025-06-05,5,2.0,6,87,277,On Time,0,,94,95885.6,24676.38,71209.22,3.73
2795,FL12794,2024-04-03,11,3.0,2,213,138,On Time,0,,72,31439.5,9838.97,21600.53,3.25
2796,FL12795,2025-02-19,5,4.0,1,87,93,On Time,0,,59,10904.71,6410.73,4493.98,4.92
2797,FL12796,2026-06-26,12,1.0,1,522,256,Delayed,31,,108,34665.35,20479.48,14185.88,2.97
2798,FL12797,2026-08-02,4,4.0,5,39,225,On Time,0,,702,147568.52,24194.31,123374.21,4.1
2799,FL12798,2024-06-15,13,5.0,3,544,247,On Time,0,,766,154249.98,26628.76,127621.23,2.99
2800,FL12799,2025-03-07,6,1.0,1,202,181,On Time,0,,80,17602.08,14532.37,3069.71,3.2
2801,FL12800,2026-02-20,1,5.0,5,419,117,On Time,0,,720,80604.49,16528.02,64076.48,3.84
2802,FL12801,2026-03-12,3,4.0,2,520,166,Delayed,219,,138,34560.25,19773.26,14786.98,3.1
2803,FL12802,2025-09-06,13,2.0,6,237,198,On Time,0,,791,152681.35,19261.86,133419.48,4.16
2804,FL12803,2025-06-15,14,4.0,6,120,189,On Time,0,,425,99816.77,19734.67,80082.1,5.0
2805,FL12804,2026-04-19,4,4.0,1,499,294,On Time,0,,687,140023.41,24865.63,115157.78,2.69
2806,FL12805,2025-08-08,10,4.0,5,542,141,Delayed,49,,107,36737.29,15774.24,20963.05,3.94
2807,FL12806,2026-01-29,9,1.0,4,335,161,On Time,0,,933,124932.56,19742.85,105189.71,4.32
2808,FL12807,2026-02-17,3,1.0,2,646,132,On Time,0,,109,25855.2,9069.57,16785.63,3.6
2809,FL12808,2024-09-13,7,4.0,3,483,221,Delayed,131,,744,126557.48,25071.76,101485.72,3.02
2810,FL12809,2026-07-29,11,2.0,3,342,275,On Time,0,,96,49040.01,17269.47,31770.54,4.73
2811,FL12810,2024-12-22,15,2.0,1,512,293,On Time,0,,359,84595.91,26966.05,57629.87,3.96
2812,FL12811,2024-05-15,13,3.0,5,512,142,Delayed,182,,772,108564.68,19020.2,89544.48,3.09
2813,FL12812,2024-08-16,2,4.0,2,449,188,Delayed,233,,1359,185023.11,29817.33,155205.78,2.62
2814,FL12813,2025-07-10,4,1.0,6,435,259,On Time,0,,738,191208.0,28226.68,162981.31,3.46
2815,FL12814,2026-05-29,7,5.0,5,546,100,Delayed,16,,740,68946.49,16732.14,52214.35,2.51
2816,FL12815,2024-06-23,3,3.0,4,299,253,On Time,0,,113,66845.03,19954.19,46890.84,4.57
2817,FL12816,2025-10-10,9,1.0,1,346,120,Cancelled,0,Crew,924,0.0,18656.4,-18656.4,2.49
2818,FL12817,2024-02-15,1,1.0,1,186,97,On Time,0,,698,51053.29,12589.3,38463.99,3.22
2819,FL12818,2025-04-30,2,5.0,1,227,116,On Time,0,,1352,106503.61,18562.64,87940.98,4.11
2820,FL12819,2026-05-10,1,1.0,3,437,292,On Time,0,,722,160711.69,22743.07,137968.62,3.47
2821,FL12820,2025-09-13,5,3.0,5,538,246,Delayed,222,,81,63928.73,20109.78,43818.95,4.31
2822,FL12821,2026-08-09,12,4.0,1,150,271,Cancelled,0,Crew,121,0.0,17604.75,-17604.75,3.03
2823,FL12822,2026-07-04,3,3.0,5,642,248,On Time,0,,75,85138.05,19644.75,65493.3,4.13
2824,FL12823,2025-10-23,15,2.0,1,240,273,On Time,0,,343,75604.49,19914.56,55689.93,4.14
2825,FL12824,2024-01-18,5,1.0,2,446,204,On Time,0,,67,23484.31,16322.52,7161.8,4.37
2826,FL12825,2025-01-23,1,4.0,4,101,276,On Time,0,,655,184907.96,30047.97,154860.0,4.46
2827,FL12826,2024-04-22,6,3.0,5,499,103,Delayed,138,,80,29450.32,8395.97,21054.35,3.32
2828,FL12827,2025-12-25,12,1.0,5,376,223,On Time,0,,122,56202.32,16999.94,39202.38,3.34
2829,FL12828,2024-06-07,2,1.0,4,402,263,Cancelled,0,Operational,1397,0.0,28788.15,-28788.15,2.9
2830,FL12829,2026-08-03,2,3.0,1,108,318,Delayed,213,,1365,288197.24,39105.21,249092.03,3.34
2831,FL12830,2025-08-26,13,1.0,2,367,172,On Time,0,,809,104283.07,17981.67,86301.39,2.94
2832,FL12831,2026-05-26,9,2.0,5,522,131,On Time,0,,956,102303.43,21204.39,81099.04,2.63
2833,FL12832,2026-02-14,6,1.0,1,175,255,Cancelled,0,Technical,56,0.0,19191.65,-19191.65,2.21
2834,FL12833,2026-04-06,12,4.0,5,310,106,Delayed,198,,78,28697.92,9623.78,19074.14,2.03
2835,FL12834,2024-02-15,13,4.0,5,358,268,Delayed,37,,792,195086.33,29462.26,165624.07,2.98
2836,FL12835,2025-05-07,6,4.0,5,464,251,On Time,0,,66,92009.6,17564.27,74445.33,3.5
2837,FL12836,2026-05-13,9,1.0,2,453,248,On Time,0,,947,178649.56,24594.15,154055.42,4.06
2838,FL12837,2024-07-25,1,2.0,2,296,157,Delayed,24,,695,88466.65,23951.78,64514.87,3.76
2839,FL12838,2024-12-18,5,2.0,2,303,117,On Time,0,,71,20188.06,8838.23,11349.83,4.19
2840,FL12839,2024-05-08,9,4.0,3,504,229,On Time,0,,924,177398.4,27567.29,149831.11,4.28
2841,FL12840,2025-05-06,3,5.0,4,9,173,Delayed,62,,127,49002.76,14397.81,34604.95,3.91
2842,FL12841,2024-03-09,15,2.0,1,576,180,On Time,0,,295,48397.61,18679.59,29718.02,3.79
2843,FL12842,2024-03-28,15,4.0,4,247,133,On Time,0,,330,52483.08,14951.89,37531.2,2.31
2844,FL12843,2024-11-22,4,3.0,2,305,166,On Time,0,,691,89497.82,17193.93,72303.89,2.87
2845,FL12844,2026-01-29,6,5.0,4,92,281,Delayed,142,,68,67048.7,18882.69,48166.01,3.62
2846,FL12845,2024-02-08,3,1.0,2,241,295,On Time,0,,79,76141.49,22889.04,53252.44,4.13
2847,FL12846,2026-03-13,8,5.0,6,308,170,On Time,0,,750,132023.81,18234.06,113789.75,4.45
2848,FL12847,2025-10-09,2,3.0,2,468,122,Cancelled,0,Operational,1371,0.0,18476.32,-18476.32,4.85
2849,FL12848,2026-06-28,6,2.0,6,546,97,Delayed,238,,67,35119.69,10774.35,24345.33,3.44
2850,FL12849,2026-03-01,9,1.0,2,628,133,On Time,0,,953,96138.58,18966.52,77172.06,3.94
2851,FL12850,2025-12-18,10,5.0,1,596,92,Delayed,97,,50,7361.68,6879.09,482.59,3.52
2852,FL12851,2026-02-02,9,5.0,2,115,243,On Time,0,,980,188200.77,28572.31,159628.46,3.23
2853,FL12852,2025-11-16,4,1.0,3,306,237,Cancelled,0,Technical,694,0.0,19628.36,-19628.36,3.49
2854,FL12853,2024-03-22,12,3.0,6,486,269,Delayed,57,,50,68652.58,19380.74,49271.84,3.19
2855,FL12854,2025-09-15,11,4.0,2,463,166,On Time,0,,70,19888.97,10519.8,9369.17,5.0
2856,FL12855,2024-07-10,12,3.0,5,3,281,On Time,0,,87,95158.96,25214.63,69944.33,2.96
2857,FL12856,2024-06-12,8,1.0,5,555,129,On Time,0,,758,85730.95,18449.9,67281.05,4.0
2858,FL12857,2026-07-16,14,2.0,3,638,143,On Time,0,,416,65490.12,11948.56,53541.55,3.59
2859,FL12858,2026-05-16,6,2.0,3,634,300,On Time,0,,89,64901.0,24476.94,40424.06,3.31
2860,FL12859,2026-08-13,13,2.0,6,518,292,On Time,0,,800,229946.0,23539.97,206406.03,4.4
2861,FL12860,2024-01-09,4,5.0,5,423,227,Cancelled,0,Weather,697,0.0,18867.13,-18867.13,2.79
2862,FL12861,2026-07-20,4,2.0,2,615,230,On Time,0,,705,133588.09,20200.37,113387.72,4.86
2863,FL12862,2024-01-04,8,4.0,6,13,251,Delayed,117,,749,192286.04,30362.5,161923.54,2.95
2864,FL12863,2026-06-03,9,5.0,3,70,279,On Time,0,,949,209222.5,29435.11,179787.4,3.74
2865,FL12864,2024-05-05,12,4.0,1,432,143,On Time,0,,121,17429.5,11344.61,6084.9,5.0
2866,FL12865,2024-05-19,5,4.0,5,34,105,On Time,0,,87,30801.59,6237.04,24564.55,3.12
2867,FL12866,2024-02-11,14,1.0,6,208,132,On Time,0,,371,59684.35,14782.94,44901.41,3.49
2868,FL12867,2026-01-26,5,1.0,3,284,172,On Time,0,,70,41865.24,15749.5,26115.74,1.99
2869,FL12868,2026-02-08,9,4.0,5,528,144,On Time,0,,923,119252.85,18421.05,100831.81,3.71
2870,FL12869,2024-07-22,14,4.0,2,39,210,Delayed,19,,395,82319.34,24005.04,58314.3,3.75
2871,FL12870,2026-02-07,9,4.0,6,551,121,On Time,0,,930,92523.65,18052.56,74471.09,4.27
2872,FL12871,2024-09-03,11,3.0,3,36,222,On Time,0,,50,38050.65,20137.48,17913.17,4.09
2873,FL12872,2026-04-10,14,3.0,2,500,253,Delayed,21,,399,90586.19,24590.18,65996.01,2.73
2874,FL12873,2025-04-15,15,1.0,4,60,112,On Time,0,,317,48448.82,10084.36,38364.46,3.88
2875,FL12874,2025-07-02,8,2.0,2,519,156,On Time,0,,765,90792.25,18385.22,72407.03,3.74
2876,FL12875,2026-02-08,7,3.0,4,40,213,On Time,0,,745,159309.12,23982.26,135326.86,4.0
2877,FL12876,2025-03-30,3,1.0,5,602,105,On Time,0,,67,30445.7,8328.22,22117.48,4.11
2878,FL12877,2025-02-28,9,1.0,3,64,243,On Time,0,,939,173912.71,24563.41,149349.3,3.77
2879,FL12878,2025-07-11,14,1.0,5,298,263,On Time,0,,361,124717.3,25381.58,99335.72,4.02
2880,FL12879,2024-08-03,8,2.0,3,239,173,On Time,0,,753,106692.01,22996.0,83696.01,3.94
2881,FL12880,2025-03-10,6,5.0,6,261,92,On Time,0,,94,25488.42,7082.28,18406.14,3.56
2882,FL12881,2026-05-21,2,4.0,2,326,205,On Time,0,,1358,207128.78,27816.19,179312.58,4.05
2883,FL12882,2025-09-06,6,5.0,5,512,289,Cancelled,0,Operational,56,0.0,21214.98,-21214.98,2.17
2884,FL12883,2024-09-30,4,2.0,4,68,157,On Time,0,,712,102138.71,19182.75,82955.96,4.12
2885,FL12884,2026-05-30,15,3.0,6,21,285,On Time,0,,364,149250.61,20182.84,129067.77,3.28
2886,FL12885,2026-01-10,8,5.0,2,417,290,Delayed,135,,786,183289.72,31946.62,151343.1,3.28
2887,FL12886,2026-07-22,3,2.0,2,14,154,On Time,0,,117,24149.63,11515.58,12634.04,4.3
2888,FL12887,2026-01-03,2,4.0,6,396,227,On Time,0,,1355,258735.17,30926.66,227808.52,3.4
2889,FL12888,2024-01-17,13,4.0,6,78,99,Delayed,16,,794,71583.77,15420.25,56163.51,3.97
2890,FL12889,2024-03-27,14,5.0,5,193,216,Delayed,232,,392,100228.03,21325.9,78902.13,4.46
2891,FL12890,2024-01-02,12,5.0,3,353,292,On Time,0,,103,66451.86,21779.75,44672.11,3.58
2892,FL12891,2025-03-02,2,4.0,3,198,307,On Time,0,,1385,308488.55,38984.11,269504.44,3.91
2893,FL12892,2025-03-16,2,3.0,4,328,135,Cancelled,0,Crew,1337,0.0,21162.47,-21162.47,3.79
2894,FL12893,2024-05-06,3,5.0,5,641,242,On Time,0,,79,64204.74,16485.75,47718.99,2.83
2895,FL12894,2024-04-03,12,4.0,2,276,105,Delayed,231,,87,20305.66,9513.67,10791.99,3.32
2896,FL12895,2025-11-24,12,2.0,1,196,154,On Time,0,,77,21221.35,10864.03,10357.32,3.8
2897,FL12896,2025-11-17,13,4.0,1,110,282,On Time,0,,797,176791.16,28154.6,148636.57,4.59
2898,FL12897,2025-12-12,2,3.0,3,589,237,Delayed,223,,1370,250132.64,32342.41,217790.24,3.14
2899,FL12898,2025-08-08,3,2.0,5,628,180,Cancelled,0,Technical,98,0.0,13796.65,-13796.65,3.29
2900,FL12899,2024-10-15,14,3.0,3,133,311,On Time,0,,384,128393.68,27735.17,100658.51,3.46
2901,FL12900,2025-06-25,14,4.0,4,84,264,On Time,0,,419,132302.31,18871.37,113430.94,4.62
2902,FL12901,2025-10-14,11,5.0,3,117,95,Delayed,19,,71,19579.73,8489.89,11089.83,2.57
2903,FL12902,2025-12-17,2,3.0,2,481,108,On Time,0,,1363,103761.62,20645.31,83116.31,4.57
2904,FL12903,2025-02-02,2,1.0,5,560,234,Delayed,95,,1367,259765.21,32401.22,227363.99,3.35
2905,FL12904,2024-07-05,1,5.0,5,17,291,On Time,0,,718,192912.03,31297.05,161614.98,2.47
2906,FL12905,2025-06-21,11,3.0,6,395,126,On Time,0,,71,45395.34,9784.43,35610.91,4.04
2907,FL12906,2026-04-21,13,2.0,5,344,213,Delayed,233,,776,150523.66,24561.85,125961.81,3.69
2908,FL12907,2025-10-18,10,4.0,3,498,277,Delayed,130,,96,52834.82,19891.45,32943.37,2.5
2909,FL12908,2025-11-05,4,2.0,5,482,288,On Time,0,,704,200204.78,32033.42,168171.36,3.45
2910,FL12909,2026-03-14,12,2.0,3,375,237,Delayed,169,,73,55148.49,17612.89,37535.6,3.36
2911,FL12910,2025-10-01,1,5.0,6,277,319,On Time,0,,667,226910.83,24457.78,202453.04,3.67
2912,FL12911,2025-04-17,13,5.0,4,633,305,On Time,0,,807,190830.39,22968.15,167862.23,4.21
2913,FL12912,2025-10-02,14,3.0,6,187,281,On Time,0,,417,141449.93,23676.74,117773.19,3.86
2914,FL12913,2025-11-03,11,2.0,2,19,244,Delayed,136,,75,50274.08,20785.26,29488.82,2.44
2915,FL12914,2025-03-02,14,5.0,1,512,316,On Time,0,,404,99009.17,28694.6,70314.57,5.0
2916,FL12915,2024-09-22,9,1.0,1,98,93,On Time,0,,958,65636.92,15218.9,50418.03,3.78
2917,FL12916,2025-01-01,8,4.0,4,513,110,Delayed,105,,781,76381.76,18722.64,57659.12,3.38
2918,FL12917,2025-03-23,5,3.0,6,73,207,On Time,0,,50,63923.66,13007.74,50915.93,5.0
2919,FL12918,2025-10-03,14,5.0,4,616,244,On Time,0,,378,120358.22,22726.78,97631.45,4.56
2920,FL12919,2024-03-24,11,3.0,5,437,297,On Time,0,,82,79864.92,19625.22,60239.7,4.36
2921,FL12920,2025-10-06,3,5.0,3,624,246,Delayed,46,,108,54051.08,22282.79,31768.3,3.99
2922,FL12921,2025-04-07,15,1.0,6,205,143,On Time,0,,328,67440.26,13087.72,54352.54,4.36
2923,FL12922,2024-04-06,1,4.0,6,269,298,Delayed,145,,692,211682.32,29223.55,182458.77,3.66
2924,FL12923,2024-12-22,9,1.0,2,512,109,On Time,0,,949,80997.19,16467.44,64529.75,4.37
2925,FL12924,2025-12-20,3,4.0,6,557,111,On Time,0,,89,31372.55,10727.23,20645.32,3.89
2926,FL12925,2026-06-01,10,1.0,1,81,255,Delayed,49,,59,42771.55,22630.88,20140.68,4.0
2927,FL12926,2026-02-06,7,5.0,4,313,311,On Time,0,,741,205612.5,28239.36,177373.14,4.44
2928,FL12927,2024-09-08,7,4.0,3,150,205,On Time,0,,722,131843.95,18924.66,112919.29,2.51
2929,FL12928,2025-06-27,11,1.0,2,225,121,On Time,0,,82,31401.29,9680.43,21720.85,4.55
2930,FL12929,2026-08-10,12,5.0,6,43,100,On Time,0,,93,31626.69,7856.6,23770.09,3.48
2931,FL12930,2025-04-14,6,2.0,4,345,315,On Time,0,,81,64775.51,26245.21,38530.3,4.16
2932,FL12931,2024-07-20,15,3.0,1,646,154,Cancelled,0,Weather,333,0.0,14929.94,-14929.94,1.91
2933,FL12932,2025-05-06,8,1.0,1,526,237,On Time,0,,811,140381.22,22817.77,117563.46,3.62
2934,FL12933,2025-07-27,3,1.0,1,467,165,On Time,0,,107,31297.42,15205.54,16091.87,3.76
2935,FL12934,2024-08-02,1,2.0,2,3,139,On Time,0,,712,76266.77,13648.27,62618.5,4.35
2936,FL12935,2024-11-09,4,3.0,1,71,243,On Time,0,,703,121122.44,24551.82,96570.62,3.62
2937,FL12936,2026-07-24,11,3.0,2,435,259,On Time,0,,108,31635.82,18338.82,13296.99,2.59
2938,FL12937,2026-05-12,9,5.0,5,421,198,Delayed,134,,944,153130.77,23693.49,129437.28,2.98
2939,FL12938,2026-04-19,6,1.0,6,75,206,On Time,0,,74,62611.91,12416.58,50195.33,3.75
2940,FL12939,2025-04-07,8,4.0,5,286,202,Delayed,58,,783,144615.74,26258.87,118356.88,3.71
2941,FL12940,2026-03-21,13,1.0,3,619,226,On Time,0,,753,164930.21,21476.12,143454.09,4.1
2942,FL12941,2024-09-09,9,2.0,5,596,275,On Time,0,,947,209552.64,32105.66,177446.97,3.5
2943,FL12942,2024-10-26,1,1.0,6,438,253,Delayed,177,,724,181973.8,25871.8,156102.01,3.48
2944,FL12943,2024-06-11,1,1.0,1,88,154,On Time,0,,714,78096.06,17549.71,60546.34,5.0
2945,FL12944,2025-10-26,8,3.0,6,159,146,Delayed,113,,811,111368.85,22242.27,89126.58,4.06
2946,FL12945,2025-12-16,7,5.0,5,19,244,Delayed,137,,754,164550.37,26874.42,137675.95,2.06
2947,FL12946,2025-08-27,13,4.0,3,90,238,Delayed,49,,803,165109.75,21329.73,143780.03,4.91
2948,FL12947,2026-05-05,9,5.0,3,101,174,On Time,0,,963,136985.27,20361.4,116623.87,4.77
2949,FL12948,2024-07-16,12,3.0,3,590,282,On Time,0,,104,63511.04,21320.04,42191.0,5.0
2950,FL12949,2026-01-04,9,1.0,1,610,186,On Time,0,,940,136081.12,23271.49,112809.63,3.01
2951,FL12950,2026-07-26,6,2.0,2,514,167,Cancelled,0,Technical,68,0.0,12207.96,-12207.96,2.73
2952,FL12951,2025-05-11,10,5.0,2,604,217,On Time,0,,50,47976.44,17363.79,30612.64,4.38
2953,FL12952,2025-05-01,10,1.0,1,367,134,On Time,0,,93,18202.59,11717.15,6485.43,3.27
2954,FL12953,2026-05-31,11,1.0,4,45,249,On Time,0,,62,69499.13,17247.17,52251.95,4.34
2955,FL12954,2024-05-05,3,5.0,3,514,296,On Time,0,,75,59876.59,25071.18,34805.41,5.0
2956,FL12955,2025-05-05,10,1.0,2,341,307,On Time,0,,54,43566.96,17851.3,25715.67,3.78
2957,FL12956,2025-05-11,5,5.0,2,85,192,On Time,0,,102,48402.03,14144.61,34257.41,5.0
2958,FL12957,2024-07-31,12,4.0,6,445,151,On Time,0,,98,44721.59,11092.22,33629.37,4.46
2959,FL12958,2024-04-07,12,4.0,5,167,200,Delayed,55,,101,56782.26,15442.45,41339.81,2.09
2960,FL12959,2024-08-11,10,3.0,3,3,113,On Time,0,,103,15923.93,6913.05,9010.89,3.44
2961,FL12960,2026-01-17,15,1.0,5,74,243,On Time,0,,349,100697.93,17146.86,83551.07,4.72
2962,FL12961,2025-09-06,9,3.0,3,11,188,On Time,0,,939,134692.93,21693.01,112999.92,3.33
2963,FL12962,2026-02-03,1,5.0,2,296,118,On Time,0,,669,64199.65,13559.4,50640.25,4.7
2964,FL12963,2026-02-19,10,5.0,5,44,215,On Time,0,,74,61886.88,15042.6,46844.28,4.4
2965,FL12964,2026-03-01,12,3.0,5,369,255,On Time,0,,83,81118.37,18653.3,62465.06,4.2
2966,FL12965,2025-10-31,2,5.0,4,458,142,On Time,0,,1379,143386.16,23816.96,119569.2,3.62
2967,FL12966,2024-03-13,2,4.0,4,476,183,Delayed,158,,1365,186177.19,29658.84,156518.35,3.5
2968,FL12967,2024-04-27,5,1.0,1,612,294,On Time,0,,75,52544.52,20358.67,32185.85,5.0
2969,FL12968,2024-05-09,13,4.0,4,625,253,On Time,0,,811,190302.87,22485.43,167817.44,3.75
2970,FL12969,2025-03-18,8,4.0,4,45,273,On Time,0,,746,199005.29,25341.63,173663.66,4.4
2971,FL12970,2024-04-09,15,3.0,3,225,193,On Time,0,,334,61061.03,17247.83,43813.2,5.0
2972,FL12971,2024-03-02,14,4.0,2,94,203,On Time,0,,391,84727.99,19659.45,65068.54,4.17
2973,FL12972,2025-09-14,9,5.0,6,197,204,On Time,0,,951,187910.34,24577.73,163332.61,3.68
2974,FL12973,2026-05-31,11,3.0,3,304,193,On Time,0,,77,29228.26,12728.01,16500.25,3.67
2975,FL12974,2024-10-02,5,2.0,2,562,123,On Time,0,,69,26284.43,9640.52,16643.9,2.65
2976,FL12975,2024-04-08,2,5.0,5,288,99,Delayed,66,,1353,107700.38,22398.45,85301.93,2.51
2977,FL12976,2024-05-27,6,5.0,3,161,281,On Time,0,,50,56776.1,24244.77,32531.33,4.22
2978,FL12977,2026-05-23,9,4.0,4,138,213,On Time,0,,913,168262.84,24375.94,143886.9,4.63
2979,FL12978,2026-07-28,3,4.0,4,491,212,On Time,0,,99,59294.09,13208.66,46085.43,3.72
2980,FL12979,2024-12-08,4,1.0,3,131,227,On Time,0,,706,144829.51,26215.12,118614.4,4.62
2981,FL12980,2025-04-09,1,3.0,1,468,184,Delayed,27,,697,105107.33,21911.42,83195.91,3.88
2982,FL12981,2025-07-14,12,1.0,2,91,295,On Time,0,,113,41722.6,26674.43,15048.17,3.5
2983,FL12982,2025-04-22,14,3.0,6,642,198,On Time,0,,389,97623.2,16290.46,81332.74,3.61
2984,FL12983,2025-11-06,13,5.0,4,163,205,Delayed,157,,791,142633.83,24655.0,117978.83,2.43
2985,FL12984,2025-07-06,6,2.0,3,643,212,On Time,0,,50,56927.86,16143.3,40784.57,4.48
2986,FL12985,2026-03-09,9,5.0,2,547,126,On Time,0,,936,78219.26,15409.76,62809.5,4.0
2987,FL12986,2025-04-21,15,1.0,5,352,129,On Time,0,,350,54518.08,13807.46,40710.62,4.58
2988,FL12987,2025-11-14,9,1.0,6,298,131,Cancelled,0,Weather,973,0.0,15208.82,-15208.82,2.96
2989,FL12988,2024-09-01,5,5.0,5,184,148,On Time,0,,63,34465.02,9317.29,25147.74,3.39
2990,FL12989,2025-04-27,6,1.0,4,597,126,On Time,0,,88,35658.09,8562.18,27095.91,4.51
2991,FL12990,2025-10-13,11,4.0,3,612,141,On Time,0,,95,27097.94,12895.67,14202.27,2.71
2992,FL12991,2024-09-07,7,4.0,6,548,305,On Time,0,,719,197356.52,33947.41,163409.11,3.78
2993,FL12992,2025-07-14,13,2.0,6,547,172,On Time,0,,799,130196.2,18692.61,111503.59,3.5
2994,FL12993,2024-07-11,13,1.0,3,344,272,On Time,0,,797,198221.38,26486.9,171734.48,4.99
2995,FL12994,2026-03-17,1,2.0,6,341,180,On Time,0,,725,115972.35,17132.43,98839.91,5.0
2996,FL12995,2025-10-14,11,1.0,5,536,279,On Time,0,,50,83547.33,19738.4,63808.93,4.28
2997,FL12996,2025-01-20,6,4.0,6,360,263,On Time,0,,77,98196.21,24023.81,74172.4,3.62
2998,FL12997,2025-01-18,8,5.0,1,107,283,Delayed,59,,775,163650.47,32452.39,131198.08,4.42
2999,FL12998,2026-01-11,4,5.0,1,20,156,Delayed,197,,704,92816.88,22079.5,70737.38,2.85
3000,FL12999,2025-11-23,6,5.0,2,417,111,Delayed,199,,95,17250.13,10569.76,6680.38,2.4
3001,FL13000,2026-07-22,5,4.0,5,603,160,Cancelled,0,Weather,96,0.0,13439.18,-13439.18,1.71
3002,FL13001,2026-01-17,1,5.0,1,612,251,On Time,0,,728,144293.07,27381.05,116912.02,4.07
3003,FL13002,2025-01-05,12,4.0,1,235,240,On Time,0,,77,37928.73,22202.6,15726.13,2.89
3004,FL13003,2024-08-27,3,4.0,1,403,251,On Time,0,,87,26887.84,19816.79,7071.05,4.92
3005,FL13004,2025-11-03,6,5.0,2,395,318,Delayed,194,,91,45613.75,23930.38,21683.37,2.92
3006,FL13005,2024-01-24,3,2.0,6,319,141,On Time,0,,108,35550.11,13113.87,22436.24,3.16
3007,FL13006,2024-02-04,3,3.0,5,391,192,On Time,0,,91,61434.29,14805.98,46628.31,4.73
3008,FL13007,2025-04-23,6,5.0,5,427,202,On Time,0,,53,60620.3,11789.4,48830.91,4.57
3009,FL13008,2026-05-23,14,2.0,2,70,124,Delayed,87,,313,46936.8,15320.37,31616.43,4.38
3010,FL13009,2024-11-06,15,2.0,4,89,242,Delayed,66,,300,97938.61,25503.57,72435.04,2.2
3011,FL13010,2025-11-14,6,1.0,5,157,101,Delayed,68,,65,33432.59,9684.58,23748.01,2.06
3012,FL13011,2024-04-08,8,2.0,4,192,296,On Time,0,,775,205845.19,33803.84,172041.35,5.0
3013,FL13012,2025-08-26,15,3.0,6,439,110,On Time,0,,340,50554.62,13169.41,37385.21,2.18
3014,FL13013,2025-02-16,4,5.0,4,164,115,Delayed,105,,707,73330.09,18955.68,54374.42,2.51
3015,FL13014,2024-04-10,15,1.0,2,476,129,On Time,0,,377,52975.49,14433.64,38541.85,4.04
3016,FL13015,2025-01-08,2,4.0,4,77,295,On Time,0,,1351,314698.87,29656.6,285042.27,3.14
3017,FL13016,2026-07-26,4,4.0,6,366,288,On Time,0,,656,198389.62,23395.5,174994.12,4.14
3018,FL13017,2024-08-03,6,5.0,5,461,302,On Time,0,,52,85146.93,17439.4,67707.53,3.25
3019,FL13018,2026-05-19,1,4.0,3,505,281,Delayed,101,,737,173866.85,31581.02,142285.83,4.14
3020,FL13019,2024-11-10,13,1.0,4,413,302,On Time,0,,793,204684.12,33364.04,171320.08,4.47
3021,FL13020,2024-10-15,13,3.0,6,500,198,Delayed,72,,813,147443.86,29149.7,118294.16,3.48
3022,FL13021,2024-02-13,6,5.0,5,568,91,Delayed,50,,60,25762.44,13121.89,12640.55,3.07
3023,FL13022,2024-03-04,13,5.0,4,370,190,On Time,0,,783,141676.95,22196.47,119480.48,3.33
3024,FL13023,2026-07-11,12,4.0,2,454,140,On Time,0,,62,31060.28,12229.45,18830.84,3.91
3025,FL13024,2025-01-22,13,5.0,6,134,146,On Time,0,,786,109232.31,17662.78,91569.53,3.2
3026,FL13025,2025-11-18,13,4.0,6,528,248,On Time,0,,793,196643.03,26155.29,170487.74,5.0
3027,FL13026,2024-01-31,9,1.0,1,141,128,On Time,0,,963,87238.41,18134.63,69103.78,4.21
3028,FL13027,2024-06-24,2,5.0,1,91,164,Delayed,134,,1377,156137.94,30248.15,125889.79,2.73
3029,FL13028,2025-06-01,14,1.0,1,79,180,On Time,0,,431,62932.83,12914.29,50018.54,5.0
3030,FL13029,2025-06-25,10,2.0,3,43,104,On Time,0,,58,13883.06,7034.57,6848.49,3.97
3031,FL13030,2025-12-07,14,2.0,1,538,251,Delayed,190,,396,58756.52,26737.03,32019.49,4.21
3032,FL13031,2025-09-22,15,4.0,6,241,265,Delayed,28,,332,129036.91,25748.09,103288.82,4.19
3033,FL13032,2025-02-21,3,1.0,6,110,218,On Time,0,,82,66342.82,15848.51,50494.31,4.28
3034,FL13033,2025-05-23,7,4.0,2,86,96,On Time,0,,746,51012.08,13942.3,37069.78,3.17
3035,FL13034,2026-03-24,3,5.0,5,363,271,On Time,0,,91,73279.67,19110.97,54168.69,3.62
3036,FL13035,2025-08-02,1,4.0,1,499,192,On Time,0,,737,108458.4,19974.82,88483.58,5.0
3037,FL13036,2026-05-04,15,2.0,5,48,151,On Time,0,,316,68935.11,14777.93,54157.18,3.64
3038,FL13037,2026-04-12,14,5.0,3,282,307,On Time,0,,385,134392.82,24142.3,110250.53,3.83
3039,FL13038,2026-07-20,14,2.0,1,279,287,On Time,0,,367,102346.59,23953.7,78392.9,3.69
3040,FL13039,2026-05-03,14,4.0,3,611,191,On Time,0,,398,72310.86,18558.94,53751.92,3.39
3041,FL13040,2025-05-10,10,3.0,5,5,191,On Time,0,,50,58165.05,13703.76,44461.29,4.46
3042,FL13041,2024-01-27,8,1.0,6,58,299,On Time,0,,780,231874.77,25716.66,206158.1,3.13
3043,FL13042,2025-06-06,15,1.0,1,157,133,On Time,0,,308,39885.12,10630.34,29254.78,3.46
3044,FL13043,2025-05-08,9,1.0,6,615,184,On Time,0,,926,157928.93,23352.19,134576.74,4.2
3045,FL13044,2026-06-05,10,5.0,2,18,221,On Time,0,,50,44219.07,16562.06,27657.02,3.84
3046,FL13045,2025-03-14,4,5.0,3,473,169,Cancelled,0,Operational,710,0.0,20700.68,-20700.68,3.11
3047,FL13046,2026-01-02,12,3.0,1,299,162,On Time,0,,94,31954.65,12968.96,18985.69,3.98
3048,FL13047,2024-02-09,13,5.0,6,523,114,On Time,0,,790,89179.72,14098.72,75081.0,3.24
3049,FL13048,2024-07-02,11,1.0,5,150,151,On Time,0,,78,42412.73,10560.11,31852.62,4.95
3050,FL13049,2026-05-19,8,5.0,4,321,172,Delayed,109,,767,127038.04,21143.72,105894.33,4.04
3051,FL13050,2024-04-01,3,2.0,5,315,282,On Time,0,,57,71592.3,23446.12,48146.18,3.38
3052,FL13051,2026-08-08,1,1.0,6,237,167,On Time,0,,681,115466.9,18762.54,96704.36,4.31
3053,FL13052,2025-07-11,10,4.0,1,219,127,Delayed,28,,55,14410.85,14293.15,117.69,2.98
3054,FL13053,2025-11-11,11,2.0,2,471,284,On Time,0,,65,53486.63,23427.53,30059.1,4.7
3055,FL13054,2026-03-30,12,2.0,1,99,170,On Time,0,,108,34095.11,11612.76,22482.35,4.56
3056,FL13055,2024-09-18,15,4.0,3,637,301,On Time,0,,329,102217.86,28164.2,74053.66,4.82
3057,FL13056,2025-01-24,8,2.0,3,580,115,Cancelled,0,Crew,801,0.0,14506.88,-14506.88,2.38
3058,FL13057,2024-03-04,13,4.0,1,17,95,Delayed,21,,800,53608.84,17035.33,36573.51,2.42
3059,FL13058,2025-07-19,11,1.0,4,582,301,On Time,0,,50,77785.6,19192.15,58593.45,2.79
3060,FL13059,2024-09-27,5,1.0,1,389,112,Delayed,166,,50,15780.13,8677.85,7102.28,5.0
3061,FL13060,2025-10-05,13,2.0,5,599,91,Delayed,234,,773,66349.51,18955.97,47393.54,3.89
3062,FL13061,2025-08-03,1,4.0,5,161,237,On Time,0,,706,152815.37,21494.05,131321.33,4.81
3063,FL13062,2024-11-22,9,2.0,5,552,162,On Time,0,,953,139095.49,23430.48,115665.01,3.07
3064,FL13063,2024-10-01,15,1.0,1,261,201,On Time,0,,330,55096.66,18054.56,37042.1,4.41
3065,FL13064,2025-01-08,10,4.0,6,316,183,On Time,0,,63,45830.06,14645.31,31184.75,2.88
3066,FL13065,2025-12-12,15,3.0,4,374,158,On Time,0,,358,58417.35,13566.62,44850.73,4.3
3067,FL13066,2024-01-07,1,3.0,6,506,200,Delayed,40,,704,151622.21,23574.59,128047.62,3.31
3068,FL13067,2026-07-29,8,2.0,5,141,149,On Time,0,,788,113801.2,20675.29,93125.91,3.81
3069,FL13068,2025-03-07,12,1.0,4,17,141,On Time,0,,128,27342.97,9600.93,17742.04,3.65
3070,FL13069,2024-07-23,10,1.0,1,7,141,On Time,0,,50,23382.11,10681.87,12700.24,4.76
3071,FL13070,2024-07-26,14,4.0,5,576,117,On Time,0,,426,48131.73,13748.13,34383.6,3.66
3072,FL13071,2026-08-09,7,1.0,3,45,210,On Time,0,,687,130787.38,19727.69,111059.68,4.88
3073,FL13072,2025-06-22,11,2.0,6,43,216,On Time,0,,50,59082.2,14467.55,44614.65,3.97
3074,FL13073,2025-04-23,7,5.0,5,17,94,On Time,0,,727,68143.17,14502.58,53640.59,4.24
3075,FL13074,2025-05-04,14,2.0,1,215,195,On Time,0,,359,70231.81,17805.68,52426.13,4.36
3076,FL13075,2025-02-03,2,4.0,6,30,259,On Time,0,,1363,297664.89,35264.08,262400.8,4.3
3077,FL13076,2024-08-13,4,2.0,1,303,90,Delayed,132,,694,46544.99,16053.47,30491.53,3.45
3078,FL13077,2024-07-07,2,5.0,2,108,159,On Time,0,,1381,153960.25,23854.56,130105.7,5.0
3079,FL13078,2024-04-27,11,5.0,2,179,311,On Time,0,,81,38354.51,22473.35,15881.16,4.73
3080,FL13079,2024-03-10,4,3.0,6,289,188,On Time,0,,699,125289.41,20062.67,105226.74,2.34
3081,FL13080,2025-09-19,5,4.0,1,315,93,On Time,0,,89,16181.88,8463.27,7718.61,3.86
3082,FL13081,2025-12-14,13,3.0,6,295,211,On Time,0,,806,163599.75,25182.23,138417.52,4.97
3083,FL13082,2025-02-01,6,5.0,2,51,184,On Time,0,,64,33515.92,16691.66,16824.25,3.47
3084,FL13083,2025-10-05,3,2.0,4,8,138,On Time,0,,99,42552.16,9731.83,32820.33,4.0
3085,FL13084,2024-12-20,1,5.0,1,500,106,Cancelled,0,Crew,691,0.0,14632.6,-14632.6,3.05
3086,FL13085,2026-01-04,4,4.0,3,18,293,On Time,0,,671,182452.62,30291.44,152161.18,5.0
3087,FL13086,2026-02-26,14,4.0,4,259,276,Delayed,213,,400,111636.35,23047.66,88588.68,2.62
3088,FL13087,2024-07-26,9,2.0,5,165,246,Delayed,194,,915,214751.99,29718.26,185033.73,2.71
3089,FL13088,2025-09-04,15,5.0,6,24,94,On Time,0,,328,46817.32,9107.21,37710.11,4.33
3090,FL13089,2025-12-17,4,4.0,5,33,290,On Time,0,,649,203364.69,23862.44,179502.25,4.22
3091,FL13090,2025-08-06,6,5.0,4,70,198,Cancelled,0,Crew,72,0.0,17681.79,-17681.79,3.34
3092,FL13091,2025-08-25,3,5.0,2,134,199,On Time,0,,82,53839.14,18317.94,35521.2,4.21
3093,FL13092,2024-07-04,6,1.0,2,497,291,Delayed,100,,82,72298.81,17327.58,54971.23,3.22
3094,FL13093,2025-01-15,9,5.0,6,23,189,On Time,0,,941,164678.21,21641.72,143036.49,4.36
3095,FL13094,2024-02-13,13,5.0,4,528,144,Delayed,46,,790,105643.32,19174.71,86468.61,3.43
3096,FL13095,2024-06-14,6,2.0,6,57,144,Cancelled,0,Operational,72,0.0,12705.6,-12705.6,2.84
3097,FL13096,2025-07-18,12,5.0,3,115,303,Delayed,37,,84,55987.78,25508.69,30479.1,3.26
3098,FL13097,2025-09-28,10,3.0,3,430,215,On Time,0,,50,50568.57,16446.48,34122.1,3.65
3099,FL13098,2025-01-03,5,2.0,5,616,223,Delayed,192,,55,55443.18,21363.99,34079.19,2.84
3100,FL13099,2026-05-21,14,2.0,5,88,226,On Time,0,,389,119013.34,23531.1,95482.24,4.36
3101,FL13100,2025-03-24,7,2.0,2,434,140,On Time,0,,727,87559.5,15800.68,71758.82,3.15
3102,FL13101,2026-02-06,3,1.0,4,290,186,On Time,0,,105,50667.85,11810.0,38857.85,4.45
3103,FL13102,2025-01-29,15,4.0,2,515,308,On Time,0,,296,106344.81,26055.89,80288.92,3.83
3104,FL13103,2026-08-01,14,4.0,5,525,123,On Time,0,,362,63391.14,15022.34,48368.79,3.93
3105,FL13104,2026-04-23,1,4.0,1,471,308,On Time,0,,741,166977.5,31161.49,135816.01,3.88
3106,FL13105,2024-05-24,14,3.0,5,38,152,On Time,0,,383,70922.26,16473.39,54448.87,4.33
3107,FL13106,2026-06-19,15,2.0,6,199,158,On Time,0,,312,67306.78,16179.82,51126.95,4.96
3108,FL13107,2025-09-12,13,4.0,1,176,93,On Time,0,,792,57758.72,12368.28,45390.44,5.0
3109,FL13108,2026-01-12,4,5.0,4,469,242,Delayed,158,,711,156168.74,30427.44,125741.29,3.98
3110,FL13109,2024-12-07,10,1.0,1,407,163,Delayed,136,,74,38109.09,16957.78,21151.31,3.35
3111,FL13110,2024-03-23,9,2.0,3,333,195,Delayed,108,,930,145839.16,20899.15,124940.01,3.82
3112,FL13111,2024-11-25,10,5.0,3,113,223,Delayed,191,,51,48596.44,21056.61,27539.83,1.99
3113,FL13112,2024-07-14,10,5.0,4,89,235,On Time,0,,54,59629.52,15475.74,44153.78,4.4
3114,FL13113,2024-11-17,10,5.0,6,338,309,On Time,0,,67,103554.08,26289.82,77264.26,4.25
3115,FL13114,2025-02-22,8,1.0,3,646,217,On Time,0,,782,133706.55,21013.92,112692.64,3.0
3116,FL13115,2025-09-26,11,3.0,3,451,130,On Time,0,,50,27052.67,9228.45,17824.22,3.62
3117,FL13116,2024-08-01,8,1.0,1,110,251,On Time,0,,770,152850.99,28377.48,124473.5,4.18
3118,FL13117,2026-01-21,1,5.0,6,617,102,Delayed,111,,698,70979.58,16481.27,54498.31,3.55
3119,FL13118,2024-05-18,1,3.0,2,179,284,On Time,0,,733,169031.58,24489.84,144541.73,4.62
3120,FL13119,2025-06-13,15,2.0,3,634,158,Delayed,109,,328,59626.84,14259.13,45367.71,4.39
3121,FL13120,2026-03-31,14,1.0,1,522,256,On Time,0,,458,90832.76,25764.42,65068.34,3.9
3122,FL13121,2025-11-01,9,4.0,2,107,126,Delayed,125,,940,95324.01,21290.28,74033.73,2.56
3123,FL13122,2025-03-19,3,5.0,4,40,183,On Time,0,,63,46887.81,15281.99,31605.82,4.53
3124,FL13123,2024-12-03,12,5.0,6,570,249,Delayed,148,,103,70556.69,15003.59,55553.1,4.14
3125,FL13124,2025-09-01,3,5.0,2,7,232,On Time,0,,117,42885.92,19434.85,23451.07,4.82
3126,FL13125,2025-04-23,6,5.0,4,35,91,On Time,0,,80,19984.11,7433.71,12550.4,4.31
3127,FL13126,2026-04-13,5,4.0,6,314,97,On Time,0,,70,23415.73,7086.66,16329.07,5.0
3128,FL13127,2024-06-03,1,5.0,3,293,315,On Time,0,,696,188619.21,25229.33,163389.88,3.82
3129,FL13128,2026-01-08,13,5.0,2,281,211,On Time,0,,787,132817.34,21178.32,111639.02,5.0
3130,FL13129,2024-02-20,8,3.0,1,306,286,On Time,0,,734,176097.82,22150.07,153947.75,3.25
3131,FL13130,2026-06-24,5,4.0,6,145,106,On Time,0,,84,29247.96,8584.3,20663.66,2.53
3132,FL13131,2025-03-11,8,5.0,1,55,202,Delayed,103,,773,117785.88,22775.61,95010.27,2.54
3133,FL13132,2024-01-09,1,1.0,2,256,222,On Time,0,,726,134755.82,22324.35,112431.46,3.63
3134,FL13133,2026-07-24,7,4.0,1,206,301,On Time,0,,727,160624.84,29821.07,130803.77,4.0
3135,FL13134,2024-07-16,8,2.0,5,265,253,Delayed,74,,780,186908.24,30720.96,156187.29,2.69
3136,FL13135,2026-06-03,6,1.0,3,506,234,On Time,0,,96,63044.31,18207.38,44836.93,4.08
3137,FL13136,2025-11-29,13,1.0,5,3,157,Delayed,112,,820,103983.53,23803.02,80180.51,3.72
3138,FL13137,2026-05-09,4,1.0,4,140,318,On Time,0,,712,204169.64,26376.18,177793.47,4.23
3139,FL13138,2025-08-23,3,5.0,1,594,165,On Time,0,,59,32979.56,9874.67,23104.89,3.91
3140,FL13139,2024-12-15,8,4.0,2,406,154,On Time,0,,755,92819.66,18552.3,74267.36,4.78
3141,FL13140,2025-03-31,14,1.0,1,331,256,On Time,0,,406,99657.37,20949.37,78708.0,3.48
3142,FL13141,2025-12-19,6,4.0,1,627,319,On Time,0,,57,52857.59,22511.2,30346.38,3.84
3143,FL13142,2025-03-18,1,4.0,3,267,287,Delayed,103,,705,190697.87,32376.82,158321.05,2.94
3144,FL13143,2026-06-16,15,3.0,2,35,131,On Time,0,,336,47079.6,10952.01,36127.59,4.42
3145,FL13144,2025-06-10,7,4.0,1,618,277,Delayed,149,,743,171349.11,26989.99,144359.12,3.02
3146,FL13145,2024-02-28,3,5.0,3,10,171,On Time,0,,75,40984.43,13909.58,27074.85,4.26
3147,FL13146,2024-03-09,10,3.0,3,509,141,On Time,0,,81,22486.28,10669.39,11816.89,4.53
3148,FL13147,2025-03-03,5,4.0,6,173,305,Delayed,183,,56,89583.07,25242.89,64340.18,2.97
3149,FL13148,2024-01-30,15,3.0,4,505,308,Delayed,54,,344,136949.96,23592.98,113356.98,2.26
3150,FL13149,2024-12-22,5,2.0,3,63,175,On Time,0,,62,43006.97,15044.04,27962.93,3.85
3151,FL13150,2024-09-08,9,5.0,3,197,96,On Time,0,,984,71076.38,15772.28,55304.1,3.48
3152,FL13151,2026-03-18,9,3.0,1,55,138,On Time,0,,974,102727.27,17802.31,84924.96,3.58
3153,FL13152,2026-04-22,4,4.0,3,386,214,On Time,0,,738,125213.78,20443.32,104770.47,2.39
3154,FL13153,2025-07-07,8,4.0,4,268,103,Delayed,87,,814,72220.43,15834.43,56385.99,2.25
3155,FL13154,2026-02-06,2,4.0,1,143,142,On Time,0,,1363,135638.39,24680.13,110958.26,4.52
3156,FL13155,2026-08-14,10,4.0,6,424,124,Delayed,118,,50,32957.16,8319.18,24637.98,2.69
3157,FL13156,2026-06-24,12,4.0,4,2,308,On Time,0,,74,80174.8,18532.88,61641.92,4.75
3158,FL13157,2024-02-24,15,3.0,5,483,171,On Time,0,,337,90170.27,12663.47,77506.8,3.53
3159,FL13158,2025-02-25,5,4.0,2,63,177,On Time,0,,67,25403.16,16273.48,9129.68,4.32
3160,FL13159,2024-10-26,5,3.0,6,71,186,On Time,0,,66,62808.58,16628.71,46179.86,3.84
3161,FL13160,2024-08-28,9,2.0,3,186,92,On Time,0,,929,65397.89,16112.18,49285.71,4.42
3162,FL13161,2025-06-13,11,4.0,6,372,214,Cancelled,0,Operational,74,0.0,15570.85,-15570.85,2.84
3163,FL13162,2024-02-22,15,5.0,4,552,299,Delayed,77,,324,107490.48,21173.0,86317.48,3.44
3164,FL13163,2024-07-29,1,4.0,4,466,277,Delayed,230,,694,185718.11,32784.92,152933.19,4.1
3165,FL13164,2024-07-12,4,4.0,2,220,147,On Time,0,,699,78204.21,15444.41,62759.8,4.31
3166,FL13165,2026-07-16,4,5.0,6,401,93,Delayed,198,,694,69458.19,15926.03,53532.17,2.85
3167,FL13166,2026-05-28,4,2.0,2,537,267,Delayed,210,,667,145222.31,31504.44,113717.87,2.08
3168,FL13167,2025-10-26,7,1.0,1,302,283,Delayed,175,,722,157979.08,29252.89,128726.19,3.23
3169,FL13168,2025-02-21,14,2.0,3,482,302,On Time,0,,402,128394.8,28497.6,99897.2,4.28
3170,FL13169,2025-08-04,1,4.0,6,287,222,On Time,0,,702,144507.42,24236.84,120270.58,4.1
3171,FL13170,2025-09-20,13,5.0,6,278,198,Delayed,161,,754,152386.29,25960.86,126425.43,2.73
3172,FL13171,2024-05-10,10,3.0,6,507,263,On Time,0,,75,85368.86,20956.51,64412.34,4.1
3173,FL13172,2024-07-13,10,4.0,4,514,248,On Time,0,,60,69998.15,17037.94,52960.21,4.43
3174,FL13173,2026-01-27,11,1.0,6,151,264,On Time,0,,50,74505.39,20991.91,53513.48,4.91
3175,FL13174,2026-05-28,2,4.0,3,72,155,On Time,0,,1353,152117.66,23962.09,128155.56,3.85
3176,FL13175,2026-07-19,12,4.0,3,121,297,On Time,0,,100,74920.98,24749.56,50171.42,5.0
3177,FL13176,2024-08-27,4,3.0,2,593,98,Delayed,125,,651,59969.5,15596.27,44373.23,4.24
3178,FL13177,2026-02-07,8,4.0,5,39,111,On Time,0,,789,77618.13,18110.4,59507.73,4.11
3179,FL13178,2025-10-10,11,3.0,2,526,240,On Time,0,,86,31816.29,19338.47,12477.81,4.17
3180,FL13179,2025-06-25,10,3.0,2,262,221,On Time,0,,79,35639.46,19607.34,16032.12,4.9
3181,FL13180,2024-05-28,5,4.0,3,563,217,Delayed,39,,90,38047.41,17283.05,20764.36,2.67
3182,FL13181,2025-10-17,6,4.0,4,432,299,On Time,0,,55,78464.28,27074.6,51389.68,3.48
3183,FL13182,2024-04-06,8,2.0,2,461,290,On Time,0,,801,167389.68,30778.19,136611.48,3.16
3184,FL13183,2025-05-25,1,2.0,3,341,255,On Time,0,,709,162327.05,21531.91,140795.14,3.83
3185,FL13184,2024-11-24,11,3.0,2,277,127,On Time,0,,50,23271.68,9992.04,13279.64,3.44
3186,FL13185,2024-02-05,2,2.0,4,56,112,On Time,0,,1375,120976.07,21044.67,99931.4,3.77
3187,FL13186,2024-12-24,7,2.0,5,203,122,On Time,0,,747,74289.97,17419.76,56870.21,3.98
3188,FL13187,2026-04-14,10,2.0,5,646,231,Delayed,50,,92,49853.2,16778.31,33074.89,2.4
3189,FL13188,2026-01-08,2,2.0,1,271,253,On Time,0,,1390,249266.62,29436.24,219830.38,4.89
3190,FL13189,2024-08-11,15,3.0,3,242,273,Cancelled,0,Weather,318,0.0,22656.13,-22656.13,3.77
3191,FL13190,2025-12-12,6,3.0,4,648,113,On Time,0,,78,22280.96,8154.02,14126.94,3.7
3192,FL13191,2024-10-27,1,4.0,2,2,153,On Time,0,,710,85745.88,19062.95,66682.93,4.96
3193,FL13192,2025-01-31,10,2.0,1,411,167,On Time,0,,66,24353.96,12655.27,11698.69,4.25
3194,FL13193,2026-05-27,9,5.0,2,394,235,On Time,0,,939,167019.08,24729.58,142289.5,4.71
3195,FL13194,2025-05-06,10,3.0,5,455,100,Cancelled,0,Operational,96,0.0,8892.24,-8892.24,2.12
3196,FL13195,2025-12-17,12,4.0,4,5,283,Delayed,170,,84,78054.94,19077.64,58977.3,3.08
3197,FL13196,2026-08-04,8,1.0,1,525,108,On Time,0,,814,63698.97,15488.12,48210.86,4.41
3198,FL13197,2025-06-11,13,1.0,5,586,210,On Time,0,,764,162685.53,20710.02,141975.5,3.89
3199,FL13198,2025-04-13,6,3.0,2,427,304,Cancelled,0,Crew,63,0.0,27086.33,-27086.33,2.89
3200,FL13199,2024-08-31,9,2.0,5,391,134,On Time,0,,961,109843.11,19469.47,90373.64,3.93
3201,FL13200,2025-07-30,3,3.0,4,348,248,On Time,0,,75,72483.8,19460.14,53023.66,4.24
3202,FL13201,2026-02-27,10,1.0,1,215,216,On Time,0,,50,33845.71,14590.23,19255.48,4.07
3203,FL13202,2026-06-29,4,3.0,3,592,278,On Time,0,,706,157320.19,24980.85,132339.34,5.0
3204,FL13203,2025-05-26,11,4.0,5,219,225,Delayed,205,,50,62454.6,19126.37,43328.23,2.66
3205,FL13204,2024-08-29,13,4.0,3,513,285,On Time,0,,815,191758.84,27831.72,163927.12,4.06
3206,FL13205,2025-06-07,13,2.0,5,68,182,Delayed,151,,822,128666.9,21314.59,107352.32,3.76
3207,FL13206,2026-08-10,14,2.0,5,82,127,On Time,0,,422,58658.62,11406.08,47252.54,3.19
3208,FL13207,2024-06-30,2,3.0,1,274,246,On Time,0,,1372,219259.54,32646.38,186613.16,3.78
3209,FL13208,2025-08-07,3,3.0,6,16,312,On Time,0,,88,72782.65,24951.3,47831.35,4.11
3210,FL13209,2025-02-24,14,4.0,3,327,189,Delayed,199,,384,75157.22,19021.53,56135.69,4.28
3211,FL13210,2025-12-13,6,2.0,5,377,278,On Time,0,,77,80051.49,25320.89,54730.6,4.09
3212,FL13211,2024-12-07,1,4.0,3,99,291,Delayed,178,,706,164177.98,29226.28,134951.7,3.79
3213,FL13212,2025-03-31,5,5.0,4,392,238,On Time,0,,59,69978.07,19676.05,50302.02,4.54
3214,FL13213,2024-10-08,13,2.0,3,441,272,Delayed,42,,824,168875.41,27660.21,141215.2,1.51
3215,FL13214,2026-07-08,6,5.0,6,127,219,Delayed,77,,66,76746.05,20604.71,56141.34,3.35
3216,FL13215,2025-03-29,2,2.0,1,208,275,Delayed,203,,1395,262529.7,30703.07,231826.62,3.02
3217,FL13216,2026-05-21,11,2.0,6,528,167,On Time,0,,68,65459.28,15184.29,50274.99,4.98
3218,FL13217,2026-03-16,3,4.0,2,45,210,Delayed,84,,97,44744.57,21166.98,23577.59,3.75
3219,FL13218,2025-04-30,6,4.0,6,430,107,On Time,0,,81,28663.2,7149.23,21513.97,4.57
3220,FL13219,2024-10-29,1,3.0,1,161,135,On Time,0,,714,76872.76,13543.59,63329.17,4.34
3221,FL13220,2025-06-23,10,2.0,1,461,223,Delayed,89,,58,43878.68,20042.28,23836.4,3.37
3222,FL13221,2024-08-23,7,1.0,1,24,256,Delayed,119,,749,125880.98,24847.23,101033.75,3.84
3223,FL13222,2025-04-20,14,5.0,4,537,96,On Time,0,,405,44939.47,9564.98,35374.5,3.99
3224,FL13223,2026-04-25,6,5.0,2,592,105,Delayed,89,,104,21904.16,11211.88,10692.28,4.13
3225,FL13224,2025-10-05,4,5.0,4,384,91,On Time,0,,697,56879.64,12943.91,43935.73,3.31
3226,FL13225,2026-01-10,3,3.0,5,300,209,Delayed,39,,81,44810.98,19478.96,25332.02,3.97
3227,FL13226,2025-06-09,4,5.0,1,457,167,Delayed,169,,682,86362.63,24008.81,62353.82,3.06
3228,FL13227,2025-06-25,7,3.0,4,624,102,Delayed,60,,785,65118.08,16137.44,48980.65,3.74
3229,FL13228,2025-07-28,2,1.0,5,432,272,Delayed,64,,1328,308323.47,33076.18,275247.29,2.28
3230,FL13229,2025-10-13,7,1.0,3,400,211,Cancelled,0,Technical,714,0.0,19368.02,-19368.02,3.18
3231,FL13230,2024-09-26,13,2.0,6,333,92,On Time,0,,793,68822.36,15609.46,53212.9,3.9
3232,FL13231,2024-03-22,12,2.0,4,28,247,On Time,0,,84,60180.82,16032.13,44148.7,3.97
3233,FL13232,2024-07-27,10,5.0,1,81,299,On Time,0,,77,44476.6,23958.91,20517.69,2.85
3234,FL13233,2025-12-08,14,2.0,4,113,186,Delayed,228,,406,83279.71,21432.71,61847.0,3.32
3235,FL13234,2026-07-07,12,4.0,3,41,308,On Time,0,,86,62070.29,26088.84,35981.46,4.08
3236,FL13235,2026-05-03,10,2.0,1,346,185,Delayed,200,,91,27119.28,15903.29,11216.0,2.14
3237,FL13236,2026-06-27,13,4.0,6,257,107,On Time,0,,771,79500.58,12835.1,66665.48,3.25
3238,FL13237,2025-03-29,2,3.0,2,6,118,Delayed,105,,1351,104343.97,22258.4,82085.57,3.4
3239,FL13238,2024-10-13,13,1.0,1,350,105,On Time,0,,824,64142.48,14664.36,49478.13,4.26
3240,FL13239,2026-03-17,5,3.0,2,398,159,Delayed,192,,50,31141.97,17666.34,13475.63,3.27
3241,FL13240,2025-01-21,11,1.0,5,132,178,Cancelled,0,Weather,73,0.0,10473.19,-10473.19,3.03
3242,FL13241,2025-06-29,14,5.0,4,569,192,On Time,0,,423,82610.62,18895.87,63714.75,4.02
3243,FL13242,2026-06-10,8,4.0,5,204,200,Delayed,137,,729,143495.58,24737.42,118758.16,2.95
3244,FL13243,2024-02-04,2,5.0,3,208,288,On Time,0,,1359,299138.37,36328.06,262810.31,3.88
3245,FL13244,2026-01-19,6,5.0,1,598,92,Delayed,118,,90,11167.57,8706.86,2460.71,2.39
3246,FL13245,2024-01-13,7,2.0,3,546,296,Delayed,235,,733,193535.93,27295.43,166240.5,2.92
3247,FL13246,2025-07-28,15,4.0,2,249,144,On Time,0,,333,41382.77,15722.58,25660.19,3.97
3248,FL13247,2024-05-01,15,1.0,4,601,309,On Time,0,,336,128199.68,26472.95,101726.73,4.8
3249,FL13248,2026-01-03,9,5.0,2,389,121,On Time,0,,951,86775.33,15915.35,70859.98,3.92
3250,FL13249,2026-07-12,15,4.0,6,166,113,On Time,0,,316,58092.62,8754.6,49338.01,5.0
3251,FL13250,2025-06-04,7,4.0,3,296,117,Delayed,83,,753,69215.73,17823.29,51392.44,4.55
3252,FL13251,2026-07-05,7,5.0,2,307,158,On Time,0,,743,88544.25,20907.58,67636.67,4.05
3253,FL13252,2025-10-25,13,5.0,6,26,306,Delayed,174,,770,218389.97,25886.79,192503.17,3.03
3254,FL13253,2024-02-09,11,5.0,4,204,196,Cancelled,0,Weather,57,0.0,12977.25,-12977.25,4.47
3255,FL13254,2024-12-14,8,1.0,2,429,128,Delayed,48,,752,79864.27,18141.89,61722.39,3.78
3256,FL13255,2024-12-19,7,1.0,3,186,237,On Time,0,,742,132915.64,23737.12,109178.52,4.29
3257,FL13256,2026-06-27,11,5.0,2,393,206,On Time,0,,76,33021.4,14221.49,18799.91,3.53
3258,FL13257,2026-06-25,12,2.0,5,6,251,Delayed,156,,101,80458.72,20274.82,60183.9,3.02
3259,FL13258,2026-01-14,8,3.0,4,147,260,Delayed,239,,792,177163.8,29399.55,147764.24,2.65
3260,FL13259,2025-06-13,1,1.0,5,150,270,Cancelled,0,Technical,706,0.0,23139.4,-23139.4,3.97
3261,FL13260,2024-02-28,2,4.0,6,420,124,On Time,0,,1381,131723.53,23360.7,108362.83,4.33
3262,FL13261,2026-01-28,3,5.0,5,516,204,On Time,0,,94,60317.37,12313.41,48003.97,3.8
3263,FL13262,2025-01-29,7,5.0,3,261,235,Cancelled,0,Operational,752,0.0,18605.04,-18605.04,2.69
3264,FL13263,2024-07-14,10,3.0,2,585,218,Delayed,131,,50,36323.04,22759.3,13563.74,2.66
3265,FL13264,2026-03-22,13,4.0,4,635,313,On Time,0,,765,218426.44,26526.26,191900.18,3.95
3266,FL13265,2024-04-08,4,3.0,3,191,310,Delayed,28,,697,181870.99,24543.56,157327.43,3.41
3267,FL13266,2025-08-26,12,3.0,2,269,276,On Time,0,,110,49186.98,24342.28,24844.7,2.52
3268,FL13267,2024-11-12,10,3.0,5,24,145,On Time,0,,55,34938.91,13345.25,21593.66,3.37
3269,FL13268,2026-02-26,1,5.0,6,233,211,On Time,0,,716,156484.17,23946.54,132537.63,3.56
3270,FL13269,2025-10-25,6,2.0,3,489,274,On Time,0,,77,46735.35,16778.65,29956.7,4.71
3271,FL13270,2024-06-21,5,3.0,5,526,151,On Time,0,,50,43235.55,12090.61,31144.94,3.64
3272,FL13271,2026-06-09,14,4.0,6,457,253,On Time,0,,438,146540.61,22816.12,123724.49,2.83
3273,FL13272,2024-03-04,14,3.0,1,300,147,On Time,0,,366,55757.13,15404.69,40352.44,3.28
3274,FL13273,2026-01-17,13,1.0,3,185,122,On Time,0,,774,82389.99,12976.12,69413.86,5.0
3275,FL13274,2025-05-07,8,2.0,5,327,145,On Time,0,,804,105667.44,17290.62,88376.82,3.76
3276,FL13275,2025-01-27,8,4.0,3,530,303,On Time,0,,781,195594.99,27109.8,168485.19,3.32
3277,FL13276,2025-04-06,5,4.0,5,588,318,Delayed,232,,51,79262.38,27045.97,52216.41,2.21
3278,FL13277,2024-12-23,12,4.0,3,493,286,On Time,0,,87,63003.2,19850.54,43152.66,4.02
3279,FL13278,2026-01-20,2,5.0,1,289,152,On Time,0,,1348,145938.34,26164.18,119774.16,4.08
3280,FL13279,2026-04-13,5,4.0,3,61,269,On Time,0,,50,60374.37,21070.98,39303.39,4.29
3281,FL13280,2026-03-24,3,3.0,3,486,140,Delayed,105,,112,35949.24,17200.67,18748.57,5.0
3282,FL13281,2025-05-10,8,2.0,6,317,119,Delayed,67,,771,94924.93,22463.38,72461.55,2.5
3283,FL13282,2026-06-17,5,2.0,1,34,149,Cancelled,0,Technical,50,0.0,12162.25,-12162.25,2.76
3284,FL13283,2025-03-13,3,5.0,1,109,122,Cancelled,0,Operational,81,0.0,8077.93,-8077.93,3.19
3285,FL13284,2025-03-19,6,3.0,1,649,237,On Time,0,,68,18256.7,20908.33,-2651.62,3.72
3286,FL13285,2024-09-30,13,4.0,4,110,247,Delayed,225,,778,190552.33,25458.88,165093.45,1.96
3287,FL13286,2026-02-12,9,1.0,6,273,98,On Time,0,,939,82493.0,15236.92,67256.07,4.33
3288,FL13287,2025-10-22,13,1.0,4,244,114,Delayed,201,,800,81545.25,17971.64,63573.62,2.89
3289,FL13288,2025-07-08,14,2.0,5,318,200,Cancelled,0,Weather,382,0.0,19883.38,-19883.38,2.31
3290,FL13289,2024-05-25,14,1.0,6,103,116,Delayed,141,,374,58049.75,13863.06,44186.69,2.72
3291,FL13290,2024-12-13,6,4.0,4,245,280,On Time,0,,57,67257.38,18798.3,48459.08,5.0
3292,FL13291,2025-01-06,14,4.0,4,540,182,On Time,0,,419,73195.09,14560.47,58634.62,4.84
3293,FL13292,2025-07-03,14,3.0,2,68,184,On Time,0,,435,53165.43,17351.29,35814.14,3.29
3294,FL13293,2025-12-21,15,2.0,6,289,91,On Time,0,,333,47282.61,10224.43,37058.19,2.87
3295,FL13294,2024-06-12,6,3.0,5,530,251,Delayed,25,,85,75952.5,19994.65,55957.85,3.88
3296,FL13295,2025-10-08,4,1.0,6,567,255,Delayed,210,,676,170963.5,26999.9,143963.6,4.64
3297,FL13296,2025-07-02,9,3.0,6,571,263,On Time,0,,933,229353.59,30754.43,198599.15,5.0
3298,FL13297,2024-05-07,14,1.0,3,356,214,Delayed,34,,401,94071.77,19403.52,74668.24,2.38
3299,FL13298,2024-07-23,14,1.0,1,25,151,On Time,0,,344,47790.64,13562.15,34228.49,4.88
3300,FL13299,2024-12-08,9,1.0,6,391,107,On Time,0,,961,93161.12,15088.31,78072.81,4.0
3301,FL13300,2025-06-22,3,1.0,3,610,162,On Time,0,,85,42834.92,13437.24,29397.69,2.75
3302,FL13301,2025-01-12,7,3.0,6,371,215,On Time,0,,716,145857.65,24331.16,121526.49,3.44
3303,FL13302,2025-12-08,11,3.0,5,441,116,Delayed,31,,74,34738.45,9928.19,24810.26,2.79
3304,FL13303,2024-08-11,9,4.0,2,120,102,Delayed,33,,974,74358.36,17837.63,56520.73,3.61
3305,FL13304,2025-02-14,6,3.0,3,473,139,Delayed,75,,65,38824.89,11120.09,27704.8,2.41
3306,FL13305,2024-07-10,6,1.0,4,89,106,On Time,0,,77,28407.6,9583.38,18824.22,4.61
3307,FL13306,2024-08-06,1,1.0,3,241,93,Delayed,119,,712,54697.41,16003.96,38693.45,3.61
3308,FL13307,2025-05-02,5,4.0,2,195,201,On Time,0,,71,33259.15,14729.16,18529.99,4.66
3309,FL13308,2024-07-11,11,5.0,2,21,261,On Time,0,,50,64367.5,16533.68,47833.82,3.57
3310,FL13309,2024-11-17,4,2.0,4,436,204,On Time,0,,700,126496.37,21692.91,104803.46,4.26
3311,FL13310,2025-09-25,15,2.0,1,76,110,Delayed,124,,336,35696.66,15742.2,19954.47,2.63
3312,FL13311,2025-08-04,2,2.0,1,563,167,Delayed,221,,1311,155586.67,31455.47,124131.2,3.74
3313,FL13312,2025-11-19,9,2.0,1,550,98,On Time,0,,962,70471.23,16230.16,54241.06,3.85
3314,FL13313,2025-09-06,8,2.0,5,101,233,Delayed,110,,751,176980.61,24062.11,152918.51,3.21
3315,FL13314,2026-06-22,13,3.0,1,323,143,On Time,0,,795,83899.05,18374.55,65524.49,3.98
3316,FL13315,2026-07-04,14,4.0,3,54,179,On Time,0,,422,70975.89,19066.02,51909.87,2.87
3317,FL13316,2025-01-30,9,4.0,1,129,297,Delayed,24,,940,197855.08,38824.88,159030.2,4.07
3318,FL13317,2025-07-19,10,5.0,4,551,225,Delayed,49,,50,40926.58,17527.17,23399.41,3.35
3319,FL13318,2024-04-02,11,2.0,1,220,265,Delayed,228,,78,38244.68,20274.21,17970.48,4.08
3320,FL13319,2026-02-25,8,3.0,1,234,170,Delayed,59,,809,99078.36,25854.75,73223.61,4.03
3321,FL13320,2025-07-16,3,2.0,3,589,304,On Time,0,,74,60985.56,23571.55,37414.01,3.47
3322,FL13321,2026-05-22,7,1.0,5,164,254,Cancelled,0,Technical,691,0.0,24427.86,-24427.86,2.82
3323,FL13322,2024-04-28,4,2.0,1,133,208,Delayed,150,,719,111221.76,21482.34,89739.42,2.29
3324,FL13323,2025-02-11,7,2.0,3,6,223,On Time,0,,755,141692.37,19544.51,122147.87,4.8
3325,FL13324,2025-05-11,10,3.0,5,522,233,On Time,0,,69,67840.88,14764.26,53076.62,4.21
3326,FL13325,2024-06-16,4,1.0,4,131,126,On Time,0,,659,75329.37,14638.99,60690.38,4.13
3327,FL13326,2024-10-10,4,4.0,5,281,147,Delayed,20,,707,100163.9,18903.78,81260.12,3.12
3328,FL13327,2024-09-24,13,5.0,2,28,247,Cancelled,0,Crew,813,0.0,25442.21,-25442.21,2.37
3329,FL13328,2025-09-20,6,5.0,6,336,191,Delayed,38,,114,66612.6,15806.89,50805.71,4.13
3330,FL13329,2025-10-17,3,1.0,1,451,270,On Time,0,,91,33765.19,16284.22,17480.97,5.0
3331,FL13330,2025-09-11,11,1.0,4,212,210,On Time,0,,70,60071.99,12002.43,48069.56,4.86
3332,FL13331,2024-11-04,11,5.0,3,45,105,On Time,0,,50,27683.2,7848.5,19834.7,3.89
3333,FL13332,2024-05-04,13,5.0,1,140,242,On Time,0,,812,143158.19,21087.44,122070.74,4.25
3334,FL13333,2024-05-05,12,3.0,6,489,230,On Time,0,,115,80109.83,20650.96,59458.87,4.7
3335,FL13334,2026-01-30,15,2.0,5,571,173,On Time,0,,340,81558.47,14886.94,66671.53,4.06
3336,FL13335,2024-05-13,9,3.0,2,447,271,On Time,0,,969,184374.97,26761.45,157613.52,5.0
3337,FL13336,2026-03-23,5,3.0,1,600,170,On Time,0,,51,21042.73,12912.67,8130.06,4.81
3338,FL13337,2024-11-16,13,5.0,5,22,116,Delayed,69,,788,85137.95,17627.86,67510.09,5.0
3339,FL13338,2025-08-15,4,3.0,4,506,117,On Time,0,,692,82302.63,12497.97,69804.67,4.13
3340,FL13339,2024-05-18,5,1.0,1,646,297,On Time,0,,88,29384.08,24478.12,4905.96,2.43
3341,FL13340,2026-02-27,13,4.0,6,573,176,On Time,0,,815,144288.38,16408.94,127879.45,4.05
3342,FL13341,2026-05-29,14,4.0,5,637,185,Cancelled,0,Crew,398,0.0,15834.83,-15834.83,2.75
3343,FL13342,2026-06-26,6,2.0,3,332,160,Delayed,62,,76,33967.15,12723.13,21244.02,3.41
3344,FL13343,2024-01-07,11,1.0,2,616,259,On Time,0,,77,56573.77,19782.17,36791.61,5.0
3345,FL13344,2026-05-25,14,1.0,2,287,229,Delayed,209,,385,102248.67,24051.68,78196.98,2.95
3346,FL13345,2024-08-10,12,5.0,3,160,296,Delayed,18,,124,72216.48,28753.1,43463.38,2.76
3347,FL13346,2025-07-11,1,3.0,1,559,295,Delayed,97,,694,169120.89,31097.82,138023.07,2.88
3348,FL13347,2026-06-08,10,3.0,3,435,317,On Time,0,,69,55519.14,19483.37,36035.76,5.0
3349,FL13348,2025-09-11,3,5.0,2,447,165,On Time,0,,84,28981.2,13807.29,15173.9,3.7
3350,FL13349,2026-02-11,13,1.0,1,292,224,On Time,0,,812,120996.81,22917.64,98079.17,4.17
3351,FL13350,2024-08-14,2,2.0,1,647,169,On Time,0,,1364,155810.3,25730.94,130079.35,5.0
3352,FL13351,2026-06-05,15,5.0,3,217,251,On Time,0,,373,98839.59,20901.56,77938.03,4.43
3353,FL13352,2025-09-01,3,3.0,3,399,262,On Time,0,,94,61989.22,18943.91,43045.32,2.53
3354,FL13353,2026-04-20,7,1.0,3,277,147,On Time,0,,757,100577.19,17879.02,82698.17,3.69
3355,FL13354,2024-01-10,4,4.0,5,218,287,On Time,0,,683,212212.07,26536.44,185675.63,3.58
3356,FL13355,2025-02-06,13,1.0,4,453,156,On Time,0,,787,107284.69,20702.83,86581.86,2.87
3357,FL13356,2026-02-21,6,4.0,2,87,316,On Time,0,,70,48888.69,26069.82,22818.87,3.69
3358,FL13357,2024-03-30,12,4.0,6,71,285,On Time,0,,103,106811.23,21125.5,85685.73,2.23
3359,FL13358,2024-08-02,2,5.0,5,421,94,On Time,0,,1351,105679.3,16479.52,89199.78,4.21
3360,FL13359,2026-03-07,7,3.0,3,289,181,Delayed,88,,726,115694.06,19585.85,96108.21,3.3
3361,FL13360,2026-07-01,14,2.0,1,93,179,On Time,0,,393,65414.59,14961.53,50453.06,3.54
3362,FL13361,2024-12-24,14,5.0,6,609,279,On Time,0,,400,149256.73,21021.46,128235.27,2.82
3363,FL13362,2024-05-31,4,3.0,5,609,256,On Time,0,,695,162020.74,22517.59,139503.15,4.91
3364,FL13363,2024-04-20,6,4.0,3,398,101,On Time,0,,67,17255.85,8350.88,8904.97,3.63
3365,FL13364,2026-02-28,7,1.0,1,244,283,On Time,0,,711,156207.07,26373.95,129833.12,4.71
3366,FL13365,2026-01-10,9,4.0,1,597,140,On Time,0,,955,94390.51,15929.74,78460.77,3.92
3367,FL13366,2025-09-30,9,3.0,2,131,175,On Time,0,,962,127040.03,20451.91,106588.12,4.95
3368,FL13367,2024-01-25,2,2.0,2,17,129,Delayed,41,,1385,125182.52,30329.83,94852.69,3.68
3369,FL13368,2024-12-08,12,4.0,2,395,126,On Time,0,,99,16954.65,9125.47,7829.18,4.07
3370,FL13369,2024-07-27,4,1.0,3,370,211,On Time,0,,683,110473.95,23498.96,86974.99,3.45
3371,FL13370,2025-06-18,5,4.0,1,182,109,On Time,0,,60,18160.5,9722.73,8437.77,4.84
3372,FL13371,2025-09-20,13,5.0,2,454,108,Delayed,47,,796,64724.65,17492.63,47232.02,3.17
3373,FL13372,2026-04-15,11,3.0,6,151,270,On Time,0,,66,83072.42,21592.37,61480.05,3.47
3374,FL13373,2024-08-18,6,1.0,6,220,169,Delayed,147,,54,50526.08,19262.44,31263.64,3.2
3375,FL13374,2025-06-27,14,3.0,1,92,239,On Time,0,,358,73801.59,20395.04,53406.56,3.97
3376,FL13375,2024-03-04,6,3.0,5,81,316,On Time,0,,60,79191.24,25571.23,53620.01,4.57
3377,FL13376,2024-06-23,9,3.0,6,72,101,On Time,0,,940,90086.37,14586.74,75499.63,2.78
3378,FL13377,2025-10-15,4,2.0,4,59,272,Delayed,174,,701,169763.29,26379.89,143383.4,4.85
3379,FL13378,2025-06-16,3,4.0,3,130,115,Cancelled,0,Technical,88,0.0,10817.38,-10817.38,3.3
3380,FL13379,2024-10-17,8,2.0,3,352,264,Delayed,79,,776,178706.34,28203.61,150502.73,3.29
3381,FL13380,2025-04-03,9,3.0,2,255,160,On Time,0,,947,116372.76,17665.47,98707.29,4.29
3382,FL13381,2026-05-28,13,3.0,3,126,121,Delayed,84,,824,82954.15,18647.94,64306.21,2.3
3383,FL13382,2024-11-05,6,4.0,6,80,142,On Time,0,,68,45298.12,10471.32,34826.79,4.08
3384,FL13383,2024-03-01,14,4.0,4,33,173,On Time,0,,361,85372.65,18772.65,66600.0,4.42
3385,FL13384,2024-04-07,10,5.0,3,409,257,Delayed,30,,50,60695.58,24834.43,35861.15,3.11
3386,FL13385,2024-11-30,2,4.0,1,540,246,Cancelled,0,Crew,1402,0.0,26393.91,-26393.91,3.34
3387,FL13386,2025-06-01,12,4.0,6,159,257,On Time,0,,125,77441.01,15345.47,62095.54,4.52
3388,FL13387,2026-05-10,9,5.0,1,524,94,On Time,0,,964,64903.57,15567.0,49336.57,3.53
3389,FL13388,2025-06-11,6,2.0,5,468,314,On Time,0,,85,68852.1,25081.07,43771.02,4.81
3390,FL13389,2024-03-17,8,2.0,2,486,189,On Time,0,,795,125502.77,22559.62,102943.15,3.96
3391,FL13390,2024-07-01,5,3.0,2,189,115,On Time,0,,62,17708.11,9615.31,8092.8,5.0
3392,FL13391,2026-04-19,10,3.0,2,356,303,Delayed,228,,78,47081.79,27372.21,19709.57,4.15
3393,FL13392,2024-05-12,9,4.0,3,368,272,On Time,0,,963,191322.7,24624.97,166697.74,4.26
3394,FL13393,2026-03-12,7,1.0,5,336,108,Delayed,153,,755,74787.89,17439.19,57348.7,2.77
3395,FL13394,2026-01-21,5,1.0,3,484,190,On Time,0,,54,38268.12,13025.69,25242.43,3.93
3396,FL13395,2024-05-06,6,4.0,1,358,298,On Time,0,,64,61773.74,24212.07,37561.67,4.66
3397,FL13396,2025-06-15,8,5.0,2,376,247,On Time,0,,768,159333.09,25133.86,134199.23,3.64
3398,FL13397,2025-06-19,8,2.0,1,503,134,On Time,0,,801,75306.29,17900.89,57405.4,4.28
3399,FL13398,2024-04-09,5,2.0,3,166,251,On Time,0,,73,38272.94,15439.17,22833.77,4.36
3400,FL13399,2024-04-24,9,3.0,6,430,133,On Time,0,,953,103250.76,18791.01,84459.75,3.93
3401,FL13400,2024-07-04,4,3.0,6,443,170,Delayed,98,,707,113318.79,20749.72,92569.08,2.77
3402,FL13401,2026-06-07,8,1.0,6,94,134,On Time,0,,752,94926.59,14750.01,80176.59,5.0
3403,FL13402,2024-02-28,2,3.0,1,469,249,On Time,0,,1384,237098.17,29135.28,207962.89,4.31
3404,FL13403,2026-08-02,8,5.0,3,227,304,Delayed,196,,770,196057.76,26642.2,169415.57,3.1
3405,FL13404,2025-07-29,12,4.0,1,452,100,On Time,0,,87,15978.14,6729.45,9248.69,3.49
3406,FL13405,2024-11-28,13,5.0,3,445,228,Delayed,46,,776,142337.6,27836.42,114501.18,3.88
3407,FL13406,2024-10-22,11,4.0,4,174,147,Cancelled,0,Weather,68,0.0,11469.06,-11469.06,2.95
3408,FL13407,2026-07-09,12,5.0,5,359,262,Delayed,54,,95,65358.72,24698.56,40660.17,3.94
3409,FL13408,2025-02-14,1,2.0,3,333,122,On Time,0,,676,73131.01,17347.74,55783.27,3.4
3410,FL13409,2024-09-19,6,1.0,1,606,174,Delayed,147,,50,30025.21,19212.12,10813.09,3.5
3411,FL13410,2026-06-03,10,1.0,3,114,137,On Time,0,,57,26654.7,11420.36,15234.34,3.69
3412,FL13411,2025-07-31,13,5.0,3,182,290,On Time,0,,809,195177.98,33397.03,161780.95,5.0
3413,FL13412,2025-12-19,9,4.0,4,266,108,Cancelled,0,Technical,960,0.0,15012.13,-15012.13,3.24
3414,FL13413,2024-08-19,13,2.0,1,470,223,On Time,0,,813,114956.95,28697.57,86259.38,3.35
3415,FL13414,2026-07-28,5,5.0,4,151,117,Delayed,223,,62,30098.72,11850.85,18247.87,3.91
3416,FL13415,2024-01-21,3,2.0,3,463,227,On Time,0,,89,60341.29,17049.38,43291.92,4.8
3417,FL13416,2026-07-02,2,3.0,5,97,266,On Time,0,,1364,285062.04,30523.83,254538.21,3.78
3418,FL13417,2024-12-01,9,2.0,6,492,263,On Time,0,,961,244940.39,23984.08,220956.31,3.47
3419,FL13418,2024-01-09,10,1.0,2,495,97,Delayed,43,,93,11817.61,8248.55,3569.06,1.87
3420,FL13419,2025-02-26,5,2.0,5,418,267,On Time,0,,57,68619.15,19163.91,49455.24,4.72
3421,FL13420,2025-01-26,12,2.0,1,640,158,Delayed,60,,91,25924.36,16549.48,9374.87,2.16
3422,FL13421,2024-07-04,12,3.0,6,578,246,On Time,0,,97,86205.32,21782.73,64422.59,3.97
3423,FL13422,2026-04-01,6,1.0,3,445,311,Delayed,101,,66,60042.72,21608.5,38434.21,2.18
3424,FL13423,2025-05-10,4,2.0,5,508,117,On Time,0,,684,73759.81,14480.97,59278.84,5.0
3425,FL13424,2024-01-24,12,3.0,5,426,173,Delayed,52,,94,55512.97,15023.06,40489.9,4.17
3426,FL13425,2026-06-10,11,2.0,4,531,289,On Time,0,,51,72383.93,19872.43,52511.5,4.2
3427,FL13426,2025-03-31,3,4.0,3,526,122,On Time,0,,111,26487.82,8711.0,17776.81,4.68
3428,FL13427,2026-02-19,4,4.0,5,290,150,Delayed,66,,725,102743.78,19931.7,82812.08,3.21
3429,FL13428,2024-04-10,8,5.0,3,95,216,On Time,0,,775,139369.21,23401.93,115967.29,3.46
3430,FL13429,2025-01-30,8,5.0,4,46,319,On Time,0,,814,216954.78,26002.44,190952.34,2.91
3431,FL13430,2025-10-31,3,2.0,4,188,157,Delayed,101,,94,40505.18,14453.76,26051.42,3.81
3432,FL13431,2025-02-05,15,4.0,3,356,178,Delayed,168,,318,61456.81,16546.23,44910.58,2.64
3433,FL13432,2024-01-18,6,4.0,1,189,273,Delayed,93,,85,30358.69,23996.34,6362.34,4.94
3434,FL13433,2026-04-11,6,3.0,2,312,117,Delayed,62,,52,18731.75,12113.58,6618.17,2.58
3435,FL13434,2025-08-07,1,4.0,6,132,165,Delayed,68,,716,116926.83,23986.59,92940.25,3.96
3436,FL13435,2025-06-30,14,1.0,4,604,162,On Time,0,,397,61601.38,17098.67,44502.71,4.83
3437,FL13436,2024-06-23,4,2.0,4,280,182,On Time,0,,687,121133.02,17479.06,103653.97,3.13
3438,FL13437,2025-02-04,15,5.0,2,441,221,Delayed,31,,322,75061.64,20374.15,54687.49,3.01
3439,FL13438,2026-04-14,8,5.0,5,362,140,Delayed,59,,763,95581.06,17596.29,77984.77,3.15
3440,FL13439,2024-09-21,14,1.0,3,515,180,On Time,0,,412,84119.55,20013.97,64105.58,5.0
3441,FL13440,2024-06-09,3,3.0,2,370,300,On Time,0,,92,58691.32,22579.31,36112.0,3.84
3442,FL13441,2026-06-18,3,2.0,1,455,280,On Time,0,,103,31484.54,24015.66,7468.88,3.26
3443,FL13442,2024-12-12,13,1.0,3,545,309,Delayed,20,,793,220165.66,38881.14,181284.52,3.62
3444,FL13443,2025-04-12,13,1.0,4,414,246,On Time,0,,789,182020.41,29109.63,152910.78,3.32
3445,FL13444,2024-01-14,9,3.0,2,415,223,Delayed,89,,952,152630.71,29844.67,122786.04,3.26
3446,FL13445,2024-11-08,1,4.0,2,594,139,Delayed,46,,714,77314.68,20536.61,56778.07,3.0
3447,FL13446,2026-06-09,15,3.0,2,464,126,On Time,0,,335,40696.04,12065.17,28630.87,4.34
3448,FL13447,2026-05-11,6,2.0,2,44,213,On Time,0,,67,23934.51,19371.5,4563.01,3.64
3449,FL13448,2026-08-09,15,4.0,5,521,183,On Time,0,,310,83331.62,17117.08,66214.54,3.55
3450,FL13449,2025-10-13,14,4.0,3,568,271,On Time,0,,380,119329.45,25531.64,93797.82,4.7
3451,FL13450,2025-12-18,13,5.0,3,388,92,On Time,0,,787,62605.18,16371.67,46233.51,4.19
3452,FL13451,2026-04-27,11,2.0,1,523,294,On Time,0,,67,41732.24,22821.05,18911.19,4.02
3453,FL13452,2024-03-18,11,2.0,4,55,129,Delayed,172,,50,35962.05,11358.18,24603.87,2.05
3454,FL13453,2024-10-14,8,3.0,6,646,180,On Time,0,,793,128747.32,19828.27,108919.06,4.4
3455,FL13454,2024-04-02,1,3.0,5,565,171,On Time,0,,710,125884.19,18881.14,107003.05,3.69
3456,FL13455,2026-07-25,6,3.0,3,89,302,On Time,0,,59,56316.09,19647.05,36669.04,4.18
3457,FL13456,2025-07-26,11,5.0,2,427,255,Delayed,107,,50,38929.51,21516.54,17412.97,2.1
3458,FL13457,2026-04-15,13,1.0,3,548,98,On Time,0,,779,62462.01,15152.4,47309.61,4.18
3459,FL13458,2025-07-31,9,3.0,1,479,286,On Time,0,,919,188349.55,33548.66,154800.89,4.13
3460,FL13459,2025-09-01,11,3.0,1,159,245,Delayed,42,,60,32843.39,19845.07,12998.32,3.15
3461,FL13460,2025-10-15,1,2.0,5,151,105,On Time,0,,700,69764.57,14565.43,55199.13,3.42
3462,FL13461,2026-07-23,8,4.0,6,41,269,On Time,0,,799,204315.56,21774.68,182540.88,4.76
3463,FL13462,2026-04-14,8,5.0,6,353,97,On Time,0,,790,70455.52,13727.67,56727.85,3.51
3464,FL13463,2025-02-25,14,3.0,4,164,187,Delayed,108,,417,84445.68,22823.57,61622.11,3.89
3465,FL13464,2025-08-25,5,1.0,6,372,127,Delayed,65,,69,35259.65,13458.09,21801.56,3.98
3466,FL13465,2025-04-26,4,1.0,3,97,92,On Time,0,,677,57328.57,13501.82,43826.75,3.46
3467,FL13466,2024-06-16,6,3.0,2,268,218,Delayed,196,,106,44407.13,19163.22,25243.91,3.79
3468,FL13467,2025-07-25,3,4.0,2,187,248,Delayed,21,,90,48105.17,18832.89,29272.28,3.02
3469,FL13468,2024-12-23,9,2.0,2,90,200,Delayed,27,,914,138702.12,27798.16,110903.96,3.72
3470,FL13469,2026-01-17,10,2.0,5,595,168,Delayed,190,,65,48424.26,15104.91,33319.35,2.69
3471,FL13470,2026-04-21,13,5.0,1,72,208,Delayed,214,,761,115737.93,22103.1,93634.83,3.23
3472,FL13471,2025-11-03,15,1.0,6,427,124,On Time,0,,330,59545.9,13900.47,45645.43,4.05
3473,FL13472,2024-06-17,2,1.0,5,287,101,On Time,0,,1356,108543.33,18552.49,89990.85,3.98
3474,FL13473,2026-05-28,4,1.0,3,372,126,Delayed,205,,706,86882.9,19330.32,67552.58,3.55
3475,FL13474,2024-11-14,5,5.0,5,178,102,On Time,0,,86,24261.02,7496.0,16765.02,3.47
3476,FL13475,2025-03-26,4,3.0,1,567,266,On Time,0,,689,115482.34,21534.87,93947.47,3.64
3477,FL13476,2025-08-29,13,1.0,3,229,230,Delayed,44,,785,146092.48,24070.26,122022.21,3.76
3478,FL13477,2025-06-28,3,2.0,1,585,133,Delayed,193,,111,13184.48,9106.47,4078.01,3.03
3479,FL13478,2026-01-07,1,5.0,1,247,221,Delayed,189,,688,112067.04,22862.51,89204.53,2.98
3480,FL13479,2025-02-01,13,4.0,1,627,201,Delayed,45,,794,108958.85,26623.79,82335.07,2.75
3481,FL13480,2025-09-23,15,2.0,5,477,115,On Time,0,,343,47419.38,11000.99,36418.4,3.7
3482,FL13481,2026-01-26,4,2.0,5,571,313,Delayed,164,,679,197261.41,29653.72,167607.7,2.63
3483,FL13482,2025-05-12,5,1.0,6,78,305,Cancelled,0,Technical,60,0.0,26212.18,-26212.18,3.47
3484,FL13483,2025-11-18,8,4.0,6,532,264,On Time,0,,783,198871.59,27150.95,171720.64,3.71
3485,FL13484,2026-03-28,8,1.0,6,468,275,On Time,0,,807,217976.23,27802.21,190174.02,3.3
3486,FL13485,2026-07-03,15,2.0,6,21,215,Delayed,102,,308,103289.62,24427.61,78862.01,3.17
3487,FL13486,2025-05-17,7,2.0,1,39,274,On Time,0,,735,160632.68,27931.82,132700.86,3.09
3488,FL13487,2026-07-16,1,4.0,5,363,211,On Time,0,,730,139671.43,18461.78,121209.65,3.44
3489,FL13488,2025-03-15,7,4.0,5,416,128,On Time,0,,757,95943.59,16070.55,79873.04,4.88
3490,FL13489,2025-06-20,9,4.0,1,255,128,On Time,0,,940,89309.94,18765.02,70544.92,3.29
3491,FL13490,2024-05-17,8,2.0,1,601,286,On Time,0,,779,158073.99,29885.8,128188.19,3.91
3492,FL13491,2024-02-06,8,2.0,6,41,192,Delayed,82,,790,149120.69,24838.8,124281.88,4.73
3493,FL13492,2025-03-07,14,2.0,6,229,257,On Time,0,,401,132791.5,26763.89,106027.61,4.16
3494,FL13493,2025-07-15,13,1.0,2,60,123,Delayed,158,,820,75695.7,18474.02,57221.68,2.97
3495,FL13494,2025-04-13,4,4.0,1,645,193,On Time,0,,718,102456.12,20208.19,82247.93,2.71
3496,FL13495,2025-09-13,6,3.0,3,279,109,On Time,0,,50,26137.52,7105.17,19032.35,4.11
3497,FL13496,2024-09-30,11,3.0,1,19,140,On Time,0,,50,9336.19,12134.67,-2798.48,3.5
3498,FL13497,2024-03-05,7,5.0,5,615,115,Delayed,24,,727,78368.71,16317.57,62051.15,3.66
3499,FL13498,2025-11-14,7,1.0,3,477,137,Cancelled,0,Weather,701,0.0,16337.58,-16337.58,2.56
3500,FL13499,2024-06-22,3,5.0,1,296,229,On Time,0,,123,38440.62,18044.82,20395.8,4.18
3501,FL13500,2024-11-01,4,4.0,6,386,91,Cancelled,0,Crew,665,0.0,10720.16,-10720.16,3.94
3502,FL13501,2026-04-10,12,2.0,5,503,134,On Time,0,,90,28984.64,11582.17,17402.47,4.44
3503,FL13502,2024-01-13,13,4.0,6,165,248,On Time,0,,775,203864.04,27880.99,175983.06,3.14
3504,FL13503,2025-02-17,12,4.0,6,138,124,Delayed,55,,65,40625.76,14867.35,25758.41,3.36
3505,FL13504,2025-09-01,5,2.0,1,551,217,On Time,0,,90,42052.81,14394.78,27658.02,4.63
3506,FL13505,2026-06-03,3,2.0,5,154,289,Delayed,177,,85,94502.62,26776.93,67725.69,2.31
3507,FL13506,2024-11-24,3,5.0,5,432,269,On Time,0,,134,73006.2,21958.08,51048.13,5.0
3508,FL13507,2024-11-05,6,1.0,5,548,118,Delayed,20,,99,23122.08,13888.56,9233.52,3.39
3509,FL13508,2024-07-12,8,1.0,2,39,123,On Time,0,,781,73655.45,14615.0,59040.45,4.37
3510,FL13509,2026-07-28,14,4.0,3,189,252,On Time,0,,350,103180.52,26066.85,77113.67,3.78
3511,FL13510,2024-07-29,14,5.0,6,32,169,On Time,0,,385,89827.4,17633.06,72194.35,4.03
3512,FL13511,2025-10-07,1,3.0,1,422,185,Delayed,186,,749,91324.19,19385.31,71938.88,2.72
3513,FL13512,2026-04-12,11,1.0,4,127,199,On Time,0,,75,50154.02,16350.8,33803.22,5.0
3514,FL13513,2025-12-18,5,3.0,5,2,223,On Time,0,,63,64004.9,14728.86,49276.03,5.0
3515,FL13514,2025-05-10,3,2.0,5,528,193,On Time,0,,84,64400.89,12972.25,51428.64,5.0
3516,FL13515,2025-07-28,9,5.0,4,19,95,On Time,0,,963,73673.62,14806.43,58867.19,2.85
3517,FL13516,2024-11-20,1,4.0,5,364,111,On Time,0,,711,76370.4,12146.45,64223.95,4.21
3518,FL13517,2025-06-04,6,2.0,6,309,90,Delayed,154,,77,29573.58,6652.85,22920.72,3.58
3519,FL13518,2025-12-27,9,4.0,5,198,150,On Time,0,,968,127784.33,21234.73,106549.6,3.54
3520,FL13519,2025-11-27,5,4.0,1,384,277,On Time,0,,88,31052.57,24828.95,6223.62,4.24
3521,FL13520,2024-06-04,9,4.0,2,394,313,On Time,0,,954,190545.02,25274.13,165270.89,3.07
3522,FL13521,2024-07-10,7,2.0,2,52,199,On Time,0,,706,115511.5,18139.05,97372.45,4.96
3523,FL13522,2025-11-19,12,3.0,3,57,96,On Time,0,,77,21224.75,6135.46,15089.29,3.0
3524,FL13523,2025-04-11,3,1.0,3,513,106,On Time,0,,84,19998.16,6382.99,13615.17,4.16
3525,FL13524,2025-02-28,1,3.0,2,108,277,On Time,0,,703,142583.78,29902.9,112680.87,4.51
3526,FL13525,2026-06-29,8,2.0,5,43,168,Delayed,46,,811,117580.76,23097.5,94483.26,2.91
3527,FL13526,2024-06-03,4,3.0,1,123,292,On Time,0,,736,152855.95,29720.66,123135.3,4.89
3528,FL13527,2026-05-06,11,5.0,5,429,206,Delayed,133,,74,58532.84,19290.79,39242.05,2.11
3529,FL13528,2025-06-03,2,5.0,4,119,292,On Time,0,,1377,281784.18,38854.61,242929.57,3.98
3530,FL13529,2026-06-11,9,3.0,6,439,121,Delayed,41,,915,96180.01,24009.05,72170.96,2.2
3531,FL13530,2025-04-20,15,4.0,1,618,287,Cancelled,0,Technical,323,0.0,27527.6,-27527.6,2.5
3532,FL13531,2026-02-06,2,1.0,2,286,215,On Time,0,,1355,208198.2,27500.0,180698.19,3.68
3533,FL13532,2024-08-07,5,3.0,6,636,190,On Time,0,,54,59985.82,17210.93,42774.89,3.64
3534,FL13533,2026-01-21,13,4.0,3,301,211,On Time,0,,804,128886.4,22616.34,106270.06,4.83
3535,FL13534,2024-07-19,9,4.0,4,580,165,Delayed,160,,936,129705.82,27433.89,102271.93,2.54
3536,FL13535,2026-06-06,3,5.0,1,2,228,On Time,0,,58,33294.05,15935.93,17358.11,2.99
3537,FL13536,2025-07-08,4,3.0,5,465,267,On Time,0,,712,172442.32,27803.32,144639.0,3.72
3538,FL13537,2026-01-02,12,5.0,2,348,276,On Time,0,,120,39470.98,21842.85,17628.14,4.07
3539,FL13538,2026-05-26,13,5.0,6,557,314,On Time,0,,799,229880.33,28344.99,201535.34,4.33
3540,FL13539,2024-03-27,6,3.0,3,197,184,Delayed,198,,67,51983.79,16477.07,35506.72,4.05
3541,FL13540,2024-11-18,8,1.0,2,573,266,On Time,0,,763,160336.43,23415.14,136921.29,2.6
3542,FL13541,2025-07-05,12,2.0,4,148,294,Delayed,72,,80,85792.64,29093.79,56698.85,4.4
3543,FL13542,2024-01-16,3,4.0,3,305,94,Delayed,91,,118,20896.3,10473.26,10423.04,2.77
3544,FL13543,2024-02-06,4,3.0,3,71,199,On Time,0,,680,116728.61,17913.53,98815.08,3.82
3545,FL13544,2025-09-25,12,5.0,6,122,251,On Time,0,,137,78290.64,20606.91,57683.73,4.02
3546,FL13545,2024-06-19,3,5.0,3,399,195,Delayed,89,,115,53873.06,19490.15,34382.91,1.89
3547,FL13546,2025-04-21,12,1.0,3,231,113,Delayed,196,,103,27372.27,8729.07,18643.21,3.02
3548,FL13547,2025-10-11,8,5.0,4,557,240,Delayed,226,,835,157767.28,29124.24,128643.04,3.94
3549,FL13548,2026-01-15,15,2.0,2,598,183,Cancelled,0,Crew,357,0.0,16817.12,-16817.12,3.41
3550,FL13549,2026-06-02,1,5.0,5,82,232,On Time,0,,695,164762.16,25351.66,139410.5,3.67
3551,FL13550,2024-01-22,15,3.0,2,522,90,Delayed,121,,311,21568.6,11192.43,10376.18,3.44
3552,FL13551,2024-01-14,4,3.0,2,474,92,Delayed,145,,687,52749.82,14983.95,37765.87,3.6
3553,FL13552,2024-02-14,1,1.0,1,418,228,On Time,0,,701,125705.76,25427.66,100278.1,3.83
3554,FL13553,2025-12-25,11,1.0,3,313,315,On Time,0,,51,58136.05,20051.74,38084.31,4.32
3555,FL13554,2024-03-19,8,3.0,4,426,237,On Time,0,,758,163627.36,29126.88,134500.48,3.48
3556,FL13555,2025-03-13,13,3.0,5,7,306,On Time,0,,798,227994.74,31802.17,196192.57,3.39
3557,FL13556,2024-01-14,2,3.0,6,156,284,On Time,0,,1384,304422.4,35840.18,268582.23,3.81
3558,FL13557,2026-02-27,2,1.0,5,319,154,Delayed,198,,1403,170858.03,25039.37,145818.66,1.73
3559,FL13558,2026-02-20,9,3.0,2,548,113,Delayed,186,,947,82112.23,18953.97,63158.26,3.75
3560,FL13559,2025-08-29,14,1.0,5,550,218,On Time,0,,404,103636.31,20428.86,83207.45,4.05
3561,FL13560,2026-07-20,7,1.0,2,359,232,On Time,0,,701,137442.02,21431.62,116010.4,3.86
3562,FL13561,2025-07-16,12,3.0,2,623,267,On Time,0,,114,58453.44,17847.49,40605.95,4.52
3563,FL13562,2025-10-19,14,4.0,3,607,209,On Time,0,,371,102789.14,17626.32,85162.82,4.25
3564,FL13563,2025-02-12,14,4.0,4,304,301,On Time,0,,398,140596.54,24643.12,115953.42,4.69
3565,FL13564,2026-07-28,8,5.0,2,47,284,On Time,0,,780,182717.19,25414.34,157302.85,5.0
3566,FL13565,2024-11-29,11,5.0,6,293,224,Delayed,74,,62,72256.45,17623.17,54633.28,3.51
3567,FL13566,2024-08-19,8,2.0,2,452,216,On Time,0,,751,147216.48,21437.33,125779.16,3.53
3568,FL13567,2025-04-26,11,4.0,3,224,94,On Time,0,,51,14992.08,7820.12,7171.96,4.47
3569,FL13568,2024-06-17,9,1.0,4,588,269,Delayed,43,,926,195143.61,29580.5,165563.12,2.83
3570,FL13569,2025-10-06,8,5.0,3,247,246,On Time,0,,769,161217.61,25638.96,135578.65,3.5
3571,FL13570,2025-07-16,7,2.0,3,533,296,Delayed,60,,762,191469.07,33574.57,157894.51,3.11
3572,FL13571,2024-12-28,10,4.0,6,310,111,On Time,0,,54,24668.47,9202.84,15465.63,4.75
3573,FL13572,2024-01-19,12,5.0,3,278,123,On Time,0,,83,28173.73,11520.91,16652.83,4.49
3574,FL13573,2025-04-12,14,4.0,1,52,244,On Time,0,,405,81601.62,24316.46,57285.16,4.58
3575,FL13574,2025-05-25,10,5.0,5,185,202,On Time,0,,67,61285.9,12428.57,48857.32,4.08
3576,FL13575,2025-07-24,2,1.0,5,422,225,Cancelled,0,Crew,1407,0.0,26677.6,-26677.6,3.37
3577,FL13576,2024-02-12,9,1.0,2,305,189,On Time,0,,965,123409.86,26127.95,97281.92,4.39
3578,FL13577,2024-01-03,5,4.0,6,232,237,On Time,0,,50,65885.53,19888.73,45996.79,3.55
3579,FL13578,2026-01-17,1,3.0,3,67,241,On Time,0,,720,138403.25,20751.14,117652.12,4.38
3580,FL13579,2024-07-23,2,1.0,1,430,133,Delayed,165,,1380,128459.79,28811.45,99648.34,3.3
3581,FL13580,2026-05-07,9,4.0,2,391,264,On Time,0,,978,192551.73,31757.69,160794.04,3.74
3582,FL13581,2024-06-25,15,1.0,5,412,203,On Time,0,,328,85721.75,19935.02,65786.73,3.77
3583,FL13582,2024-12-15,8,5.0,2,65,222,Cancelled,0,Operational,803,0.0,19838.53,-19838.53,2.64
3584,FL13583,2026-04-16,7,1.0,3,577,232,On Time,0,,731,136118.99,22849.6,113269.38,3.82
3585,FL13584,2024-04-28,2,3.0,5,137,261,On Time,0,,1372,300603.45,32657.2,267946.25,3.99
3586,FL13585,2026-05-11,11,5.0,6,183,159,On Time,0,,50,53408.5,11197.59,42210.91,4.43
3587,FL13586,2024-01-18,1,3.0,3,143,91,On Time,0,,676,57333.75,11213.32,46120.43,4.98
3588,FL13587,2024-06-21,13,4.0,6,609,131,Delayed,127,,810,106200.18,17818.28,88381.9,3.67
3589,FL13588,2024-10-11,13,4.0,2,324,312,On Time,0,,793,205317.38,32776.34,172541.03,4.08
3590,FL13589,2025-10-30,15,5.0,6,429,141,Cancelled,0,Weather,306,0.0,13236.79,-13236.79,1.7
3591,FL13590,2025-07-15,5,3.0,2,466,147,On Time,0,,83,24890.96,11548.51,13342.44,5.0
3592,FL13591,2025-02-03,3,5.0,1,405,287,On Time,0,,50,58624.04,19235.06,39388.98,3.54
3593,FL13592,2025-06-21,5,3.0,5,476,144,Delayed,114,,50,40568.94,14241.13,26327.81,2.86
3594,FL13593,2025-06-09,12,5.0,5,361,196,On Time,0,,63,53500.04,17748.38,35751.66,4.82
3595,FL13594,2026-01-30,4,4.0,6,414,175,On Time,0,,719,134983.12,20118.97,114864.15,3.28
3596,FL13595,2025-01-28,14,1.0,6,133,242,On Time,0,,383,116884.19,20099.39,96784.8,4.24
3597,FL13596,2026-06-09,3,4.0,1,279,226,Delayed,82,,98,22252.03,19817.71,2434.32,3.0
3598,FL13597,2025-03-24,1,5.0,4,5,208,Delayed,54,,709,139832.61,26064.16,113768.45,3.14
3599,FL13598,2026-03-20,4,1.0,5,333,205,On Time,0,,711,131590.81,23346.92,108243.89,4.03
3600,FL13599,2025-10-22,12,5.0,4,363,281,On Time,0,,110,78512.35,25662.77,52849.58,3.22
3601,FL13600,2025-01-22,10,1.0,1,341,223,On Time,0,,77,44812.38,13140.28,31672.11,3.92
3602,FL13601,2024-10-04,6,5.0,1,595,206,On Time,0,,66,19648.36,14247.65,5400.71,4.67
3603,FL13602,2025-04-28,10,4.0,5,321,294,On Time,0,,78,81119.88,20547.77,60572.11,3.95
3604,FL13603,2024-01-21,10,1.0,6,551,111,Cancelled,0,Operational,50,0.0,7863.34,-7863.34,5.0
3605,FL13604,2024-11-19,9,4.0,2,351,281,On Time,0,,937,207972.6,31712.99,176259.62,4.06
3606,FL13605,2025-04-26,8,1.0,1,51,135,On Time,0,,750,77450.35,15746.6,61703.74,3.22
3607,FL13606,2024-12-16,2,3.0,3,31,166,On Time,0,,1399,181542.3,25707.77,155834.53,3.66
3608,FL13607,2024-04-03,4,5.0,2,203,93,On Time,0,,675,52002.24,11577.09,40425.15,2.74
3609,FL13608,2025-07-23,8,2.0,6,510,221,On Time,0,,809,169924.82,22587.52,147337.3,4.7
3610,FL13609,2026-07-05,3,1.0,6,311,281,On Time,0,,107,110124.58,21553.07,88571.51,5.0
3611,FL13610,2025-02-19,8,3.0,4,239,177,On Time,0,,785,127321.45,22091.89,105229.56,4.55
3612,FL13611,2024-11-23,2,2.0,6,318,242,On Time,0,,1373,281024.97,32703.66,248321.31,3.45
3613,FL13612,2025-11-02,12,1.0,2,614,180,Delayed,204,,75,29284.4,17540.38,11744.02,2.73
3614,FL13613,2024-01-21,2,3.0,6,121,264,On Time,0,,1398,305708.33,34552.09,271156.24,4.48
3615,FL13614,2026-05-11,2,2.0,3,389,319,On Time,0,,1359,324083.5,31767.94,292315.56,3.66
3616,FL13615,2025-04-05,10,1.0,3,444,254,On Time,0,,81,46036.93,20713.93,25322.99,3.44
3617,FL13616,2025-12-28,4,2.0,1,538,168,On Time,0,,684,89925.03,22093.87,67831.16,3.37
3618,FL13617,2024-11-04,6,1.0,2,315,279,On Time,0,,50,51659.26,18642.12,33017.14,5.0
3619,FL13618,2024-07-15,5,5.0,2,608,98,On Time,0,,106,23635.94,6431.41,17204.54,3.7
3620,FL13619,2025-10-19,4,5.0,3,559,317,On Time,0,,683,193637.98,24142.96,169495.01,4.54
3621,FL13620,2024-10-04,12,2.0,2,65,283,On Time,0,,106,47217.65,22927.19,24290.46,4.36
3622,FL13621,2025-11-07,11,5.0,1,164,240,On Time,0,,50,25296.01,18091.46,7204.55,3.45
3623,FL13622,2025-10-30,4,3.0,4,162,232,Delayed,71,,694,146355.13,24652.92,121702.21,3.33
3624,FL13623,2025-10-31,11,5.0,6,592,148,Cancelled,0,Crew,79,0.0,9538.81,-9538.81,2.35
3625,FL13624,2026-01-25,11,1.0,1,77,189,Delayed,155,,69,21879.12,19735.72,2143.4,4.24
3626,FL13625,2025-01-10,9,2.0,4,537,113,On Time,0,,943,87880.47,14925.34,72955.13,3.41
3627,FL13626,2026-07-28,9,4.0,6,630,167,Delayed,52,,941,140527.83,21154.43,119373.4,3.54
3628,FL13627,2026-04-01,15,2.0,3,270,225,On Time,0,,349,89874.4,19554.54,70319.86,3.68
3629,FL13628,2025-03-23,7,5.0,2,93,173,On Time,0,,712,97386.2,16038.17,81348.03,3.4
3630,FL13629,2024-02-15,6,3.0,1,527,267,Delayed,212,,66,16020.0,16899.51,-879.51,4.0
3631,FL13630,2024-02-09,9,3.0,6,283,286,Delayed,87,,974,228012.91,30020.15,197992.76,2.96
3632,FL13631,2025-03-26,13,3.0,3,413,219,On Time,0,,763,143855.92,20960.26,122895.67,2.81
3633,FL13632,2024-01-28,11,4.0,1,193,168,Cancelled,0,Crew,64,0.0,10240.88,-10240.88,3.28
3634,FL13633,2026-06-26,2,1.0,6,295,159,On Time,0,,1344,170402.92,20742.0,149660.93,3.54
3635,FL13634,2025-02-07,7,4.0,5,255,215,On Time,0,,744,163893.6,20177.97,143715.62,4.1
3636,FL13635,2025-02-04,12,4.0,5,333,255,On Time,0,,97,83686.22,21171.6,62514.62,4.56
3637,FL13636,2025-05-18,4,5.0,1,11,119,On Time,0,,676,62529.15,15893.69,46635.46,4.23
3638,FL13637,2026-07-30,15,5.0,1,357,193,Cancelled,0,Weather,332,0.0,14974.26,-14974.26,3.58
3639,FL13638,2025-07-25,13,4.0,2,184,191,On Time,0,,794,117125.03,21799.31,95325.72,3.16
3640,FL13639,2025-11-12,13,3.0,1,148,155,On Time,0,,781,84260.55,18003.18,66257.37,4.78
3641,FL13640,2025-06-19,2,3.0,4,602,144,Delayed,28,,1358,155674.83,28794.78,126880.05,3.11
3642,FL13641,2025-01-26,9,2.0,3,100,283,Delayed,125,,932,221036.17,29959.83,191076.34,2.37
3643,FL13642,2024-03-25,8,5.0,5,542,189,Delayed,185,,735,122999.94,19857.33,103142.61,1.7
3644,FL13643,2025-10-15,10,2.0,1,512,222,Delayed,201,,79,32251.08,16799.5,15451.58,3.1
3645,FL13644,2025-04-22,13,3.0,5,252,98,Delayed,178,,817,72450.33,16799.41,55650.93,2.79
3646,FL13645,2026-06-26,6,1.0,6,57,155,On Time,0,,50,47622.11,10099.59,37522.52,3.5
3647,FL13646,2024-05-12,9,2.0,1,431,141,On Time,0,,969,106406.25,19893.39,86512.86,4.22
3648,FL13647,2026-03-24,11,2.0,4,448,165,Delayed,65,,74,52042.0,13858.28,38183.72,4.42
3649,FL13648,2025-10-04,12,3.0,4,130,283,On Time,0,,74,71022.31,17521.84,53500.47,3.41
3650,FL13649,2024-07-05,12,3.0,1,572,221,On Time,0,,92,33454.17,14987.33,18466.83,4.06
3651,FL13650,2025-05-11,6,4.0,2,210,297,On Time,0,,57,49477.39,25717.48,23759.91,3.63
3652,FL13651,2026-02-20,15,3.0,5,284,187,On Time,0,,350,79026.83,14838.12,64188.71,3.36
3653,FL13652,2025-11-06,1,1.0,6,609,267,On Time,0,,685,180304.67,23676.79,156627.87,3.34
3654,FL13653,2024-08-05,8,3.0,3,504,126,Delayed,35,,823,84135.24,21570.87,62564.37,4.37
3655,FL13654,2025-10-23,10,1.0,1,288,277,On Time,0,,84,57062.12,15937.28,41124.84,4.01
3656,FL13655,2024-04-05,1,5.0,2,562,230,On Time,0,,679,143008.91,26307.51,116701.4,3.88
3657,FL13656,2024-05-13,7,4.0,6,218,98,On Time,0,,771,74124.38,13994.81,60129.57,3.55
3658,FL13657,2025-01-21,9,2.0,4,185,248,Delayed,123,,960,174096.27,26151.08,147945.19,3.34
3659,FL13658,2024-02-28,10,2.0,3,446,200,On Time,0,,58,28418.15,16997.41,11420.75,3.59
3660,FL13659,2025-07-21,2,1.0,1,163,90,On Time,0,,1379,87952.11,21533.41,66418.7,5.0
3661,FL13660,2024-06-24,5,2.0,5,360,284,On Time,0,,85,95843.77,23336.9,72506.87,4.16
3662,FL13661,2024-10-26,4,1.0,3,346,213,On Time,0,,680,131395.59,19899.82,111495.78,4.09
3663,FL13662,2025-07-20,10,5.0,4,336,229,On Time,0,,78,53048.92,17144.5,35904.42,4.08
3664,FL13663,2026-03-22,5,1.0,6,591,222,On Time,0,,58,80614.98,20087.16,60527.82,4.85
3665,FL13664,2024-05-14,9,4.0,4,247,110,On Time,0,,962,89388.84,18166.48,71222.36,3.99
3666,FL13665,2024-11-08,11,3.0,6,452,166,Delayed,233,,64,59031.36,18537.28,40494.08,2.99
3667,FL13666,2025-02-16,12,2.0,4,269,251,On Time,0,,76,49997.97,20457.68,29540.28,4.1
3668,FL13667,2024-04-25,3,5.0,3,120,167,On Time,0,,109,40279.05,14679.24,25599.8,4.51
3669,FL13668,2024-07-09,14,1.0,6,236,294,Delayed,74,,384,169890.84,21985.86,147904.97,4.07
3670,FL13669,2025-04-22,3,5.0,4,261,163,Delayed,162,,99,46069.62,19069.45,27000.17,3.44
3671,FL13670,2025-01-07,1,4.0,5,114,195,On Time,0,,712,137614.15,21909.34,115704.81,4.15
3672,FL13671,2025-08-30,1,4.0,2,377,192,On Time,0,,733,109209.23,21260.35,87948.88,4.65
3673,FL13672,2026-04-13,4,5.0,5,647,94,On Time,0,,687,63093.99,13440.25,49653.74,2.22
3674,FL13673,2024-09-21,14,3.0,4,242,276,On Time,0,,375,136575.42,25952.12,110623.29,4.06
3675,FL13674,2024-06-14,4,2.0,1,361,121,Delayed,99,,728,60990.95,16826.08,44164.87,2.92
3676,FL13675,2026-05-07,11,1.0,2,126,197,On Time,0,,67,29339.73,15743.27,13596.46,4.04
3677,FL13676,2024-11-30,7,5.0,6,197,298,On Time,0,,727,212179.73,31970.0,180209.72,4.23
3678,FL13677,2024-02-28,1,3.0,4,528,318,Delayed,193,,711,202993.91,37248.49,165745.42,4.11
3679,FL13678,2026-05-30,7,5.0,5,101,142,Delayed,26,,731,90510.36,20745.85,69764.51,2.4
3680,FL13679,2025-07-24,1,2.0,2,449,176,Delayed,119,,698,104387.72,21948.81,82438.92,2.83
3681,FL13680,2026-07-20,8,5.0,2,619,220,Delayed,117,,832,134035.3,31387.1,102648.2,2.72
3682,FL13681,2026-03-17,9,5.0,6,511,250,On Time,0,,925,221532.28,21346.6,200185.68,3.61
3683,FL13682,2025-08-26,8,2.0,3,498,147,On Time,0,,752,84647.39,18179.77,66467.61,3.11
3684,FL13683,2026-02-15,5,3.0,6,106,216,On Time,0,,91,74695.67,16522.5,58173.17,5.0
3685,FL13684,2024-05-10,12,4.0,5,51,281,Delayed,33,,89,97216.54,27311.38,69905.16,3.87
3686,FL13685,2025-09-15,9,2.0,3,100,265,On Time,0,,952,203148.78,26701.66,176447.12,3.5
3687,FL13686,2024-06-03,4,1.0,6,537,279,On Time,0,,708,196290.64,26658.62,169632.01,4.01
3688,FL13687,2024-02-10,7,2.0,5,63,294,On Time,0,,703,212865.44,25218.49,187646.95,3.72
3689,FL13688,2026-03-01,2,3.0,1,90,288,Delayed,157,,1389,283536.0,35889.11,247646.89,3.4
3690,FL13689,2024-03-18,14,1.0,1,426,207,On Time,0,,380,74323.85,20519.38,53804.48,3.5
3691,FL13690,2024-01-16,12,2.0,1,39,314,On Time,0,,134,56549.03,24700.39,31848.64,3.01
3692,FL13691,2025-04-06,5,5.0,5,587,203,Delayed,199,,51,68774.97,17617.19,51157.79,2.93
3693,FL13692,2024-12-20,11,1.0,1,449,253,Delayed,184,,98,42362.45,18132.45,24230.0,4.2
3694,FL13693,2026-06-24,11,1.0,2,555,306,On Time,0,,101,45224.02,24092.44,21131.59,3.03
3695,FL13694,2025-10-18,10,3.0,3,449,99,On Time,0,,51,24916.56,8893.86,16022.71,4.71
3696,FL13695,2024-03-16,1,1.0,1,169,304,Delayed,188,,700,160571.21,34445.52,126125.68,3.66
3697,FL13696,2024-05-25,14,1.0,2,407,279,On Time,0,,385,105159.26,18520.73,86638.53,3.74
3698,FL13697,2026-03-27,15,1.0,5,219,319,On Time,0,,362,142829.32,26131.05,116698.27,4.49
3699,FL13698,2026-02-01,15,1.0,6,615,267,Delayed,96,,335,136947.07,27759.44,109187.63,3.44
3700,FL13699,2026-02-17,15,5.0,3,312,125,On Time,0,,342,54401.23,11530.08,42871.15,2.61
3701,FL13700,2024-09-17,14,1.0,5,396,159,On Time,0,,389,76575.16,15497.96,61077.2,3.74
3702,FL13701,2026-07-02,12,3.0,4,13,90,On Time,0,,106,29229.23,8392.36,20836.87,3.76
3703,FL13702,2025-04-05,1,4.0,3,95,229,On Time,0,,714,139297.4,25799.41,113497.99,4.94
3704,FL13703,2024-05-25,7,4.0,4,438,190,On Time,0,,726,134486.92,17200.94,117285.98,3.74
3705,FL13704,2026-04-20,4,4.0,6,609,199,Delayed,29,,731,141179.59,25706.29,115473.29,3.16
3706,FL13705,2024-04-10,4,2.0,1,142,258,On Time,0,,691,131648.41,26089.97,105558.44,3.25
3707,FL13706,2024-04-25,13,5.0,4,617,278,Delayed,24,,813,211217.02,31172.18,180044.84,3.26
3708,FL13707,2024-12-29,13,1.0,1,530,106,Delayed,168,,768,60093.95,17621.9,42472.05,2.53
3709,FL13708,2026-02-27,8,1.0,6,459,300,Delayed,96,,794,219624.5,29550.36,190074.14,4.01
3710,FL13709,2025-05-11,12,5.0,4,336,175,On Time,0,,118,38537.38,14058.26,24479.12,3.73
3711,FL13710,2024-05-26,2,1.0,1,2,262,Delayed,39,,1371,257900.84,30130.7,227770.14,2.53
3712,FL13711,2026-04-01,4,1.0,4,101,223,On Time,0,,717,152781.91,19476.27,133305.64,4.8
3713,FL13712,2025-05-11,13,1.0,3,74,192,Delayed,155,,779,128747.43,29469.79,99277.64,2.45
3714,FL13713,2026-05-31,7,1.0,1,488,138,On Time,0,,747,71665.39,15382.8,56282.6,4.17
3715,FL13714,2025-08-03,9,1.0,6,177,133,Delayed,121,,915,113849.69,18921.0,94928.7,2.33
3716,FL13715,2024-11-02,7,3.0,3,526,258,On Time,0,,741,158194.85,20657.62,137537.22,4.19
3717,FL13716,2024-04-30,4,4.0,1,485,163,On Time,0,,679,80103.68,17731.62,62372.06,4.69
3718,FL13717,2026-02-27,13,1.0,4,556,142,On Time,0,,791,95905.21,15669.03,80236.18,3.58
3719,FL13718,2024-04-06,12,5.0,3,567,91,On Time,0,,124,22465.69,6839.57,15626.13,3.23
3720,FL13719,2026-03-13,11,1.0,4,69,283,On Time,0,,101,63567.2,16741.44,46825.77,3.25
3721,FL13720,2025-12-19,6,4.0,1,432,180,On Time,0,,50,27667.92,13826.86,13841.06,3.96
3722,FL13721,2025-01-29,10,5.0,5,306,170,Delayed,108,,86,36580.38,15265.26,21315.12,4.55
3723,FL13722,2025-07-04,15,3.0,3,501,175,Delayed,98,,360,75734.98,20601.31,55133.68,3.99
3724,FL13723,2025-03-14,10,3.0,3,34,227,On Time,0,,67,43958.69,20679.0,23279.68,4.76
3725,FL13724,2024-02-08,8,1.0,5,287,200,Delayed,68,,808,150091.74,27882.17,122209.57,2.6
3726,FL13725,2026-04-24,5,2.0,4,623,215,Delayed,89,,58,54266.85,16840.3,37426.56,4.01
3727,FL13726,2025-12-29,8,5.0,1,6,153,Delayed,175,,770,90895.38,18675.0,72220.37,3.94
3728,FL13727,2026-04-20,6,2.0,4,304,158,On Time,0,,61,33003.13,12825.31,20177.82,4.2
3729,FL13728,2025-07-13,10,1.0,4,199,288,On Time,0,,75,62130.37,19853.19,42277.18,3.59
3730,FL13729,2026-07-09,1,4.0,2,497,190,Delayed,114,,701,102923.02,26009.3,76913.73,3.93
3731,FL13730,2024-02-29,3,4.0,2,271,313,On Time,0,,82,61054.46,24448.63,36605.83,3.56
3732,FL13731,2025-08-09,12,1.0,1,163,284,On Time,0,,83,58387.69,18277.04,40110.65,4.43
3733,FL13732,2026-05-22,6,1.0,6,381,253,On Time,0,,71,84416.97,17934.2,66482.77,3.75
3734,FL13733,2025-04-11,7,1.0,1,137,216,On Time,0,,721,112803.43,23686.69,89116.74,3.36
3735,FL13734,2025-03-25,9,1.0,4,333,282,On Time,0,,959,222584.49,29303.31,193281.17,3.74
3736,FL13735,2026-03-03,7,4.0,6,314,102,On Time,0,,762,74044.64,13849.22,60195.42,5.0
3737,FL13736,2024-12-09,12,1.0,3,647,204,On Time,0,,116,44246.52,17051.41,27195.11,3.24
3738,FL13737,2024-03-18,4,4.0,2,396,253,On Time,0,,753,142175.99,25750.52,116425.47,4.64
3739,FL13738,2024-09-18,12,1.0,5,599,114,On Time,0,,105,37153.16,8251.73,28901.43,4.55
3740,FL13739,2026-04-15,4,5.0,4,178,131,Delayed,69,,729,79556.64,17301.47,62255.17,3.18
3741,FL13740,2024-10-20,6,4.0,1,28,105,On Time,0,,75,13796.35,6586.99,7209.36,3.64
3742,FL13741,2024-07-26,9,2.0,4,227,201,On Time,0,,940,164945.47,23878.88,141066.59,3.19
3743,FL13742,2025-02-20,14,3.0,1,294,214,On Time,0,,394,76433.03,15405.08,61027.95,4.84
3744,FL13743,2025-03-25,4,1.0,3,270,197,On Time,0,,699,126526.98,24598.71,101928.27,3.23
3745,FL13744,2026-06-25,9,1.0,2,5,102,Delayed,71,,943,78183.48,18247.79,59935.7,1.49
3746,FL13745,2025-10-19,1,3.0,6,7,201,On Time,0,,682,132641.12,18137.72,114503.4,4.2
3747,FL13746,2026-01-17,2,1.0,6,360,294,On Time,0,,1346,330776.58,38320.04,292456.54,3.12
3748,FL13747,2024-01-27,12,4.0,5,157,97,On Time,0,,119,27295.46,8401.52,18893.94,3.93
3749,FL13748,2026-04-01,11,2.0,5,233,268,On Time,0,,83,64010.42,22011.66,41998.75,3.13
3750,FL13749,2025-01-09,6,1.0,1,503,152,On Time,0,,106,17613.49,10562.05,7051.45,3.62
3751,FL13750,2024-03-31,10,3.0,1,250,107,Delayed,167,,53,13570.07,9514.59,4055.48,3.35
3752,FL13751,2024-10-07,6,3.0,5,529,101,On Time,0,,61,27592.37,8155.77,19436.6,4.18
3753,FL13752,2025-09-16,5,4.0,3,321,92,Delayed,146,,50,17439.42,9197.55,8241.87,4.17
3754,FL13753,2024-03-06,7,1.0,4,479,185,On Time,0,,759,121780.42,20680.77,101099.66,4.0
3755,FL13754,2025-12-22,5,3.0,5,187,204,On Time,0,,50,74752.25,13312.8,61439.45,4.07
3756,FL13755,2024-06-10,13,5.0,3,91,232,Delayed,91,,792,138531.23,31814.21,106717.02,3.14
3757,FL13756,2026-03-16,7,2.0,5,170,108,On Time,0,,744,79223.53,16274.02,62949.51,4.6
3758,FL13757,2024-06-01,5,5.0,5,93,240,Delayed,215,,50,67237.66,18801.37,48436.29,2.56
3759,FL13758,2026-04-29,9,4.0,2,309,260,On Time,0,,961,182240.3,27558.84,154681.46,3.72
3760,FL13759,2025-12-20,12,3.0,5,202,104,On Time,0,,117,23767.92,7117.41,16650.5,4.0
3761,FL13760,2024-07-06,5,5.0,2,173,245,On Time,0,,72,49611.7,21220.64,28391.06,3.41
3762,FL13761,2025-01-22,15,5.0,2,140,117,On Time,0,,330,33762.24,10152.98,23609.26,4.91
3763,FL13762,2024-03-22,7,2.0,5,266,191,Delayed,181,,737,138040.72,23873.67,114167.05,3.51
3764,FL13763,2024-02-14,10,5.0,6,15,242,On Time,0,,89,90337.77,20665.83,69671.95,3.2
3765,FL13764,2024-12-07,15,1.0,1,247,290,On Time,0,,333,75139.54,22114.47,53025.07,4.27
3766,FL13765,2024-08-01,7,1.0,4,144,212,Delayed,91,,738,148324.24,26495.04,121829.2,4.15
3767,FL13766,2026-01-10,3,1.0,4,348,190,Delayed,52,,83,50362.42,17805.69,32556.73,2.83
3768,FL13767,2025-11-23,12,2.0,4,316,281,Delayed,168,,50,53636.67,20598.78,33037.89,4.19
3769,FL13768,2024-10-14,1,5.0,5,298,139,Delayed,157,,725,87619.54,19526.05,68093.49,3.47
3770,FL13769,2024-08-01,7,4.0,1,396,137,On Time,0,,738,76718.35,15511.88,61206.47,4.13
3771,FL13770,2026-04-27,15,4.0,5,37,197,On Time,0,,314,90234.16,14391.19,75842.97,4.78
3772,FL13771,2025-02-23,7,1.0,2,59,117,Cancelled,0,Operational,780,0.0,15667.4,-15667.4,3.13
3773,FL13772,2025-09-15,11,3.0,1,312,95,On Time,0,,75,13481.42,7803.19,5678.23,4.25
3774,FL13773,2025-09-22,8,2.0,3,245,173,On Time,0,,776,117436.63,21965.73,95470.91,4.06
3775,FL13774,2025-10-21,4,3.0,1,195,125,Delayed,77,,716,70306.27,16481.75,53824.52,2.16
3776,FL13775,2026-07-09,5,2.0,4,245,236,On Time,0,,74,54598.77,18906.13,35692.64,4.27
3777,FL13776,2025-11-05,8,2.0,4,160,216,Delayed,198,,788,151274.82,23926.44,127348.38,3.46
3778,FL13777,2024-02-27,2,5.0,4,87,201,On Time,0,,1354,217589.58,25585.35,192004.24,3.75
3779,FL13778,2025-01-18,7,3.0,1,147,204,Delayed,129,,752,119051.54,21478.01,97573.52,1.64
3780,FL13779,2024-07-31,7,3.0,5,617,112,On Time,0,,757,81194.43,14335.98,66858.45,4.4
3781,FL13780,2024-08-21,13,1.0,1,77,182,On Time,0,,781,107648.04,21300.81,86347.23,3.44
3782,FL13781,2024-07-31,2,4.0,2,646,106,Delayed,78,,1328,102999.34,22154.96,80844.38,2.57
3783,FL13782,2026-03-25,13,3.0,3,439,171,On Time,0,,812,114061.1,16995.33,97065.77,3.21
3784,FL13783,2026-04-26,7,2.0,5,74,245,On Time,0,,750,163419.43,26289.43,137130.0,2.73
3785,FL13784,2024-07-12,10,4.0,3,516,316,Delayed,95,,78,77822.37,22834.03,54988.34,3.6
3786,FL13785,2025-06-11,9,1.0,5,178,158,Cancelled,0,Operational,946,0.0,18369.87,-18369.87,4.53
3787,FL13786,2025-03-08,5,3.0,6,318,150,Cancelled,0,Crew,86,0.0,11535.47,-11535.47,2.62
3788,FL13787,2025-12-20,14,5.0,5,8,243,On Time,0,,379,116514.0,20807.88,95706.12,4.53
3789,FL13788,2026-04-10,4,3.0,1,12,301,On Time,0,,691,163725.57,24730.66,138994.91,3.94
3790,FL13789,2025-03-15,1,1.0,5,514,157,On Time,0,,682,109199.54,19666.68,89532.86,4.18
3791,FL13790,2025-02-04,12,2.0,2,383,282,On Time,0,,119,69453.64,17919.41,51534.24,3.96
3792,FL13791,2025-03-29,10,1.0,6,273,162,On Time,0,,60,51041.55,13937.79,37103.76,4.51
3793,FL13792,2025-04-19,14,3.0,6,610,237,On Time,0,,396,116277.06,22881.11,93395.94,3.21
3794,FL13793,2026-07-21,7,2.0,1,639,138,On Time,0,,747,75716.97,14758.17,60958.8,4.06
3795,FL13794,2024-05-01,1,1.0,1,628,150,On Time,0,,699,78201.91,17471.85,60730.06,4.74
3796,FL13795,2024-06-06,1,4.0,5,322,316,On Time,0,,720,218268.36,30139.56,188128.8,4.46
3797,FL13796,2025-01-10,7,1.0,1,539,179,On Time,0,,771,92436.5,23379.6,69056.9,4.21
3798,FL13797,2025-01-15,4,2.0,6,45,93,On Time,0,,715,64761.48,14609.65,50151.82,4.06
3799,FL13798,2025-04-12,14,5.0,4,475,267,Delayed,204,,357,134179.03,23176.83,111002.2,3.07
3800,FL13799,2026-08-03,2,1.0,4,534,119,Cancelled,0,Crew,1368,0.0,20838.54,-20838.54,2.77
3801,FL13800,2025-07-13,14,2.0,6,2,115,On Time,0,,395,55073.2,12612.61,42460.59,2.99
3802,FL13801,2024-09-06,4,2.0,2,510,282,Delayed,159,,720,155271.33,31141.44,124129.88,3.63
3803,FL13802,2024-09-10,2,3.0,4,577,170,Delayed,56,,1355,164363.75,27174.72,137189.03,4.19
3804,FL13803,2024-04-16,5,2.0,6,131,121,On Time,0,,50,37962.53,10550.56,27411.97,4.19
3805,FL13804,2024-01-18,3,5.0,1,599,314,On Time,0,,113,68088.97,21083.74,47005.23,4.01
3806,FL13805,2024-10-10,7,1.0,2,119,154,On Time,0,,738,84271.71,18931.63,65340.08,4.39
3807,FL13806,2025-11-02,5,5.0,1,615,235,On Time,0,,54,21112.01,15950.07,5161.95,2.62
3808,FL13807,2026-03-11,8,3.0,3,607,150,On Time,0,,775,94070.38,14564.62,79505.77,3.67
3809,FL13808,2025-10-31,9,1.0,1,318,223,On Time,0,,917,159109.62,21048.61,138061.01,3.95
3810,FL13809,2026-08-11,1,1.0,2,648,250,Delayed,154,,707,156796.83,29229.37,127567.46,2.19
3811,FL13810,2024-08-25,2,1.0,6,344,264,On Time,0,,1360,298501.48,36003.31,262498.17,4.1
3812,FL13811,2025-08-19,3,2.0,3,466,184,On Time,0,,107,33886.94,13704.94,20182.0,2.8
3813,FL13812,2026-01-10,3,2.0,3,294,231,Cancelled,0,Crew,92,0.0,20704.01,-20704.01,3.45
3814,FL13813,2026-08-06,2,4.0,3,112,283,Cancelled,0,Operational,1367,0.0,30928.46,-30928.46,3.15
3815,FL13814,2024-10-03,5,2.0,6,205,283,Delayed,192,,57,86291.93,22048.29,64243.64,3.18
3816,FL13815,2024-06-19,9,4.0,3,129,261,Delayed,121,,940,197359.47,26419.52,170939.94,3.79
3817,FL13816,2026-07-25,5,2.0,3,127,181,Cancelled,0,Technical,50,0.0,13115.2,-13115.2,3.1
3818,FL13817,2025-08-25,5,2.0,6,434,212,On Time,0,,87,55479.3,15851.31,39627.99,4.31
3819,FL13818,2026-01-20,8,2.0,1,43,312,Delayed,135,,780,191857.58,30950.74,160906.84,3.48
3820,FL13819,2025-07-21,9,2.0,3,56,147,On Time,0,,905,114826.35,17957.46,96868.89,3.44
3821,FL13820,2024-05-16,5,5.0,5,604,249,On Time,0,,50,52545.5,17577.26,34968.23,5.0
3822,FL13821,2024-05-05,4,2.0,4,130,272,On Time,0,,716,159372.2,23519.8,135852.4,4.81
3823,FL13822,2024-11-01,7,2.0,6,385,200,On Time,0,,737,138962.1,22250.17,116711.93,4.28
3824,FL13823,2025-08-13,1,5.0,6,6,289,On Time,0,,703,212044.28,28882.9,183161.38,4.1
3825,FL13824,2026-07-06,8,4.0,3,486,188,On Time,0,,781,117257.68,17853.07,99404.61,4.49
3826,FL13825,2025-05-28,15,1.0,5,352,282,On Time,0,,342,129169.34,18480.75,110688.59,4.82
3827,FL13826,2025-05-15,6,5.0,2,17,238,On Time,0,,101,40968.81,18940.08,22028.73,5.0
3828,FL13827,2025-12-25,2,1.0,2,401,101,On Time,0,,1375,98726.59,21295.57,77431.02,3.65
3829,FL13828,2025-10-20,11,1.0,6,105,279,Delayed,136,,73,92951.01,24545.21,68405.8,3.98
3830,FL13829,2026-03-06,2,3.0,1,630,250,On Time,0,,1355,237382.92,31799.07,205583.85,3.94
3831,FL13830,2024-10-18,3,4.0,3,328,141,On Time,0,,65,32220.05,13302.78,18917.27,2.95
3832,FL13831,2024-08-02,3,1.0,4,63,251,On Time,0,,106,69181.33,21123.13,48058.2,4.54
3833,FL13832,2025-10-09,14,4.0,3,310,207,Delayed,188,,403,86597.21,21025.76,65571.45,4.25
3834,FL13833,2024-04-15,15,1.0,6,596,306,On Time,0,,354,144328.47,28473.45,115855.02,4.63
3835,FL13834,2026-01-13,9,4.0,2,520,160,On Time,0,,979,112185.08,18851.99,93333.1,3.89
3836,FL13835,2026-06-04,10,1.0,4,199,150,On Time,0,,50,46224.82,11274.99,34949.83,4.25
3837,FL13836,2025-09-18,10,3.0,1,336,103,Delayed,196,,50,12551.1,12810.92,-259.82,3.75
3838,FL13837,2025-12-10,10,4.0,2,573,270,Cancelled,0,Crew,74,0.0,19220.17,-19220.17,3.37
3839,FL13838,2025-05-27,9,2.0,2,257,316,Delayed,17,,945,218757.47,37104.79,181652.68,4.1
3840,FL13839,2024-12-13,15,4.0,5,441,248,Delayed,182,,361,117144.31,21094.68,96049.63,3.91
3841,FL13840,2024-07-30,11,4.0,2,308,174,On Time,0,,63,41452.29,12532.98,28919.31,3.62
3842,FL13841,2025-05-29,2,4.0,5,215,292,On Time,0,,1406,311910.68,28715.85,283194.83,4.02
3843,FL13842,2026-05-16,6,2.0,3,93,148,On Time,0,,72,28140.91,12237.73,15903.18,3.67
3844,FL13843,2026-02-26,15,4.0,4,575,249,On Time,0,,364,98100.26,19404.01,78696.26,4.1
3845,FL13844,2024-12-21,7,4.0,6,354,227,Cancelled,0,Operational,690,0.0,23249.72,-23249.72,1.79
3846,FL13845,2024-06-04,4,2.0,6,388,286,Cancelled,0,Technical,705,0.0,30914.24,-30914.24,4.25
3847,FL13846,2026-08-06,14,4.0,1,18,313,On Time,0,,392,106216.58,23202.75,83013.83,3.49
3848,FL13847,2024-01-02,10,5.0,5,426,172,On Time,0,,50,45175.89,9870.27,35305.62,3.67
3849,FL13848,2024-06-24,9,5.0,6,135,111,On Time,0,,945,102637.15,16566.47,86070.67,4.05
3850,FL13849,2025-06-07,7,4.0,5,580,126,On Time,0,,713,86528.56,14562.7,71965.87,3.1
3851,FL13850,2026-03-13,2,4.0,2,429,260,On Time,0,,1356,247857.08,25332.89,222524.19,3.78
3852,FL13851,2024-03-30,6,5.0,4,296,173,On Time,0,,77,48019.25,11772.15,36247.1,4.11
3853,FL13852,2024-08-23,7,2.0,4,253,122,On Time,0,,735,83981.78,15734.65,68247.14,5.0
3854,FL13853,2026-07-10,14,4.0,4,74,277,On Time,0,,399,137166.83,20528.71,116638.13,4.09
3855,FL13854,2024-03-06,5,1.0,3,461,239,On Time,0,,70,66507.78,20145.65,46362.13,3.74
3856,FL13855,2024-07-14,3,2.0,4,53,120,Delayed,165,,143,33155.34,10236.26,22919.09,2.57
3857,FL13856,2024-02-02,7,5.0,4,623,254,On Time,0,,743,164759.92,25142.46,139617.46,5.0
3858,FL13857,2025-12-06,15,2.0,3,211,236,On Time,0,,334,72551.52,18520.59,54030.93,4.05
3859,FL13858,2024-11-11,8,5.0,5,593,316,On Time,0,,789,217147.36,35912.48,181234.88,4.05
3860,FL13859,2025-11-12,6,3.0,5,558,317,Delayed,105,,70,92183.49,29361.45,62822.05,2.41
3861,FL13860,2024-01-17,11,2.0,2,303,314,On Time,0,,50,42222.65,22314.82,19907.83,4.34
3862,FL13861,2024-06-08,10,1.0,4,618,295,Delayed,186,,75,55126.87,27370.15,27756.72,2.92
3863,FL13862,2024-04-19,5,3.0,5,447,272,On Time,0,,92,77004.28,18421.28,58583.0,4.96
3864,FL13863,2024-01-25,15,3.0,3,367,244,On Time,0,,363,97889.52,17269.24,80620.28,4.3
3865,FL13864,2024-01-11,9,3.0,5,162,215,On Time,0,,959,174714.0,25499.52,149214.48,4.08
3866,FL13865,2024-08-08,1,1.0,1,371,272,Delayed,172,,698,153384.22,28966.64,124417.58,2.44
3867,FL13866,2026-04-03,7,2.0,3,397,312,Cancelled,0,Operational,743,0.0,26634.74,-26634.74,2.94
3868,FL13867,2025-06-02,14,1.0,5,161,116,Delayed,76,,427,60432.89,12126.68,48306.21,3.16
3869,FL13868,2025-12-27,6,2.0,6,373,121,Delayed,83,,66,47743.01,11455.56,36287.45,3.38
3870,FL13869,2024-05-01,9,5.0,4,574,204,On Time,0,,921,179059.15,24607.96,154451.19,2.72
3871,FL13870,2026-05-11,10,1.0,4,316,157,On Time,0,,105,42069.48,13936.99,28132.49,3.41
3872,FL13871,2026-06-19,11,4.0,3,254,212,On Time,0,,50,41277.51,16321.06,24956.45,3.68
3873,FL13872,2025-07-25,14,1.0,5,394,161,On Time,0,,360,77749.2,16151.48,61597.71,4.33
3874,FL13873,2026-01-19,3,3.0,3,314,270,On Time,0,,103,76744.51,20634.73,56109.77,2.75
3875,FL13874,2025-01-30,8,5.0,1,432,296,Delayed,104,,789,162426.19,29753.64,132672.55,4.2
3876,FL13875,2024-08-02,9,2.0,2,625,154,Delayed,197,,954,118105.39,23765.15,94340.25,4.11
3877,FL13876,2026-04-19,3,1.0,4,473,267,Delayed,28,,114,68946.78,20590.39,48356.4,2.65
3878,FL13877,2024-04-18,11,3.0,6,518,114,On Time,0,,63,36907.43,10311.24,26596.19,5.0
3879,FL13878,2025-01-06,2,2.0,3,143,273,Delayed,156,,1363,268012.55,30146.45,237866.1,3.45
3880,FL13879,2024-03-05,7,5.0,6,497,250,Delayed,67,,726,170604.9,22396.56,148208.35,3.23
3881,FL13880,2024-10-19,5,5.0,5,40,253,Delayed,185,,69,68573.31,17372.22,51201.09,3.69
3882,FL13881,2026-02-24,3,4.0,4,294,203,On Time,0,,107,62885.42,17482.9,45402.53,4.27
3883,FL13882,2025-12-13,13,4.0,5,128,114,On Time,0,,811,80134.18,13044.81,67089.37,4.08
3884,FL13883,2026-04-25,4,4.0,3,94,283,Delayed,211,,677,185064.52,31037.44,154027.08,2.6
3885,FL13884,2026-02-20,4,4.0,3,630,115,Cancelled,0,Weather,670,0.0,14768.53,-14768.53,2.72
3886,FL13885,2025-05-18,13,3.0,5,227,200,On Time,0,,810,138022.41,22064.55,115957.86,4.23
3887,FL13886,2026-07-14,14,5.0,4,351,130,On Time,0,,381,59101.55,14005.42,45096.13,4.54
3888,FL13887,2025-06-24,1,2.0,4,282,284,On Time,0,,684,187807.08,32531.13,155275.95,4.94
3889,FL13888,2025-09-13,5,1.0,3,468,222,On Time,0,,50,48259.04,14956.21,33302.83,3.7
3890,FL13889,2025-02-08,11,4.0,6,519,206,Delayed,38,,95,66143.17,18087.92,48055.25,3.35
3891,FL13890,2024-10-12,12,4.0,1,30,162,On Time,0,,102,34875.13,10821.87,24053.26,3.57
3892,FL13891,2026-02-03,15,5.0,1,501,270,On Time,0,,343,82976.94,22343.28,60633.66,4.71
3893,FL13892,2026-05-30,9,2.0,3,430,138,Delayed,22,,954,101400.44,22174.86,79225.58,3.1
3894,FL13893,2026-04-16,1,3.0,1,599,255,On Time,0,,708,125682.12,22079.18,103602.95,3.62
3895,FL13894,2025-12-08,14,3.0,3,52,312,On Time,0,,391,142062.1,30740.9,111321.2,4.04
3896,FL13895,2024-10-27,3,2.0,4,47,151,On Time,0,,95,37640.72,9085.34,28555.38,2.91
3897,FL13896,2026-02-27,2,4.0,3,155,247,On Time,0,,1346,246633.55,31291.63,215341.92,4.35
3898,FL13897,2026-05-12,11,3.0,2,287,161,Cancelled,0,Operational,50,0.0,13201.22,-13201.22,2.8
3899,FL13898,2025-03-15,10,4.0,2,441,303,Delayed,33,,106,74006.29,30928.64,43077.65,5.0
3900,FL13899,2024-08-19,1,3.0,4,540,296,Cancelled,0,Technical,704,0.0,27031.87,-27031.87,2.6
3901,FL13900,2025-09-22,3,2.0,6,442,162,On Time,0,,88,53359.57,13322.38,40037.19,3.83
3902,FL13901,2024-07-30,9,5.0,5,304,143,Delayed,208,,929,117410.46,21722.65,95687.81,3.96
3903,FL13902,2026-07-23,4,3.0,4,88,108,On Time,0,,716,66588.07,13667.11,52920.96,4.51
3904,FL13903,2026-03-26,11,4.0,1,151,250,Delayed,184,,69,32086.34,21460.79,10625.54,3.97
3905,FL13904,2025-09-22,7,3.0,2,269,301,On Time,0,,721,173521.35,24492.6,149028.75,3.82
3906,FL13905,2025-05-13,9,2.0,3,519,123,On Time,0,,939,96324.43,19145.32,77179.11,3.25
3907,FL13906,2024-06-18,8,5.0,2,582,277,On Time,0,,787,169500.19,26533.95,142966.24,5.0
3908,FL13907,2024-02-20,6,2.0,5,33,263,Delayed,151,,63,87072.97,22155.59,64917.38,3.64
3909,FL13908,2024-01-16,6,5.0,3,598,198,Delayed,84,,87,41467.2,19708.86,21758.34,3.45
3910,FL13909,2024-04-07,11,3.0,6,236,141,On Time,0,,109,42716.51,8599.82,34116.69,4.52
3911,FL13910,2025-02-09,8,1.0,2,396,240,On Time,0,,772,158334.15,25516.65,132817.5,3.15
3912,FL13911,2024-10-03,9,1.0,3,447,226,Delayed,109,,940,169952.96,30306.18,139646.78,3.0
3913,FL13912,2024-11-30,9,5.0,5,255,276,On Time,0,,929,225443.64,23477.81,201965.84,3.32
3914,FL13913,2024-06-19,4,3.0,2,105,219,On Time,0,,692,123444.74,21305.11,102139.64,4.11
3915,FL13914,2025-11-21,14,2.0,5,131,101,Delayed,81,,352,53740.36,12494.61,41245.74,2.4
3916,FL13915,2026-08-12,9,5.0,4,546,136,On Time,0,,967,108386.93,18430.24,89956.69,4.44
3917,FL13916,2024-01-02,11,4.0,4,430,177,Delayed,127,,50,51247.15,17623.36,33623.79,4.07
3918,FL13917,2025-11-18,14,4.0,3,259,203,On Time,0,,375,81715.24,20496.78,61218.47,4.75
3919,FL13918,2026-05-05,14,4.0,6,636,170,Delayed,134,,393,94159.45,15893.74,78265.71,3.59
3920,FL13919,2025-02-24,11,1.0,5,248,292,On Time,0,,94,84422.74,17974.43,66448.31,4.12
3921,FL13920,2025-06-30,12,1.0,2,486,154,Delayed,83,,79,34660.03,10598.33,24061.7,3.03
3922,FL13921,2026-02-12,8,4.0,4,617,246,On Time,0,,777,176832.82,23671.82,153161.01,4.29
3923,FL13922,2025-09-02,12,1.0,6,235,173,Delayed,159,,102,52110.77,14417.44,37693.33,3.23
3924,FL13923,2024-10-08,5,4.0,2,96,318,Delayed,88,,53,56705.29,28398.28,28307.0,2.08
3925,FL13924,2024-10-28,11,1.0,4,298,300,On Time,0,,64,83790.58,19249.89,64540.69,3.6
3926,FL13925,2024-01-28,2,2.0,5,284,270,On Time,0,,1334,302150.79,33676.53,268474.26,4.51
3927,FL13926,2026-02-07,14,4.0,2,355,265,On Time,0,,381,111199.35,23169.05,88030.3,3.27
3928,FL13927,2024-12-15,4,4.0,4,333,237,On Time,0,,720,150771.22,26752.87,124018.35,3.26
3929,FL13928,2026-04-17,10,4.0,4,406,225,On Time,0,,77,66657.9,19450.27,47207.63,3.87
3930,FL13929,2024-12-08,1,4.0,2,63,219,On Time,0,,695,119250.49,25285.74,93964.74,2.59
3931,FL13930,2025-05-09,3,1.0,2,556,96,On Time,0,,76,13618.39,7448.86,6169.53,4.47
3932,FL13931,2024-05-14,15,5.0,4,206,305,Cancelled,0,Technical,328,0.0,23796.78,-23796.78,3.42
3933,FL13932,2024-03-08,13,2.0,2,510,315,On Time,0,,764,209271.66,26236.52,183035.14,4.62
3934,FL13933,2025-08-27,4,1.0,6,347,211,On Time,0,,691,140205.86,18504.59,121701.27,4.14
3935,FL13934,2025-11-25,2,5.0,4,215,290,On Time,0,,1358,288130.94,34637.14,253493.8,3.45
3936,FL13935,2025-01-05,13,1.0,5,600,182,On Time,0,,784,121445.36,22118.46,99326.9,3.2
3937,FL13936,2025-08-29,15,3.0,3,179,115,On Time,0,,329,45972.18,11407.05,34565.13,4.36
3938,FL13937,2024-10-12,3,3.0,2,306,281,Delayed,205,,107,40325.98,21095.63,19230.36,3.77
3939,FL13938,2025-10-24,10,4.0,3,194,207,On Time,0,,50,46899.17,13506.93,33392.25,3.27
3940,FL13939,2025-08-02,5,1.0,5,364,306,On Time,0,,86,82410.99,24256.94,58154.05,3.19
3941,FL13940,2026-03-24,12,1.0,3,75,139,On Time,0,,119,28106.36,9360.55,18745.81,3.99
3942,FL13941,2025-11-23,7,3.0,2,439,200,On Time,0,,782,110758.94,17410.4,93348.54,4.09
3943,FL13942,2026-04-22,2,3.0,1,17,243,Delayed,240,,1372,230174.5,29659.74,200514.77,3.91
3944,FL13943,2026-08-07,5,4.0,4,95,121,On Time,0,,96,26547.94,10698.01,15849.94,4.43
3945,FL13944,2024-12-12,9,4.0,5,641,319,On Time,0,,965,261923.23,30228.53,231694.7,3.95
3946,FL13945,2026-04-27,12,1.0,4,96,229,On Time,0,,100,63713.35,20809.18,42904.17,4.67
3947,FL13946,2025-03-10,1,5.0,2,205,129,On Time,0,,679,75976.89,14846.09,61130.8,3.77
3948,FL13947,2024-01-15,15,3.0,2,311,260,On Time,0,,350,96642.32,23316.41,73325.9,3.8
3949,FL13948,2026-07-06,10,5.0,3,322,292,On Time,0,,66,62229.72,24799.35,37430.38,4.55
3950,FL13949,2024-05-25,14,5.0,3,406,175,Cancelled,0,Crew,427,0.0,17998.06,-17998.06,3.62
3951,FL13950,2024-04-24,14,1.0,2,61,230,On Time,0,,406,90171.61,18005.3,72166.31,4.64
3952,FL13951,2025-06-06,3,3.0,6,207,262,On Time,0,,117,93571.24,17138.06,76433.18,3.88
3953,FL13952,2025-10-27,2,3.0,2,286,123,Delayed,69,,1354,119143.39,26950.79,92192.6,3.35
3954,FL13953,2025-03-19,12,3.0,2,53,212,On Time,0,,101,39028.86,15753.53,23275.33,3.44
3955,FL13954,2025-08-10,3,2.0,4,1,218,On Time,0,,58,76475.75,13876.65,62599.1,4.58
3956,FL13955,2026-04-16,3,3.0,5,492,159,Delayed,15,,107,40373.0,17650.75,22722.24,2.92
3957,FL13956,2025-07-01,8,3.0,3,581,158,Delayed,49,,805,105430.02,18350.33,87079.69,2.0
3958,FL13957,2026-02-19,14,1.0,5,455,234,Delayed,123,,419,121062.5,24637.13,96425.37,3.01
3959,FL13958,2025-07-28,12,2.0,1,628,262,Delayed,233,,89,38574.45,24645.91,13928.54,2.74
3960,FL13959,2025-05-21,8,1.0,4,591,179,On Time,0,,744,121559.24,22450.77,99108.47,2.24
3961,FL13960,2025-04-30,3,5.0,1,621,123,Delayed,69,,86,17850.21,12883.71,4966.5,2.93
3962,FL13961,2026-06-28,6,4.0,1,515,270,On Time,0,,69,38747.1,15638.0,23109.1,4.51
3963,FL13962,2024-11-30,11,2.0,4,126,129,On Time,0,,75,35769.41,7812.13,27957.28,4.27
3964,FL13963,2024-12-10,3,2.0,2,482,90,Delayed,37,,56,16851.39,8978.51,7872.89,3.57
3965,FL13964,2026-01-25,8,1.0,1,526,164,Delayed,216,,779,112974.8,22017.79,90957.01,4.23
3966,FL13965,2025-09-16,1,2.0,2,340,278,Delayed,71,,683,153366.81,27511.65,125855.16,2.92
3967,FL13966,2024-05-16,5,5.0,5,225,264,On Time,0,,95,86859.44,18723.51,68135.93,3.26
3968,FL13967,2025-10-28,4,1.0,4,610,160,Delayed,18,,649,104245.98,22430.06,81815.92,3.62
3969,FL13968,2024-01-30,11,1.0,3,427,209,On Time,0,,87,44850.68,14234.82,30615.86,4.23
3970,FL13969,2025-05-02,14,5.0,6,448,310,Delayed,239,,388,175840.26,31402.32,144437.94,2.48
3971,FL13970,2024-11-03,3,3.0,3,603,255,Delayed,237,,55,44158.94,27611.51,16547.44,3.19
3972,FL13971,2024-07-25,12,1.0,6,73,264,On Time,0,,130,92150.85,15597.56,76553.29,4.35
3973,FL13972,2025-08-21,10,3.0,3,357,110,Delayed,167,,88,20050.44,10817.48,9232.96,3.48
3974,FL13973,2024-05-28,15,4.0,1,506,145,On Time,0,,357,41867.36,11736.03,30131.33,4.48
3975,FL13974,2024-12-10,14,2.0,1,262,113,On Time,0,,393,36594.48,11321.51,25272.96,3.56
3976,FL13975,2024-06-03,2,2.0,2,147,315,Cancelled,0,Technical,1353,0.0,38703.61,-38703.61,2.08
3977,FL13976,2024-04-30,12,4.0,2,340,168,On Time,0,,98,22904.23,10205.4,12698.83,3.41
3978,FL13977,2025-01-06,9,3.0,1,525,204,On Time,0,,956,141750.92,25714.46,116036.46,4.56
3979,FL13978,2025-08-20,2,5.0,3,404,216,On Time,0,,1355,217662.02,33229.64,184432.38,4.67
3980,FL13979,2025-10-04,4,2.0,6,644,210,On Time,0,,678,145315.65,23092.85,122222.81,3.89
3981,FL13980,2026-06-03,14,2.0,2,357,101,On Time,0,,401,40634.43,9761.35,30873.08,4.98
3982,FL13981,2024-10-24,9,1.0,2,85,299,On Time,0,,949,218888.25,28862.08,190026.17,3.89
3983,FL13982,2024-12-08,6,4.0,6,87,177,On Time,0,,89,54721.45,12785.22,41936.23,3.67
3984,FL13983,2026-04-04,5,3.0,2,53,301,On Time,0,,97,85057.28,18895.89,66161.39,3.08
3985,FL13984,2024-06-23,13,2.0,5,471,265,Delayed,236,,810,202229.35,25458.78,176770.56,3.25
3986,FL13985,2025-07-24,5,4.0,4,508,250,On Time,0,,50,82842.01,14731.88,68110.13,4.69
3987,FL13986,2025-12-11,3,2.0,6,10,251,On Time,0,,96,80232.55,20188.97,60043.57,4.82
3988,FL13987,2025-03-10,9,1.0,4,520,315,Delayed,44,,953,250421.68,29350.06,221071.62,4.0
3989,FL13988,2026-03-31,15,3.0,4,436,159,On Time,0,,348,58140.03,13599.67,44540.36,4.32
3990,FL13989,2024-11-03,3,3.0,2,439,165,On Time,0,,113,30130.36,13562.86,16567.5,5.0
3991,FL13990,2024-04-13,4,3.0,4,273,244,On Time,0,,694,149342.99,20240.84,129102.15,3.37
3992,FL13991,2024-04-18,8,3.0,5,303,143,On Time,0,,771,117952.5,17429.0,100523.5,4.77
3993,FL13992,2025-05-24,3,5.0,6,3,274,Delayed,39,,117,84923.09,17815.18,67107.91,3.48
3994,FL13993,2025-06-10,10,2.0,1,558,96,On Time,0,,68,12399.25,6022.44,6376.8,4.14
3995,FL13994,2025-05-15,4,2.0,1,462,296,On Time,0,,701,141079.98,23595.48,117484.5,3.08
3996,FL13995,2024-12-28,2,3.0,1,431,169,Delayed,106,,1352,162016.97,24468.41,137548.57,3.52
3997,FL13996,2025-03-24,4,1.0,5,620,91,On Time,0,,737,57875.28,13509.8,44365.48,4.75
3998,FL13997,2026-07-11,14,1.0,1,562,228,Delayed,50,,397,85020.99,20420.33,64600.66,1.92
3999,FL13998,2025-03-29,15,3.0,6,133,153,On Time,0,,330,63710.52,12418.41,51292.12,4.52
4000,FL13999,2025-12-12,8,3.0,3,218,160,On Time,0,,786,103318.91,18974.79,84344.12,2.51
4001,FL14000,2026-03-30,7,4.0,2,180,200,Delayed,237,,735,104829.4,24679.74,80149.66,2.38
4002,FL14001,2024-05-09,13,1.0,6,222,223,On Time,0,,767,166209.05,22015.88,144193.17,3.94
4003,FL14002,2024-08-25,3,5.0,5,71,121,On Time,0,,102,34983.83,11284.37,23699.46,5.0
4004,FL14003,2025-06-16,10,3.0,4,397,101,Delayed,159,,50,22359.77,9469.08,12890.7,3.22
4005,FL14004,2025-12-19,11,1.0,6,85,196,On Time,0,,69,58465.32,15318.93,43146.39,4.31
4006,FL14005,2026-04-17,11,2.0,5,447,171,Delayed,122,,50,53829.24,17231.84,36597.41,2.71
4007,FL14006,2025-11-25,4,2.0,4,621,223,On Time,0,,652,158019.12,18389.79,139629.32,3.87
4008,FL14007,2026-06-18,11,3.0,2,87,262,On Time,0,,79,49171.05,18532.6,30638.44,3.96
4009,FL14008,2026-08-09,10,3.0,6,186,231,Delayed,159,,50,65199.4,21235.2,43964.2,4.36
4010,FL14009,2026-06-11,14,3.0,5,104,113,On Time,0,,400,54578.18,13957.31,40620.87,3.51
4011,FL14010,2025-08-13,3,3.0,6,516,319,On Time,0,,100,102646.41,28942.17,73704.24,3.57
4012,FL14011,2026-02-21,10,5.0,6,542,254,Delayed,218,,64,87243.6,18754.79,68488.82,4.0
4013,FL14012,2026-07-03,13,5.0,4,416,101,On Time,0,,780,70960.09,14693.56,56266.53,3.84
4014,FL14013,2024-09-22,5,3.0,3,374,265,On Time,0,,64,41227.95,22012.51,19215.44,4.07
4015,FL14014,2025-06-18,12,5.0,6,339,292,Delayed,186,,83,108800.0,26705.45,82094.55,3.58
4016,FL14015,2025-08-28,2,5.0,6,149,220,On Time,0,,1385,252744.67,33217.92,219526.76,3.59
4017,FL14016,2024-12-17,11,5.0,1,396,281,On Time,0,,57,54268.41,19126.61,35141.79,2.67
4018,FL14017,2025-11-11,10,2.0,4,217,293,Delayed,203,,56,65712.45,22468.35,43244.1,4.0
4019,FL14018,2025-11-14,3,3.0,4,253,311,On Time,0,,111,85434.52,27293.47,58141.06,4.08
4020,FL14019,2026-03-10,1,2.0,5,532,309,Delayed,155,,691,194996.87,26005.83,168991.04,2.47
4021,FL14020,2024-08-05,12,1.0,6,576,134,Delayed,191,,61,44539.11,12947.29,31591.83,3.81
4022,FL14021,2026-04-29,4,1.0,2,138,97,On Time,0,,674,55910.27,13732.91,42177.36,5.0
4023,FL14022,2026-07-10,8,4.0,6,418,239,On Time,0,,802,175124.39,27217.43,147906.96,4.78
4024,FL14023,2025-05-23,1,3.0,4,394,246,Cancelled,0,Crew,705,0.0,22898.97,-22898.97,4.35
4025,FL14024,2025-02-26,15,5.0,1,618,220,Delayed,194,,338,68173.6,21753.27,46420.33,2.5
4026,FL14025,2024-11-05,9,4.0,4,331,144,On Time,0,,951,110952.82,17011.93,93940.9,4.16
4027,FL14026,2025-12-19,14,1.0,1,264,308,On Time,0,,427,120015.74,29805.01,90210.73,4.23
4028,FL14027,2025-05-19,3,5.0,6,622,183,On Time,0,,55,59652.42,13851.55,45800.87,3.92
4029,FL14028,2025-08-31,4,3.0,5,614,260,Delayed,85,,693,174758.92,30053.1,144705.82,3.09
4030,FL14029,2026-06-02,10,3.0,6,496,233,Delayed,188,,61,60814.95,24374.05,36440.9,1.38
4031,FL14030,2025-11-07,10,5.0,4,608,295,Delayed,20,,60,76853.9,26626.97,50226.92,4.4
4032,FL14031,2025-05-19,12,4.0,3,466,253,On Time,0,,112,53758.38,19082.93,34675.45,2.95
4033,FL14032,2024-06-03,14,1.0,3,216,235,Delayed,194,,408,104399.31,21759.51,82639.8,3.89
4034,FL14033,2024-05-14,13,1.0,6,490,283,On Time,0,,788,202800.6,29565.21,173235.39,4.01
4035,FL14034,2025-11-23,3,3.0,1,648,102,On Time,0,,63,17773.44,8877.24,8896.2,3.98
4036,FL14035,2025-02-20,5,1.0,6,616,252,On Time,0,,117,60335.86,21307.32,39028.54,3.87
4037,FL14036,2024-01-13,14,1.0,3,499,224,On Time,0,,391,96836.41,16619.34,80217.07,4.13
4038,FL14037,2025-12-30,9,4.0,4,167,268,On Time,0,,947,209075.35,25530.53,183544.82,4.42
4039,FL14038,2025-12-07,14,1.0,5,503,141,On Time,0,,417,69756.56,14024.32,55732.24,4.62
4040,FL14039,2026-07-21,9,1.0,1,23,227,On Time,0,,937,149875.46,23635.03,126240.43,3.92
4041,FL14040,2024-09-06,1,3.0,1,408,155,Delayed,233,,729,77391.43,23235.81,54155.62,2.52
4042,FL14041,2025-02-08,8,1.0,1,189,116,On Time,0,,774,65515.92,14960.23,50555.68,3.19
4043,FL14042,2025-08-10,13,2.0,5,98,222,On Time,0,,829,162996.93,18327.71,144669.22,4.68
4044,FL14043,2026-02-02,10,5.0,1,593,94,On Time,0,,70,14807.82,7609.1,7198.72,3.82
4045,FL14044,2024-07-18,2,4.0,4,484,111,On Time,0,,1352,117175.43,19647.68,97527.75,3.33
4046,FL14045,2024-09-18,4,5.0,1,455,211,On Time,0,,739,104384.52,22991.19,81393.33,3.52
4047,FL14046,2025-09-06,13,2.0,5,403,296,Delayed,219,,805,234378.36,28998.01,205380.35,3.24
4048,FL14047,2024-12-14,15,4.0,6,102,254,On Time,0,,320,124624.72,17117.48,107507.24,3.17
4049,FL14048,2026-07-12,12,2.0,3,346,93,On Time,0,,68,19287.48,6025.52,13261.96,3.98
4050,FL14049,2024-10-12,2,2.0,2,221,115,Delayed,91,,1380,113832.49,22362.74,91469.74,4.11
4051,FL14050,2024-01-31,10,1.0,3,646,189,On Time,0,,89,40882.51,15702.23,25180.28,3.92
4052,FL14051,2025-10-11,13,5.0,5,391,188,Delayed,135,,801,135616.31,21403.38,114212.93,2.15
4053,FL14052,2025-12-25,10,1.0,5,559,99,On Time,0,,67,26443.14,5869.35,20573.79,4.56
4054,FL14053,2026-05-28,9,2.0,4,106,148,Delayed,61,,976,121466.63,23427.8,98038.83,4.02
4055,FL14054,2024-09-09,8,3.0,4,192,119,On Time,0,,793,88711.49,16860.48,71851.0,4.76
4056,FL14055,2026-02-23,4,3.0,4,390,220,On Time,0,,682,123472.77,25256.44,98216.33,4.04
4057,FL14056,2026-07-15,5,2.0,2,633,241,On Time,0,,54,52747.37,15816.74,36930.63,5.0
4058,FL14057,2025-07-22,12,2.0,2,49,179,On Time,0,,107,34882.18,15136.54,19745.64,4.48
4059,FL14058,2024-08-27,2,2.0,6,77,221,Delayed,79,,1376,248245.8,32474.23,215771.58,5.0
4060,FL14059,2025-05-27,2,5.0,4,473,136,On Time,0,,1388,148553.82,24674.41,123879.41,4.88
4061,FL14060,2025-09-29,6,3.0,6,72,285,On Time,0,,78,64290.78,20074.5,44216.28,4.78
4062,FL14061,2026-03-25,12,5.0,4,196,91,Delayed,185,,110,26635.03,7330.83,19304.2,2.9
4063,FL14062,2025-04-04,10,5.0,3,429,206,Delayed,83,,68,51960.9,16917.63,35043.27,2.68
4064,FL14063,2026-06-17,9,4.0,4,278,163,On Time,0,,965,124230.19,20681.02,103549.17,4.08
4065,FL14064,2024-10-22,9,5.0,5,494,193,On Time,0,,960,149085.1,23472.75,125612.35,3.87
4066,FL14065,2026-01-16,2,1.0,2,10,208,Delayed,198,,1361,214738.68,28583.83,186154.85,2.95
4067,FL14066,2025-11-20,5,5.0,3,419,238,Delayed,212,,63,35539.66,21381.53,14158.13,3.22
4068,FL14067,2025-09-20,2,3.0,5,420,303,Delayed,182,,1372,331679.78,35230.19,296449.59,3.17
4069,FL14068,2025-09-21,12,4.0,1,174,219,Delayed,199,,99,42701.45,19846.04,22855.41,2.88
4070,FL14069,2026-02-02,12,2.0,1,446,142,On Time,0,,123,24573.95,11633.25,12940.69,4.43
4071,FL14070,2024-04-04,4,1.0,1,281,210,On Time,0,,699,114925.05,19577.56,95347.49,3.51
4072,FL14071,2025-04-11,5,5.0,4,568,207,On Time,0,,50,48960.53,18449.81,30510.73,3.97
4073,FL14072,2026-06-25,5,3.0,2,499,288,On Time,0,,50,55294.62,17051.42,38243.2,3.21
4074,FL14073,2025-02-10,14,1.0,3,473,220,Delayed,232,,387,84909.79,24645.51,60264.29,3.37
4075,FL14074,2024-05-01,8,4.0,1,342,289,On Time,0,,795,161763.98,24785.28,136978.7,4.13
4076,FL14075,2026-07-11,12,1.0,2,440,239,On Time,0,,82,46705.17,20993.53,25711.63,3.38
4077,FL14076,2025-12-20,7,3.0,1,92,221,On Time,0,,751,110468.06,26045.93,84422.13,4.05
4078,FL14077,2025-06-12,11,4.0,5,274,165,On Time,0,,51,49664.41,11325.45,38338.96,3.94
4079,FL14078,2026-06-27,8,4.0,3,239,148,On Time,0,,784,83349.78,17560.64,65789.13,3.7
4080,FL14079,2025-07-05,5,3.0,2,48,112,On Time,0,,75,21111.84,10327.59,10784.25,3.71
4081,FL14080,2026-04-02,14,2.0,4,526,216,Delayed,223,,369,99735.95,24386.72,75349.23,3.59
4082,FL14081,2024-04-22,11,5.0,6,419,301,On Time,0,,74,86685.53,17073.33,69612.2,4.02
4083,FL14082,2025-02-26,12,1.0,5,215,92,On Time,0,,129,23550.73,8163.18,15387.55,4.62
4084,FL14083,2025-05-08,15,1.0,6,15,309,On Time,0,,328,143596.64,23515.97,120080.67,3.33
4085,FL14084,2025-05-24,4,1.0,3,631,287,On Time,0,,697,177908.06,25386.72,152521.34,3.88
4086,FL14085,2024-12-28,2,5.0,3,428,190,Delayed,121,,1371,194198.9,33426.52,160772.38,2.9
4087,FL14086,2024-01-29,9,3.0,2,525,162,On Time,0,,947,109730.11,21826.43,87903.67,4.04
4088,FL14087,2024-09-24,5,1.0,2,49,223,Delayed,74,,67,40028.24,18051.12,21977.12,3.47
4089,FL14088,2026-02-11,7,1.0,6,595,286,On Time,0,,737,211044.69,25597.65,185447.03,3.23
4090,FL14089,2026-07-13,4,1.0,1,39,96,On Time,0,,664,51377.76,11666.68,39711.08,4.39
4091,FL14090,2024-03-17,6,5.0,6,594,193,On Time,0,,80,54806.08,17085.46,37720.61,5.0
4092,FL14091,2026-06-09,6,3.0,6,369,100,Delayed,51,,50,32394.96,12269.92,20125.04,3.41
4093,FL14092,2026-07-24,6,1.0,6,565,238,Delayed,238,,78,83447.82,25833.39,57614.43,2.74
4094,FL14093,2026-07-25,12,2.0,4,599,107,On Time,0,,110,30277.65,6715.84,23561.81,3.81
4095,FL14094,2024-09-01,9,4.0,6,572,162,On Time,0,,953,141045.59,18685.18,122360.41,3.79
4096,FL14095,2024-12-01,8,3.0,1,471,259,On Time,0,,763,165110.92,26081.56,139029.35,3.57
4097,FL14096,2024-07-04,2,5.0,5,68,262,On Time,0,,1372,284498.64,26998.29,257500.36,4.47
4098,FL14097,2025-09-14,9,1.0,4,456,142,On Time,0,,941,107463.21,18347.29,89115.92,2.81
4099,FL14098,2024-05-27,3,1.0,6,342,207,Delayed,188,,85,63097.54,14425.24,48672.3,3.48
4100,FL14099,2024-10-22,5,1.0,1,517,132,On Time,0,,108,19398.85,11002.01,8396.84,4.84
4101,FL14100,2025-06-18,7,2.0,6,638,226,Delayed,205,,720,153326.53,27797.25,125529.28,4.1
4102,FL14101,2025-03-01,3,4.0,4,300,91,Delayed,151,,106,23049.44,11197.03,11852.41,3.97
4103,FL14102,2025-01-15,6,4.0,1,176,277,On Time,0,,101,44249.66,16293.52,27956.14,3.57
4104,FL14103,2024-09-12,5,2.0,4,475,95,On Time,0,,74,27245.06,8222.25,19022.81,4.95
4105,FL14104,2024-08-06,13,4.0,1,157,229,Delayed,188,,780,122162.23,24068.19,98094.04,3.54
4106,FL14105,2025-07-13,13,4.0,1,311,183,On Time,0,,782,108147.09,19601.43,88545.67,4.93
4107,FL14106,2024-06-18,1,1.0,4,459,141,On Time,0,,675,89554.28,16503.66,73050.62,4.7
4108,FL14107,2024-10-03,10,4.0,5,618,214,Delayed,28,,63,59633.82,22301.93,37331.89,3.5
4109,FL14108,2024-03-09,10,3.0,1,479,122,On Time,0,,63,17361.18,7522.28,9838.9,3.84
4110,FL14109,2024-10-07,6,1.0,2,464,223,Delayed,60,,66,39558.34,20133.72,19424.62,4.84
4111,FL14110,2024-10-03,8,2.0,3,338,238,On Time,0,,809,166297.1,23893.33,142403.77,2.84
4112,FL14111,2025-02-07,12,4.0,4,197,195,On Time,0,,96,60004.4,15659.97,44344.43,3.89
4113,FL14112,2024-09-17,6,4.0,1,554,173,On Time,0,,50,37803.12,15357.76,22445.35,3.09
4114,FL14113,2024-01-22,1,2.0,4,238,195,On Time,0,,734,124245.22,22427.67,101817.55,4.08
4115,FL14114,2024-12-10,6,4.0,3,140,310,On Time,0,,50,61729.02,23815.23,37913.79,4.23
4116,FL14115,2026-05-10,4,2.0,6,416,263,On Time,0,,706,175849.25,25080.68,150768.57,3.58
4117,FL14116,2025-07-08,6,3.0,2,596,91,On Time,0,,84,14589.09,7127.93,7461.16,3.63
4118,FL14117,2024-07-31,4,1.0,3,309,156,On Time,0,,694,97111.56,20112.85,76998.71,3.14
4119,FL14118,2026-06-22,3,5.0,1,241,95,On Time,0,,116,18009.47,9194.31,8815.16,4.29
4120,FL14119,2025-08-27,15,5.0,6,102,144,On Time,0,,334,72380.59,14618.16,57762.43,3.7
4121,FL14120,2025-10-09,2,1.0,6,530,269,On Time,0,,1360,293679.04,33589.79,260089.25,4.27
4122,FL14121,2024-03-06,11,3.0,3,412,286,On Time,0,,50,53691.46,23181.28,30510.18,3.66
4123,FL14122,2024-09-11,11,4.0,3,118,195,On Time,0,,50,54458.87,16318.0,38140.87,4.16
4124,FL14123,2024-12-31,10,3.0,6,403,248,On Time,0,,117,70241.1,16123.86,54117.24,4.48
4125,FL14124,2025-10-19,14,2.0,2,243,175,On Time,0,,407,74432.46,16246.79,58185.67,4.31
4126,FL14125,2024-02-12,1,5.0,2,11,199,On Time,0,,729,115755.35,21364.76,94390.58,4.14
4127,FL14126,2024-08-06,5,2.0,2,416,280,Delayed,122,,118,42044.53,24067.27,17977.26,3.23
4128,FL14127,2026-08-13,3,2.0,5,249,153,Delayed,188,,90,39430.85,13434.8,25996.06,3.61
4129,FL14128,2024-10-05,9,2.0,2,136,163,On Time,0,,943,112818.46,23855.49,88962.97,3.61
4130,FL14129,2026-04-12,10,5.0,1,477,121,Delayed,236,,50,18388.02,12550.74,5837.28,3.17
4131,FL14130,2024-06-12,14,3.0,1,136,140,On Time,0,,387,43247.82,14524.18,28723.64,4.23
4132,FL14131,2026-03-27,6,4.0,6,118,98,On Time,0,,65,36544.63,8645.39,27899.23,5.0
4133,FL14132,2025-01-08,4,5.0,6,118,277,On Time,0,,688,192577.29,29477.2,163100.09,3.6
4134,FL14133,2024-07-16,14,5.0,6,554,286,On Time,0,,414,154515.97,26067.88,128448.09,3.42
4135,FL14134,2025-09-21,11,5.0,2,280,186,On Time,0,,82,36733.12,12238.49,24494.63,4.19
4136,FL14135,2025-06-28,12,5.0,3,369,226,On Time,0,,116,64622.79,19907.09,44715.7,4.78
4137,FL14136,2024-05-09,7,5.0,3,537,147,Delayed,98,,714,89437.89,20677.73,68760.17,3.83
4138,FL14137,2026-04-11,7,5.0,4,265,100,On Time,0,,739,66246.29,14699.18,51547.11,4.01
4139,FL14138,2025-12-24,6,4.0,1,175,208,On Time,0,,79,19645.85,12756.1,6889.75,4.8
4140,FL14139,2024-12-28,12,1.0,4,642,126,On Time,0,,135,33740.93,9896.73,23844.21,2.82
4141,FL14140,2026-05-17,4,1.0,1,396,285,On Time,0,,699,161709.12,25256.68,136452.43,4.66
4142,FL14141,2024-02-03,15,4.0,2,415,154,On Time,0,,330,53388.95,14753.79,38635.16,3.8
4143,FL14142,2026-07-19,3,2.0,2,193,259,On Time,0,,119,71255.67,22582.1,48673.57,4.41
4144,FL14143,2025-02-06,7,5.0,5,602,150,On Time,0,,734,106790.98,15382.12,91408.85,4.66
4145,FL14144,2026-02-09,5,5.0,6,216,119,On Time,0,,77,35329.38,7445.94,27883.44,4.13
4146,FL14145,2026-05-04,10,4.0,5,650,216,On Time,0,,71,63353.18,19235.43,44117.75,4.05
4147,FL14146,2026-03-13,11,4.0,3,404,132,Delayed,209,,57,21064.72,10917.87,10146.84,3.05
4148,FL14147,2024-04-16,14,2.0,4,299,181,Delayed,212,,379,75619.21,20127.52,55491.69,4.4
4149,FL14148,2025-01-20,12,3.0,4,466,157,On Time,0,,96,34788.01,13688.53,21099.47,4.22
4150,FL14149,2024-03-24,4,5.0,1,236,292,On Time,0,,687,154194.65,30327.05,123867.6,4.14
4151,FL14150,2024-08-19,4,5.0,6,539,205,Delayed,62,,665,143578.25,22132.31,121445.94,4.28
4152,FL14151,2025-07-27,14,2.0,6,565,255,Delayed,186,,406,142271.85,25942.68,116329.18,2.97
4153,FL14152,2025-10-27,8,5.0,2,65,225,On Time,0,,792,137594.84,26857.52,110737.31,3.84
4154,FL14153,2024-08-05,2,3.0,1,7,299,On Time,0,,1351,270568.63,35416.33,235152.3,4.61
4155,FL14154,2024-02-27,13,5.0,1,45,191,Delayed,20,,776,122636.54,24489.81,98146.73,4.45
4156,FL14155,2025-01-07,10,3.0,4,301,288,On Time,0,,71,40114.82,19012.63,21102.19,4.03
4157,FL14156,2025-07-16,1,4.0,1,432,296,Delayed,171,,738,158025.9,37668.66,120357.24,3.55
4158,FL14157,2025-01-17,12,1.0,1,419,301,On Time,0,,117,50204.17,19511.86,30692.31,2.97
4159,FL14158,2026-07-02,10,2.0,4,168,250,On Time,0,,85,60497.48,16750.85,43746.63,4.83
4160,FL14159,2025-11-01,10,4.0,1,527,315,Delayed,22,,55,48778.76,20976.48,27802.28,2.6
4161,FL14160,2025-09-04,13,5.0,1,60,261,Delayed,208,,801,154348.66,33844.1,120504.55,2.95
4162,FL14161,2024-01-27,8,1.0,1,446,161,On Time,0,,778,96195.58,19353.78,76841.8,4.12
4163,FL14162,2026-06-08,7,1.0,5,304,126,Delayed,121,,723,84756.71,17005.37,67751.34,2.88
4164,FL14163,2025-09-23,10,4.0,3,14,138,Delayed,156,,65,21567.08,10641.97,10925.1,2.04
4165,FL14164,2026-07-30,3,3.0,2,561,221,On Time,0,,79,42554.13,19703.16,22850.98,3.2
4166,FL14165,2025-04-14,3,5.0,4,439,127,Cancelled,0,Crew,81,0.0,8049.35,-8049.35,3.06
4167,FL14166,2025-10-12,13,1.0,2,361,144,On Time,0,,784,85968.23,18019.27,67948.97,4.97
4168,FL14167,2025-05-06,4,2.0,4,425,234,On Time,0,,688,157517.53,23944.48,133573.05,4.92
4169,FL14168,2026-04-05,8,1.0,3,203,166,Delayed,58,,780,116951.97,24973.12,91978.84,3.55
4170,FL14169,2025-11-08,5,4.0,5,6,246,On Time,0,,50,78915.5,19882.01,59033.49,4.1
4171,FL14170,2025-01-10,4,5.0,4,247,319,Delayed,175,,677,212456.67,35396.91,177059.75,3.82
4172,FL14171,2025-09-06,9,1.0,5,195,110,On Time,0,,977,90568.31,13224.64,77343.67,4.86
4173,FL14172,2024-04-15,13,2.0,2,452,237,On Time,0,,793,155955.61,22445.18,133510.42,4.08
4174,FL14173,2025-10-10,7,5.0,1,306,278,On Time,0,,749,157402.67,22695.56,134707.11,4.1
4175,FL14174,2025-03-18,3,1.0,4,627,122,On Time,0,,105,40545.13,9201.43,31343.71,4.13
4176,FL14175,2024-10-13,4,5.0,1,412,270,Delayed,111,,693,133748.94,29337.43,104411.52,3.96
4177,FL14176,2026-03-27,3,5.0,3,442,206,On Time,0,,79,52059.56,16344.11,35715.44,3.11
4178,FL14177,2026-03-27,14,1.0,4,443,234,On Time,0,,381,93950.94,23410.45,70540.49,4.01
4179,FL14178,2024-02-23,5,1.0,5,191,101,On Time,0,,106,30758.76,9128.56,21630.21,4.26
4180,FL14179,2025-08-12,6,4.0,4,354,190,On Time,0,,60,35782.95,12965.24,22817.7,2.77
4181,FL14180,2024-02-12,2,1.0,6,592,174,On Time,0,,1400,186619.52,26993.56,159625.97,4.6
4182,FL14181,2025-03-16,7,3.0,4,646,125,On Time,0,,730,76732.27,16086.73,60645.54,4.7
4183,FL14182,2026-07-01,14,1.0,3,208,265,On Time,0,,385,111187.27,26646.55,84540.72,2.74
4184,FL14183,2025-04-25,7,3.0,2,446,206,On Time,0,,739,123838.63,18235.58,105603.04,3.73
4185,FL14184,2024-05-12,10,2.0,5,54,291,On Time,0,,57,105666.98,22697.34,82969.63,3.75
4186,FL14185,2024-08-22,3,4.0,5,108,126,On Time,0,,78,37293.46,9511.26,27782.2,3.42
4187,FL14186,2024-01-29,3,5.0,2,267,258,On Time,0,,96,57073.18,18011.83,39061.36,3.51
4188,FL14187,2026-01-25,11,3.0,1,474,229,On Time,0,,50,33532.57,18019.53,15513.04,3.66
4189,FL14188,2026-05-08,1,4.0,1,118,239,On Time,0,,711,133036.11,22112.84,110923.26,4.4
4190,FL14189,2024-09-23,7,4.0,4,140,161,On Time,0,,742,106868.29,14619.09,92249.2,4.81
4191,FL14190,2024-09-22,5,5.0,4,466,248,On Time,0,,81,70503.07,20784.63,49718.44,4.36
4192,FL14191,2025-07-09,1,2.0,1,110,146,Delayed,125,,693,72369.49,18357.73,54011.76,2.71
4193,FL14192,2026-01-29,8,2.0,1,48,265,On Time,0,,795,130999.69,25253.28,105746.41,4.51
4194,FL14193,2026-06-13,15,2.0,4,410,191,Delayed,99,,340,80909.34,20808.44,60100.9,3.69
4195,FL14194,2026-07-15,2,4.0,3,328,200,On Time,0,,1369,189364.46,28186.01,161178.45,2.09
4196,FL14195,2025-06-12,13,5.0,3,335,223,On Time,0,,832,156860.62,26007.52,130853.1,4.81
4197,FL14196,2025-09-09,9,2.0,2,360,109,Delayed,143,,955,75980.18,22595.9,53384.27,3.39
4198,FL14197,2024-02-06,11,1.0,5,616,174,On Time,0,,57,42536.34,12465.55,30070.78,4.11
4199,FL14198,2024-03-06,2,4.0,5,615,136,On Time,0,,1397,159734.48,23487.48,136247.0,2.87
4200,FL14199,2026-07-16,14,3.0,1,379,311,On Time,0,,402,105772.42,21770.45,84001.97,5.0
4201,FL14200,2024-08-17,1,2.0,1,428,186,On Time,0,,739,97681.86,20310.22,77371.65,4.22
4202,FL14201,2025-06-24,14,1.0,4,340,91,On Time,0,,354,42945.55,9322.17,33623.38,4.5
4203,FL14202,2024-09-29,10,5.0,4,239,95,Delayed,92,,55,25734.67,13082.7,12651.97,2.44
4204,FL14203,2024-06-23,6,5.0,1,89,299,On Time,0,,65,54827.46,22245.22,32582.24,4.33
4205,FL14204,2026-02-15,1,4.0,1,422,126,On Time,0,,666,61219.74,14422.85,46796.88,4.35
4206,FL14205,2025-04-21,10,3.0,5,560,90,On Time,0,,64,26650.24,7997.39,18652.85,3.9
4207,FL14206,2024-04-16,2,2.0,3,457,138,On Time,0,,1359,137963.91,22334.79,115629.12,3.16
4208,FL14207,2024-12-19,10,3.0,1,207,139,Delayed,15,,50,14610.85,14452.46,158.39,3.26
4209,FL14208,2025-02-15,12,1.0,4,398,108,On Time,0,,81,28712.77,8486.35,20226.42,3.38
4210,FL14209,2025-02-05,5,2.0,1,271,319,Delayed,201,,94,24692.68,21902.74,2789.94,2.85
4211,FL14210,2026-01-07,4,3.0,2,634,103,On Time,0,,713,61264.67,14301.44,46963.22,4.75
4212,FL14211,2025-04-08,4,3.0,5,327,257,On Time,0,,681,168932.87,22850.63,146082.24,4.06
4213,FL14212,2025-08-08,4,1.0,2,305,282,On Time,0,,680,153912.07,26236.2,127675.87,3.95
4214,FL14213,2026-03-03,2,5.0,1,622,238,Delayed,211,,1383,222573.14,33580.79,188992.35,2.54
4215,FL14214,2026-06-08,4,2.0,6,125,120,On Time,0,,656,83596.43,16273.96,67322.47,3.97
4216,FL14215,2024-08-18,10,3.0,2,169,257,On Time,0,,73,54554.38,15122.25,39432.14,3.9
4217,FL14216,2025-08-26,5,3.0,4,132,165,Delayed,169,,50,34229.26,11164.51,23064.75,2.66
4218,FL14217,2025-09-24,12,3.0,5,446,183,On Time,0,,129,52300.99,16366.63,35934.37,4.71
4219,FL14218,2025-10-11,13,5.0,6,447,147,On Time,0,,806,110973.32,15503.77,95469.55,4.67
4220,FL14219,2025-11-19,12,4.0,5,459,270,Delayed,19,,59,70711.5,25287.06,45424.44,2.8
4221,FL14220,2024-04-12,9,5.0,3,604,223,On Time,0,,938,168772.19,27885.21,140886.98,4.26
4222,FL14221,2026-07-28,5,2.0,6,17,125,On Time,0,,73,36308.05,8414.64,27893.42,2.8
4223,FL14222,2025-12-04,14,2.0,1,160,183,On Time,0,,352,53362.82,18491.54,34871.29,4.21
4224,FL14223,2024-10-27,4,3.0,2,256,272,Delayed,202,,694,158009.68,25505.65,132504.03,3.81
4225,FL14224,2025-01-19,7,3.0,2,138,305,On Time,0,,748,196085.91,30760.89,165325.02,3.27
4226,FL14225,2024-07-11,7,2.0,4,27,306,Delayed,138,,697,202096.09,26074.15,176021.93,3.31
4227,FL14226,2025-08-09,12,3.0,6,155,121,Delayed,36,,111,39997.76,11662.68,28335.08,3.38
4228,FL14227,2026-06-14,9,1.0,5,95,287,On Time,0,,943,234448.39,25437.7,209010.7,5.0
4229,FL14228,2025-01-29,12,3.0,6,613,220,On Time,0,,115,69545.68,19692.89,49852.78,5.0
4230,FL14229,2026-06-30,14,4.0,1,51,260,Delayed,121,,387,99242.89,24446.1,74796.79,3.51
4231,FL14230,2025-12-02,6,3.0,5,140,178,On Time,0,,50,51048.93,15572.4,35476.53,3.57
4232,FL14231,2026-01-15,14,5.0,5,165,239,On Time,0,,368,96674.92,21925.73,74749.19,4.16
4233,FL14232,2024-02-29,3,5.0,3,464,149,On Time,0,,90,40399.62,12992.78,27406.84,4.73
4234,FL14233,2025-01-05,14,5.0,1,451,209,Delayed,127,,388,78194.05,23017.55,55176.5,2.21
4235,FL14234,2025-04-14,3,1.0,1,564,141,On Time,0,,118,25412.58,10775.11,14637.47,2.64
4236,FL14235,2026-07-19,13,5.0,6,97,180,On Time,0,,787,119890.94,19925.03,99965.9,3.26
4237,FL14236,2026-02-08,6,2.0,2,554,183,On Time,0,,50,32646.62,12285.09,20361.53,4.5
4238,FL14237,2025-07-12,15,3.0,4,257,289,On Time,0,,323,127238.02,27789.59,99448.43,4.53
4239,FL14238,2026-03-27,2,3.0,6,535,234,Cancelled,0,Crew,1335,0.0,33560.31,-33560.31,3.29
4240,FL14239,2024-07-28,7,2.0,3,373,238,On Time,0,,745,150161.41,21744.06,128417.35,4.72
4241,FL14240,2024-05-28,14,5.0,2,316,155,Delayed,164,,403,63099.41,20120.87,42978.53,3.18
4242,FL14241,2026-03-01,1,4.0,3,133,190,Delayed,58,,718,115406.15,19560.31,95845.84,3.12
4243,FL14242,2026-01-27,4,5.0,2,23,198,On Time,0,,689,119716.12,22320.84,97395.27,4.25
4244,FL14243,2025-04-06,2,5.0,2,168,270,Delayed,18,,1352,264778.6,39048.77,225729.83,4.41
4245,FL14244,2024-10-31,5,3.0,5,145,132,Cancelled,0,Weather,56,0.0,8733.37,-8733.37,3.27
4246,FL14245,2024-02-25,6,4.0,3,362,102,Delayed,223,,69,24962.92,11180.17,13782.75,3.24
4247,FL14246,2024-05-16,10,3.0,5,466,206,Delayed,120,,51,54260.29,20325.12,33935.17,3.56
4248,FL14247,2026-01-15,4,3.0,5,455,277,On Time,0,,727,174259.74,27056.42,147203.32,4.92
4249,FL14248,2025-08-12,3,4.0,4,540,258,Delayed,104,,89,68191.48,20327.54,47863.94,3.07
4250,FL14249,2026-02-21,3,4.0,4,310,276,On Time,0,,94,78615.32,23102.6,55512.72,3.71
4251,FL14250,2024-02-18,15,5.0,2,157,180,Delayed,184,,317,66849.78,15541.65,51308.14,2.99
4252,FL14251,2026-03-30,15,4.0,4,237,142,On Time,0,,317,62704.57,11721.26,50983.31,4.53
4253,FL14252,2025-06-13,4,4.0,5,221,241,On Time,0,,670,160288.45,26550.96,133737.5,3.49
4254,FL14253,2024-06-04,3,5.0,2,553,98,Delayed,156,,76,18441.35,9999.89,8441.46,3.72
4255,FL14254,2026-07-05,1,1.0,2,424,295,On Time,0,,741,161306.28,28483.92,132822.36,3.04
4256,FL14255,2024-11-18,15,4.0,5,542,254,On Time,0,,343,114997.4,20012.89,94984.51,3.83
4257,FL14256,2024-12-08,11,2.0,6,189,205,Delayed,101,,60,52963.94,23116.84,29847.09,3.26
4258,FL14257,2026-01-28,12,3.0,3,177,135,Delayed,156,,83,31046.16,9859.36,21186.8,4.46
4259,FL14258,2025-03-25,5,4.0,5,547,147,On Time,0,,91,55939.21,9448.45,46490.75,4.63
4260,FL14259,2025-12-30,10,2.0,2,466,319,Delayed,72,,50,38189.02,23772.18,14416.84,3.07
4261,FL14260,2025-07-03,1,5.0,4,28,93,Delayed,231,,669,59800.32,20136.92,39663.41,2.96
4262,FL14261,2026-04-28,11,3.0,6,406,92,Delayed,141,,76,30270.23,9918.18,20352.05,2.86
4263,FL14262,2024-09-03,9,2.0,3,17,169,On Time,0,,927,129956.99,19535.28,110421.71,3.27
4264,FL14263,2025-06-08,5,2.0,4,46,142,On Time,0,,50,30099.38,10914.15,19185.23,5.0
4265,FL14264,2024-07-06,11,3.0,1,56,245,Delayed,167,,50,38917.16,24099.55,14817.6,2.81
4266,FL14265,2024-10-24,10,5.0,4,41,99,Delayed,222,,69,22140.58,8579.36,13561.22,4.42
4267,FL14266,2026-08-08,7,1.0,4,302,270,On Time,0,,736,164371.84,27569.54,136802.29,4.06
4268,FL14267,2025-01-28,3,3.0,6,1,270,On Time,0,,77,99223.25,19153.96,80069.28,3.95
4269,FL14268,2025-11-03,1,5.0,2,359,142,On Time,0,,713,83891.69,15954.89,67936.79,4.06
4270,FL14269,2024-10-08,15,3.0,3,95,223,Delayed,67,,315,75857.98,19927.93,55930.05,4.09
4271,FL14270,2024-02-05,5,3.0,4,163,244,Delayed,28,,50,55331.17,23663.05,31668.12,2.74
4272,FL14271,2025-09-07,5,2.0,6,78,285,On Time,0,,50,84217.38,22905.51,61311.87,4.33
4273,FL14272,2024-07-27,11,1.0,2,163,258,On Time,0,,67,30514.83,15429.99,15084.84,3.97
4274,FL14273,2025-04-18,4,4.0,5,67,311,On Time,0,,680,215891.55,27563.97,188327.58,4.26
4275,FL14274,2026-01-02,6,5.0,6,348,116,Delayed,190,,73,40193.67,11702.6,28491.07,3.17
4276,FL14275,2025-06-27,11,3.0,4,263,230,On Time,0,,89,53856.49,17367.08,36489.42,3.77
4277,FL14276,2024-02-24,9,3.0,3,591,267,On Time,0,,933,200320.92,29408.57,170912.35,4.34
4278,FL14277,2025-10-06,10,1.0,2,470,143,On Time,0,,114,25220.11,8450.67,16769.44,3.1
4279,FL14278,2025-01-23,1,5.0,2,264,140,Delayed,42,,709,80651.02,21158.75,59492.27,4.21
4280,FL14279,2024-08-17,7,5.0,1,298,111,On Time,0,,734,56231.1,13273.55,42957.55,4.07
4281,FL14280,2025-10-19,8,5.0,1,13,316,On Time,0,,754,188682.2,27306.96,161375.24,3.64
4282,FL14281,2026-05-07,10,2.0,3,359,289,On Time,0,,54,48033.89,17480.11,30553.78,4.24
4283,FL14282,2024-08-05,3,4.0,1,361,117,Cancelled,0,Weather,91,0.0,7738.63,-7738.63,2.55
4284,FL14283,2024-02-14,3,3.0,1,219,146,On Time,0,,112,17798.01,13018.14,4779.87,4.05
4285,FL14284,2026-03-15,12,2.0,5,197,195,On Time,0,,84,49465.88,14698.02,34767.86,4.06
4286,FL14285,2024-08-22,11,2.0,1,428,295,On Time,0,,75,41246.5,24792.39,16454.11,4.82
4287,FL14286,2024-10-18,13,2.0,1,412,279,On Time,0,,794,163419.32,23519.29,139900.03,4.18
4288,FL14287,2024-04-29,5,3.0,4,216,292,Delayed,17,,86,72833.89,24129.94,48703.95,2.57
4289,FL14288,2024-03-14,15,1.0,6,497,280,Delayed,16,,353,125371.19,25679.96,99691.23,3.68
4290,FL14289,2025-01-28,5,4.0,5,202,234,On Time,0,,73,67368.28,17026.66,50341.62,4.47
4291,FL14290,2025-07-30,10,3.0,1,279,156,Delayed,109,,76,23048.17,12916.66,10131.52,2.25
4292,FL14291,2026-06-24,3,5.0,2,615,228,On Time,0,,119,53574.29,13522.3,40052.0,3.23
4293,FL14292,2025-03-26,14,2.0,5,451,203,Delayed,96,,402,98906.91,23550.67,75356.24,4.61
4294,FL14293,2026-03-03,5,1.0,5,286,308,On Time,0,,72,80024.95,24451.9,55573.05,3.78
4295,FL14294,2026-06-05,13,2.0,3,378,193,On Time,0,,801,117798.09,19300.89,98497.21,3.8
4296,FL14295,2025-04-17,5,5.0,6,291,263,Delayed,45,,99,68969.35,22957.49,46011.86,3.28
4297,FL14296,2025-06-14,12,2.0,6,114,129,Delayed,192,,99,44566.82,11342.99,33223.83,2.88
4298,FL14297,2025-01-20,7,4.0,5,48,247,Delayed,17,,752,178213.45,30125.18,148088.28,2.15
4299,FL14298,2026-01-03,1,5.0,5,537,194,On Time,0,,690,124425.25,24674.41,99750.84,3.27
4300,FL14299,2024-02-07,3,2.0,5,599,190,Delayed,72,,126,58540.75,14472.31,44068.44,2.88
4301,FL14300,2026-06-22,11,4.0,1,580,263,Delayed,216,,75,35426.72,27968.84,7457.88,2.97
4302,FL14301,2025-04-14,3,2.0,5,240,201,On Time,0,,89,65187.19,12796.9,52390.29,3.5
4303,FL14302,2024-04-30,5,2.0,6,271,103,On Time,0,,65,35649.61,7122.64,28526.96,3.03
4304,FL14303,2024-08-31,9,2.0,2,443,179,On Time,0,,941,114010.93,20918.96,93091.97,3.64
4305,FL14304,2025-06-09,4,4.0,1,234,311,On Time,0,,695,175287.29,30925.41,144361.87,4.72
4306,FL14305,2024-01-01,2,5.0,3,437,307,Delayed,122,,1370,312779.86,37411.92,275367.93,2.86
4307,FL14306,2026-01-15,10,2.0,2,318,231,On Time,0,,57,35516.84,14110.05,21406.78,3.88
4308,FL14307,2026-03-20,11,2.0,6,576,236,On Time,0,,50,70370.2,15777.68,54592.51,4.94
4309,FL14308,2025-07-12,11,5.0,3,562,150,On Time,0,,102,31786.67,10313.71,21472.97,3.55
4310,FL14309,2025-11-23,15,3.0,4,572,269,Delayed,60,,337,105278.21,24523.1,80755.1,5.0
4311,FL14310,2024-03-26,2,3.0,6,523,227,On Time,0,,1371,245660.51,24287.32,221373.19,4.58
4312,FL14311,2026-06-19,7,4.0,5,100,98,Delayed,133,,737,65559.75,16214.76,49344.99,3.35
4313,FL14312,2025-01-27,4,1.0,5,507,308,On Time,0,,713,194377.05,31315.51,163061.55,3.84
4314,FL14313,2025-03-24,14,5.0,6,71,286,On Time,0,,393,160983.65,29694.64,131289.02,4.87
4315,FL14314,2024-09-18,9,2.0,5,468,108,Delayed,74,,939,88906.32,16383.82,72522.5,2.85
4316,FL14315,2025-04-20,2,4.0,2,578,186,On Time,0,,1361,196016.01,21298.49,174717.51,3.72
4317,FL14316,2024-01-23,11,3.0,5,553,260,Delayed,230,,91,76384.79,23852.05,52532.74,4.34
4318,FL14317,2025-06-21,1,4.0,2,179,259,On Time,0,,707,152327.43,27527.6,124799.83,3.76
4319,FL14318,2024-09-25,5,4.0,2,466,128,On Time,0,,66,17746.41,10224.58,7521.83,3.7
4320,FL14319,2026-04-25,11,1.0,4,544,99,On Time,0,,58,23578.11,6124.25,17453.85,3.57
4321,FL14320,2024-06-28,8,1.0,2,27,316,Delayed,233,,774,195143.97,37062.61,158081.36,2.04
4322,FL14321,2024-07-16,12,5.0,1,265,295,On Time,0,,118,40377.03,21974.81,18402.22,4.66
4323,FL14322,2025-09-06,9,3.0,6,109,259,On Time,0,,927,217555.33,25232.87,192322.46,3.97
4324,FL14323,2024-03-06,13,2.0,4,227,241,On Time,0,,806,170436.45,25272.98,145163.47,4.7
4325,FL14324,2025-09-19,9,1.0,5,583,247,Cancelled,0,Technical,959,0.0,22132.3,-22132.3,2.89
4326,FL14325,2025-09-28,1,1.0,5,116,195,Delayed,117,,708,122017.72,22522.0,99495.73,3.03
4327,FL14326,2025-05-19,2,5.0,4,440,247,Delayed,47,,1362,260567.94,36956.2,223611.74,2.87
4328,FL14327,2025-05-02,12,5.0,4,633,159,On Time,0,,67,45081.35,12609.31,32472.04,4.44
4329,FL14328,2026-01-13,1,2.0,5,544,109,On Time,0,,717,71053.32,12962.44,58090.88,3.48
4330,FL14329,2025-07-21,6,2.0,2,42,161,Delayed,199,,50,24839.57,12583.95,12255.61,3.55
4331,FL14330,2026-02-05,1,3.0,5,612,157,Delayed,66,,707,108012.3,20800.83,87211.47,3.32
4332,FL14331,2026-04-30,5,1.0,5,341,159,Delayed,206,,67,30327.97,17550.84,12777.13,2.62
4333,FL14332,2024-09-26,9,3.0,2,648,198,Delayed,18,,961,141831.95,30632.39,111199.55,3.01
4334,FL14333,2026-05-18,3,4.0,1,468,120,Delayed,106,,78,25965.6,11634.9,14330.7,3.31
4335,FL14334,2025-06-28,7,5.0,6,490,183,On Time,0,,719,116731.57,22402.27,94329.29,3.8
4336,FL14335,2024-12-28,15,2.0,6,272,196,On Time,0,,343,99528.92,16569.21,82959.71,5.0
4337,FL14336,2026-03-03,2,1.0,6,102,133,Cancelled,0,Weather,1363,0.0,22480.21,-22480.21,3.15
4338,FL14337,2025-10-21,1,1.0,1,193,194,On Time,0,,663,93545.15,19726.58,73818.57,3.87
4339,FL14338,2025-11-13,5,2.0,6,327,245,On Time,0,,66,81834.19,21194.27,60639.92,3.76
4340,FL14339,2025-04-16,13,4.0,6,103,184,On Time,0,,829,146749.14,23834.28,122914.87,3.85
4341,FL14340,2024-02-19,7,1.0,5,12,90,On Time,0,,749,58731.16,12725.41,46005.75,3.6
4342,FL14341,2025-06-16,10,4.0,3,127,251,Delayed,239,,50,45831.88,19780.59,26051.3,2.76
4343,FL14342,2026-01-08,1,3.0,4,505,223,Delayed,239,,713,142371.84,23246.25,119125.59,3.69
4344,FL14343,2026-02-17,12,4.0,3,615,186,On Time,0,,116,48991.18,12902.1,36089.08,5.0
4345,FL14344,2024-03-12,2,3.0,1,536,95,On Time,0,,1331,87500.78,19504.56,67996.22,3.71
4346,FL14345,2024-09-24,11,1.0,4,269,110,On Time,0,,61,26875.95,7956.29,18919.66,4.28
4347,FL14346,2025-11-21,3,1.0,2,331,108,Delayed,76,,122,18457.6,13230.18,5227.43,2.87
4348,FL14347,2024-03-28,13,3.0,2,22,285,On Time,0,,762,177657.46,23172.59,154484.87,4.07
4349,FL14348,2026-04-20,5,3.0,1,339,161,On Time,0,,61,28566.83,14366.8,14200.03,3.15
4350,FL14349,2025-10-15,3,5.0,3,255,187,On Time,0,,92,43548.82,11033.24,32515.58,3.45
4351,FL14350,2026-01-22,6,5.0,1,246,250,On Time,0,,63,32747.23,15378.78,17368.45,3.42
4352,FL14351,2024-10-19,1,1.0,6,398,240,On Time,0,,731,169530.84,19614.46,149916.38,3.91
4353,FL14352,2025-08-04,3,2.0,6,273,104,Delayed,134,,121,31839.92,13776.3,18063.63,2.54
4354,FL14353,2024-10-12,9,2.0,5,402,303,On Time,0,,939,238293.22,30117.78,208175.44,2.54
4355,FL14354,2024-04-25,5,1.0,2,547,150,On Time,0,,50,32687.94,9698.86,22989.09,3.11
4356,FL14355,2024-04-29,6,1.0,1,62,266,On Time,0,,96,53418.08,16239.51,37178.57,3.89
4357,FL14356,2024-06-09,13,1.0,4,586,281,On Time,0,,808,176972.99,25037.04,151935.94,3.48
4358,FL14357,2026-06-30,2,3.0,5,170,213,On Time,0,,1366,234379.78,33838.02,200541.76,3.62
4359,FL14358,2024-03-30,6,1.0,1,471,127,Delayed,143,,84,22042.46,13889.41,8153.05,3.47
4360,FL14359,2026-03-10,3,1.0,6,478,215,On Time,0,,109,62729.69,15240.08,47489.62,3.47
4361,FL14360,2025-05-20,8,1.0,3,644,146,Delayed,185,,763,92489.33,21997.75,70491.58,3.25
4362,FL14361,2025-12-01,5,4.0,5,642,285,On Time,0,,55,74271.96,17224.87,57047.09,5.0
4363,FL14362,2025-09-29,1,4.0,1,135,263,Delayed,78,,704,157552.29,28753.85,128798.44,3.05
4364,FL14363,2025-06-04,2,5.0,3,334,279,On Time,0,,1327,297926.18,31898.37,266027.81,3.87
4365,FL14364,2026-06-02,13,1.0,3,591,280,On Time,0,,786,175072.47,28290.7,146781.77,4.25
4366,FL14365,2024-01-29,1,2.0,1,56,131,On Time,0,,688,63070.12,14544.44,48525.68,3.47
4367,FL14366,2025-05-07,12,3.0,5,423,96,On Time,0,,100,31318.0,6428.36,24889.64,3.62
4368,FL14367,2026-07-19,14,4.0,6,569,234,On Time,0,,369,125140.43,21461.45,103678.98,3.94
4369,FL14368,2025-08-04,7,1.0,4,299,231,Delayed,224,,747,162228.94,28233.01,133995.93,3.43
4370,FL14369,2024-07-06,5,2.0,3,285,289,On Time,0,,71,50208.66,21249.53,28959.13,3.4
4371,FL14370,2024-08-21,12,3.0,4,261,236,Cancelled,0,Technical,94,0.0,20138.69,-20138.69,3.36
4372,FL14371,2025-11-16,15,1.0,3,478,274,Delayed,176,,341,95458.43,30123.31,65335.12,4.31
4373,FL14372,2025-08-22,2,2.0,3,108,170,On Time,0,,1378,175407.82,27700.09,147707.74,2.76
4374,FL14373,2025-06-08,15,4.0,5,160,118,Delayed,139,,327,52238.7,12058.09,40180.61,3.55
4375,FL14374,2024-02-08,15,3.0,4,58,98,On Time,0,,333,46601.12,11100.36,35500.76,3.94
4376,FL14375,2024-09-26,3,3.0,2,567,190,On Time,0,,83,39868.42,15862.96,24005.46,3.81
4377,FL14376,2025-03-01,1,3.0,3,509,90,On Time,0,,690,53238.17,14644.33,38593.84,4.21
4378,FL14377,2025-03-13,11,5.0,6,174,209,Delayed,113,,98,67011.18,20206.41,46804.77,4.2
4379,FL14378,2025-07-24,2,3.0,4,394,182,On Time,0,,1362,189549.7,22434.17,167115.53,4.17
4380,FL14379,2025-07-06,10,3.0,1,452,149,On Time,0,,61,14444.76,11533.46,2911.3,4.62
4381,FL14380,2025-03-22,1,5.0,6,136,225,On Time,0,,702,174351.65,23921.82,150429.84,3.97
4382,FL14381,2025-11-03,11,1.0,5,261,246,On Time,0,,74,82841.78,22448.1,60393.67,4.24
4383,FL14382,2025-09-27,4,1.0,2,230,99,On Time,0,,684,55076.61,12914.2,42162.41,3.65
4384,FL14383,2025-12-14,2,3.0,6,238,199,On Time,0,,1357,226759.67,27995.23,198764.44,4.02
4385,FL14384,2024-10-26,1,2.0,6,431,306,Delayed,63,,722,238473.46,27347.3,211126.16,3.12
4386,FL14385,2024-02-03,3,2.0,6,125,158,On Time,0,,67,59639.69,14577.5,45062.18,4.07
4387,FL14386,2026-08-14,9,1.0,3,159,269,On Time,0,,949,199192.16,30509.11,168683.05,2.92
4388,FL14387,2026-04-14,2,5.0,6,546,167,Cancelled,0,Operational,1350,0.0,25255.89,-25255.89,2.28
4389,FL14388,2024-08-29,13,4.0,5,123,152,Delayed,197,,753,101442.72,22208.55,79234.17,4.07
4390,FL14389,2025-11-20,10,4.0,6,287,287,On Time,0,,59,97427.03,25962.55,71464.48,4.91
4391,FL14390,2024-10-31,5,1.0,4,486,171,On Time,0,,50,49470.23,10122.97,39347.26,2.87
4392,FL14391,2026-01-19,15,2.0,2,271,289,On Time,0,,305,110611.78,22785.94,87825.84,3.63
4393,FL14392,2024-06-07,10,4.0,2,301,240,Delayed,128,,113,47252.74,24256.34,22996.4,2.81
4394,FL14393,2024-11-28,11,3.0,6,73,276,On Time,0,,77,90564.47,17146.54,73417.93,4.16
4395,FL14394,2025-06-06,3,4.0,4,282,277,On Time,0,,108,63502.69,21459.06,42043.62,3.95
4396,FL14395,2025-10-26,11,4.0,6,93,300,On Time,0,,65,98096.95,22351.34,75745.61,4.44
4397,FL14396,2024-10-02,9,3.0,4,102,217,On Time,0,,921,165818.78,28393.31,137425.46,3.12
4398,FL14397,2025-08-09,15,4.0,4,241,309,On Time,0,,329,132060.82,29256.11,102804.71,4.23
4399,FL14398,2025-01-27,8,2.0,1,414,103,Delayed,205,,773,56986.26,17509.25,39477.01,3.08
4400,FL14399,2024-11-20,11,1.0,3,29,203,On Time,0,,50,46478.59,16473.17,30005.42,3.52
4401,FL14400,2026-03-04,6,5.0,4,74,181,On Time,0,,107,53360.49,13806.18,39554.31,4.29
4402,FL14401,2024-06-09,1,1.0,1,390,112,Delayed,83,,702,61121.23,19169.72,41951.52,3.14
4403,FL14402,2025-11-29,2,2.0,1,400,290,On Time,0,,1349,275933.86,32924.82,243009.04,3.93
4404,FL14403,2025-07-12,14,1.0,4,122,274,On Time,0,,394,130891.43,21297.22,109594.21,4.87
4405,FL14404,2025-10-09,12,2.0,2,39,262,On Time,0,,69,67107.82,20233.7,46874.12,4.05
4406,FL14405,2026-01-07,6,2.0,5,473,235,Delayed,112,,52,65740.09,14464.34,51275.75,4.56
4407,FL14406,2026-02-12,11,1.0,3,627,228,On Time,0,,97,52220.16,18593.96,33626.2,2.49
4408,FL14407,2024-11-26,1,3.0,3,421,177,Delayed,145,,693,116009.01,20879.74,95129.27,3.29
4409,FL14408,2025-01-24,1,5.0,1,157,247,On Time,0,,703,137319.68,28397.32,108922.36,3.28
4410,FL14409,2026-04-11,8,1.0,3,307,314,On Time,0,,783,182093.87,35353.9,146739.98,3.4
4411,FL14410,2025-05-16,10,5.0,4,568,147,On Time,0,,57,31943.59,11684.3,20259.3,3.57
4412,FL14411,2026-04-12,15,3.0,4,132,167,On Time,0,,321,72692.84,17437.77,55255.07,4.6
4413,FL14412,2026-08-01,12,3.0,2,47,115,On Time,0,,142,20719.43,10861.43,9858.0,3.74
4414,FL14413,2025-12-31,4,3.0,1,504,298,Delayed,110,,680,172217.9,33703.01,138514.89,2.56
4415,FL14414,2026-03-02,13,2.0,6,426,211,On Time,0,,775,174608.27,24054.03,150554.23,4.43
4416,FL14415,2024-05-02,8,1.0,6,645,226,On Time,0,,790,165961.16,24458.85,141502.31,3.23
4417,FL14416,2025-12-18,13,3.0,6,321,151,Delayed,145,,767,109680.72,24139.31,85541.41,4.39
4418,FL14417,2025-05-06,3,5.0,2,463,98,On Time,0,,117,17790.29,8366.8,9423.49,3.16
4419,FL14418,2025-05-23,1,3.0,4,296,275,On Time,0,,699,171287.3,26380.16,144907.14,3.81
4420,FL14419,2026-07-30,1,3.0,1,472,287,On Time,0,,706,168264.68,26942.02,141322.66,5.0
4421,FL14420,2024-09-05,15,4.0,6,439,168,On Time,0,,338,74384.23,13385.09,60999.15,3.79
4422,FL14421,2024-09-05,2,2.0,1,128,265,Cancelled,0,Technical,1359,0.0,35270.42,-35270.42,3.28
4423,FL14422,2024-07-03,15,1.0,3,545,221,Cancelled,0,Crew,350,0.0,22350.47,-22350.47,2.93
4424,FL14423,2024-02-04,11,3.0,6,262,237,On Time,0,,79,81640.03,13612.01,68028.02,4.0
4425,FL14424,2024-06-09,3,5.0,5,309,129,Delayed,142,,107,40564.17,12459.89,28104.28,2.77
4426,FL14425,2025-05-11,13,2.0,6,54,231,On Time,0,,763,174826.02,26852.19,147973.83,4.29
4427,FL14426,2024-12-16,3,5.0,3,177,127,Cancelled,0,Weather,89,0.0,8413.75,-8413.75,3.86
4428,FL14427,2024-09-12,3,5.0,1,54,140,Delayed,50,,94,21082.75,14760.73,6322.02,2.04
4429,FL14428,2026-08-12,9,2.0,1,610,172,On Time,0,,980,122883.67,21543.76,101339.91,3.4
4430,FL14429,2025-12-10,5,3.0,1,291,139,On Time,0,,50,18798.95,10577.61,8221.35,3.64
4431,FL14430,2024-07-01,5,4.0,1,91,299,Delayed,17,,54,22825.78,22181.75,644.02,2.72
4432,FL14431,2026-06-21,3,3.0,3,163,96,On Time,0,,118,21094.8,6505.79,14589.01,4.42
4433,FL14432,2025-09-03,10,4.0,1,430,297,On Time,0,,50,39168.38,22624.84,16543.54,3.61
4434,FL14433,2025-02-17,1,5.0,2,420,125,On Time,0,,690,70313.27,15193.72,55119.55,4.05
4435,FL14434,2024-12-16,4,4.0,3,397,290,On Time,0,,729,166572.85,31217.6,135355.26,4.97
4436,FL14435,2026-02-03,9,5.0,5,606,167,On Time,0,,953,140806.38,22689.55,118116.83,2.83
4437,FL14436,2025-02-17,8,5.0,5,629,301,On Time,0,,798,224485.24,31319.74,193165.5,4.21
4438,FL14437,2025-11-16,11,5.0,1,279,214,Delayed,20,,81,27840.62,16395.75,11444.87,3.22
4439,FL14438,2025-03-30,4,5.0,6,456,202,On Time,0,,698,139683.5,19952.0,119731.49,3.92
4440,FL14439,2025-10-04,10,2.0,4,83,120,On Time,0,,63,24669.11,7599.03,17070.07,3.41
4441,FL14440,2025-12-25,12,1.0,3,54,189,On Time,0,,114,44996.68,15798.87,29197.81,3.75
4442,FL14441,2024-01-31,6,1.0,3,135,218,On Time,0,,54,57056.52,15756.88,41299.65,3.99
4443,FL14442,2024-04-29,4,2.0,6,254,316,On Time,0,,730,237237.51,34312.83,202924.68,3.88
4444,FL14443,2025-11-25,9,4.0,3,298,150,On Time,0,,935,109541.97,19186.78,90355.19,4.45
4445,FL14444,2024-10-05,9,3.0,2,631,109,On Time,0,,966,85667.65,15261.48,70406.16,3.29
4446,FL14445,2026-01-15,2,3.0,3,301,148,On Time,0,,1376,147603.95,20896.15,126707.8,3.09
4447,FL14446,2024-12-27,9,1.0,1,306,145,On Time,0,,934,93625.36,20885.27,72740.09,2.7
4448,FL14447,2024-03-12,3,4.0,1,355,308,On Time,0,,106,34345.2,27012.35,7332.85,4.09
4449,FL14448,2025-02-22,9,2.0,2,64,124,Delayed,108,,948,84144.0,19177.92,64966.07,3.79
4450,FL14449,2026-05-19,14,4.0,2,587,318,On Time,0,,356,123203.14,29042.14,94161.0,3.24
4451,FL14450,2026-08-02,9,1.0,3,164,116,Delayed,107,,943,86099.7,19324.4,66775.29,2.48
4452,FL14451,2025-03-19,12,2.0,1,593,276,On Time,0,,71,37827.1,24733.94,13093.16,5.0
4453,FL14452,2025-09-18,5,1.0,4,487,185,On Time,0,,77,39986.12,14324.37,25661.74,4.83
4454,FL14453,2026-01-09,14,2.0,1,417,102,On Time,0,,389,30879.06,12089.32,18789.74,4.87
4455,FL14454,2025-01-28,13,5.0,2,577,231,On Time,0,,810,136602.91,24556.34,112046.57,4.23
4456,FL14455,2025-10-30,14,3.0,6,101,257,On Time,0,,378,141681.22,26398.93,115282.29,4.46
4457,FL14456,2026-04-16,12,3.0,1,471,282,Delayed,45,,70,62686.28,28297.13,34389.15,3.11
4458,FL14457,2026-02-04,10,2.0,2,109,131,Delayed,157,,50,31129.61,9011.12,22118.49,2.37
4459,FL14458,2025-06-17,8,2.0,4,649,231,On Time,0,,821,163790.1,23256.78,140533.31,3.11
4460,FL14459,2024-01-22,14,4.0,2,195,220,Cancelled,0,Technical,452,0.0,17864.77,-17864.77,3.0
4461,FL14460,2025-11-10,13,5.0,2,227,191,On Time,0,,833,114433.17,22541.72,91891.44,4.6
4462,FL14461,2025-09-08,7,4.0,1,472,295,On Time,0,,707,171163.39,30829.94,140333.45,3.89
4463,FL14462,2025-03-31,2,4.0,3,265,187,Delayed,129,,1338,187257.59,31674.49,155583.09,3.7
4464,FL14463,2024-10-31,1,3.0,5,547,177,On Time,0,,682,121588.75,18372.35,103216.4,3.94
4465,FL14464,2025-03-22,4,1.0,4,259,210,On Time,0,,711,147013.72,25362.91,121650.81,4.2
4466,FL14465,2024-12-25,1,4.0,6,426,303,On Time,0,,746,216679.54,31682.03,184997.51,4.5
4467,FL14466,2024-05-16,4,5.0,5,125,289,On Time,0,,713,215947.97,26727.17,189220.8,4.87
4468,FL14467,2024-05-09,2,3.0,5,550,252,On Time,0,,1370,262220.96,31261.63,230959.33,4.19
4469,FL14468,2024-11-11,15,1.0,3,17,108,On Time,0,,313,42083.26,10517.42,31565.84,5.0
4470,FL14469,2025-07-01,2,4.0,4,156,159,On Time,0,,1360,167900.94,22949.36,144951.59,3.85
4471,FL14470,2024-01-20,10,5.0,4,512,93,Delayed,56,,63,19335.37,9954.19,9381.17,4.16
4472,FL14471,2025-11-22,6,2.0,5,443,111,Delayed,154,,88,34582.93,14369.97,20212.96,3.68
4473,FL14472,2024-01-26,3,1.0,4,116,281,On Time,0,,86,89288.69,16779.14,72509.55,2.81
4474,FL14473,2024-08-21,11,4.0,3,178,277,On Time,0,,74,79746.48,20114.91,59631.57,4.92
4475,FL14474,2026-05-26,15,2.0,1,188,113,On Time,0,,337,35978.65,10826.93,25151.72,3.4
4476,FL14475,2024-05-29,12,4.0,6,426,195,On Time,0,,98,52195.9,12986.11,39209.78,3.84
4477,FL14476,2024-08-20,15,4.0,3,222,154,On Time,0,,324,60166.97,16655.41,43511.56,4.57
4478,FL14477,2026-06-30,9,2.0,5,19,106,On Time,0,,948,89805.17,14889.57,74915.6,3.52
4479,FL14478,2024-03-09,11,1.0,5,253,177,Delayed,163,,65,48244.62,13976.01,34268.61,3.25
4480,FL14479,2024-08-19,3,3.0,1,397,113,On Time,0,,81,18837.57,10146.87,8690.7,4.43
4481,FL14480,2025-06-15,13,3.0,4,256,259,On Time,0,,810,174975.24,21274.85,153700.39,3.47
4482,FL14481,2024-11-10,12,5.0,3,579,312,On Time,0,,128,70042.64,21799.29,48243.36,3.85
4483,FL14482,2025-07-17,4,2.0,2,426,187,Delayed,190,,699,111846.95,21451.05,90395.9,3.07
4484,FL14483,2026-04-24,6,2.0,2,171,145,On Time,0,,70,32931.8,10182.17,22749.63,4.63
4485,FL14484,2025-03-13,10,5.0,4,423,204,Delayed,46,,76,40366.54,17841.15,22525.38,4.32
4486,FL14485,2025-02-04,1,4.0,1,562,312,Delayed,119,,707,160564.16,35101.45,125462.71,2.58
4487,FL14486,2024-10-22,13,4.0,4,628,126,On Time,0,,816,80249.92,18722.74,61527.18,4.05
4488,FL14487,2024-11-13,5,5.0,6,36,246,On Time,0,,69,93514.77,21425.67,72089.1,3.66
4489,FL14488,2025-07-06,2,4.0,1,178,111,On Time,0,,1378,107722.98,19638.9,88084.08,4.02
4490,FL14489,2024-03-07,5,5.0,1,427,159,On Time,0,,101,11251.62,12375.21,-1123.59,5.0
4491,FL14490,2024-05-19,13,4.0,1,12,191,On Time,0,,818,111781.09,20588.4,91192.68,4.25
4492,FL14491,2026-01-25,5,3.0,5,273,178,On Time,0,,63,48216.45,12209.33,36007.12,3.63
4493,FL14492,2025-02-26,9,1.0,6,386,131,Delayed,154,,967,108702.77,20995.51,87707.26,2.41
4494,FL14493,2025-12-05,13,4.0,6,19,268,On Time,0,,771,214070.28,29019.69,185050.59,4.65
4495,FL14494,2026-03-28,1,4.0,1,77,244,On Time,0,,699,138590.42,22495.45,116094.97,3.7
4496,FL14495,2024-09-18,12,5.0,3,418,190,On Time,0,,113,45335.1,17006.3,28328.8,3.5
4497,FL14496,2024-12-27,5,4.0,1,307,186,On Time,0,,97,22011.64,11712.99,10298.65,4.2
4498,FL14497,2025-08-06,11,3.0,3,104,107,Delayed,127,,51,20184.09,9931.96,10252.12,3.68
4499,FL14498,2025-10-27,3,3.0,2,14,241,On Time,0,,96,47166.7,21467.41,25699.29,3.76
4500,FL14499,2024-02-25,3,1.0,4,323,142,On Time,0,,96,35240.88,12952.8,22288.09,3.39
4501,FL14500,2025-06-25,12,1.0,6,600,159,On Time,0,,94,53101.43,11770.15,41331.28,4.89
4502,FL14501,2024-08-10,13,1.0,5,161,287,On Time,0,,768,214398.42,30139.89,184258.53,4.44
4503,FL14502,2025-03-11,15,5.0,1,273,237,Delayed,128,,342,59327.38,23481.05,35846.33,3.94
4504,FL14503,2026-02-15,11,4.0,2,81,250,On Time,0,,50,37315.89,16314.28,21001.61,3.77
4505,FL14504,2024-05-29,7,2.0,2,247,150,Delayed,108,,761,88135.61,23915.08,64220.53,2.76
4506,FL14505,2026-06-26,3,3.0,2,73,205,On Time,0,,123,51037.22,17208.76,33828.46,3.65
4507,FL14506,2024-11-22,5,3.0,3,150,93,Delayed,154,,54,22355.96,9814.26,12541.7,2.31
4508,FL14507,2026-01-08,10,2.0,4,410,146,On Time,0,,50,35364.79,13195.8,22168.98,3.78
4509,FL14508,2024-06-23,6,3.0,5,308,274,On Time,0,,70,81537.14,24717.82,56819.32,3.56
4510,FL14509,2025-11-21,8,2.0,6,129,199,On Time,0,,770,149538.03,22087.04,127450.98,3.95
4511,FL14510,2026-03-15,3,4.0,5,91,236,Delayed,219,,92,79503.17,18046.76,61456.4,3.33
4512,FL14511,2025-10-01,7,4.0,2,201,271,On Time,0,,740,163665.4,29428.58,134236.82,4.06
4513,FL14512,2026-06-11,4,1.0,2,537,305,On Time,0,,677,185213.69,29874.87,155338.82,3.62
4514,FL14513,2024-03-11,2,3.0,3,132,108,Delayed,207,,1399,103956.82,25955.02,78001.8,2.53
4515,FL14514,2026-05-27,2,5.0,5,212,223,On Time,0,,1353,234547.68,31878.39,202669.29,3.06
4516,FL14515,2025-06-15,8,5.0,6,83,318,On Time,0,,799,243145.98,32503.81,210642.17,4.13
4517,FL14516,2024-08-27,6,4.0,3,401,135,Delayed,104,,53,31154.34,12976.62,18177.72,3.39
4518,FL14517,2025-10-07,2,4.0,2,2,287,On Time,0,,1367,303936.4,30427.06,273509.34,3.1
4519,FL14518,2025-04-12,8,1.0,1,130,223,Cancelled,0,Crew,790,0.0,25405.7,-25405.7,3.93
4520,FL14519,2026-01-01,3,5.0,1,313,163,Delayed,233,,99,25756.83,15896.95,9859.88,3.84
4521,FL14520,2025-11-30,1,4.0,4,434,270,Cancelled,0,Technical,698,0.0,25749.74,-25749.74,2.34
4522,FL14521,2025-11-12,2,5.0,4,500,290,Delayed,145,,1356,305464.06,33171.34,272292.72,3.47
4523,FL14522,2026-03-16,7,5.0,4,484,122,On Time,0,,730,87768.52,16097.43,71671.09,3.91
4524,FL14523,2024-11-11,15,2.0,1,46,246,On Time,0,,318,82328.73,20657.98,61670.76,4.17
4525,FL14524,2024-08-08,4,1.0,3,381,305,On Time,0,,702,165114.65,25967.32,139147.32,4.11
4526,FL14525,2025-07-09,5,4.0,2,112,243,Delayed,15,,103,55764.02,23038.9,32725.13,3.74
4527,FL14526,2024-08-10,4,3.0,3,386,215,On Time,0,,702,139794.12,18771.17,121022.95,4.96
4528,FL14527,2026-02-12,6,1.0,4,578,122,Delayed,16,,83,31440.33,14610.57,16829.76,3.49
4529,FL14528,2026-05-24,11,2.0,2,17,193,On Time,0,,88,23001.4,16691.11,6310.29,4.35
4530,FL14529,2025-04-19,5,5.0,4,594,298,On Time,0,,57,71667.01,24999.34,46667.67,4.95
4531,FL14530,2026-01-26,10,2.0,2,603,273,On Time,0,,50,51530.25,18265.18,33265.07,3.65
4532,FL14531,2025-01-29,14,2.0,4,625,193,Delayed,134,,392,92761.45,19767.04,72994.41,2.69
4533,FL14532,2026-04-21,15,4.0,3,22,161,On Time,0,,349,50237.53,14008.45,36229.07,4.44
4534,FL14533,2024-03-27,9,4.0,3,409,274,On Time,0,,985,198466.79,28999.92,169466.87,3.21
4535,FL14534,2026-08-01,11,2.0,1,171,312,On Time,0,,50,55919.94,25299.86,30620.08,3.48
4536,FL14535,2025-06-08,14,5.0,4,11,158,On Time,0,,414,78733.26,17176.33,61556.93,4.98
4537,FL14536,2026-07-06,12,3.0,6,41,276,Delayed,84,,102,96391.19,26311.91,70079.28,2.18
4538,FL14537,2025-11-09,5,1.0,4,84,160,On Time,0,,59,45759.67,10485.05,35274.62,4.2
4539,FL14538,2025-11-29,2,2.0,5,269,280,On Time,0,,1345,306861.76,33350.79,273510.96,3.06
4540,FL14539,2024-12-05,2,5.0,5,143,311,On Time,0,,1354,346363.18,35372.39,310990.79,4.27
4541,FL14540,2025-09-29,14,1.0,1,52,242,On Time,0,,403,83690.69,21671.09,62019.6,5.0
4542,FL14541,2025-12-22,9,1.0,5,230,204,On Time,0,,970,170961.83,24213.32,146748.51,3.34
4543,FL14542,2025-12-05,5,4.0,2,314,162,On Time,0,,50,21552.12,13768.97,7783.15,2.63
4544,FL14543,2026-08-09,6,3.0,4,228,103,On Time,0,,81,28198.8,9481.26,18717.55,4.23
4545,FL14544,2024-02-23,5,2.0,6,407,102,On Time,0,,55,27740.7,7044.94,20695.76,3.59
4546,FL14545,2024-07-17,13,3.0,6,116,282,On Time,0,,783,222141.43,30516.9,191624.53,3.88
4547,FL14546,2025-02-16,10,1.0,3,212,242,Delayed,26,,69,46460.51,22084.61,24375.91,3.54
4548,FL14547,2025-08-18,14,2.0,6,115,142,On Time,0,,430,75075.34,13898.07,61177.28,4.37
4549,FL14548,2025-07-18,5,2.0,4,147,216,On Time,0,,52,45889.66,16286.55,29603.11,4.37
4550,FL14549,2024-11-17,8,3.0,1,621,292,On Time,0,,779,164213.12,27075.69,137137.43,3.98
4551,FL14550,2024-05-08,2,4.0,2,419,238,Delayed,121,,1334,235115.2,31103.19,204012.0,3.58
4552,FL14551,2024-08-20,15,5.0,6,59,300,On Time,0,,341,151620.48,19754.91,131865.57,3.88
4553,FL14552,2026-01-17,8,1.0,6,110,117,Delayed,80,,767,92814.07,18336.3,74477.78,3.09
4554,FL14553,2025-06-19,9,2.0,6,13,106,Delayed,168,,977,86495.73,14770.13,71725.59,3.29
4555,FL14554,2024-01-14,7,2.0,3,553,243,Cancelled,0,Operational,745,0.0,24338.01,-24338.01,3.38
4556,FL14555,2025-01-02,5,3.0,2,17,223,Delayed,88,,61,31591.13,21051.38,10539.75,2.88
4557,FL14556,2025-01-15,15,3.0,5,51,248,On Time,0,,326,100862.52,22912.69,77949.83,4.14
4558,FL14557,2025-08-16,8,5.0,1,363,315,Delayed,115,,788,199974.29,28239.11,171735.18,3.0
4559,FL14558,2026-02-17,11,5.0,6,302,115,Delayed,81,,80,41711.34,14052.53,27658.81,2.82
4560,FL14559,2025-09-27,1,4.0,4,145,304,On Time,0,,680,183203.6,24871.78,158331.81,4.68
4561,FL14560,2026-08-07,5,1.0,4,303,103,On Time,0,,63,31483.06,8863.39,22619.67,4.24
4562,FL14561,2025-01-30,13,1.0,3,313,210,Delayed,142,,793,147486.67,22430.88,125055.78,3.55
4563,FL14562,2026-02-24,2,5.0,6,89,281,On Time,0,,1370,297287.86,30511.75,266776.1,3.39
4564,FL14563,2024-01-14,2,5.0,5,303,246,Delayed,95,,1392,256809.7,38320.05,218489.65,3.14
4565,FL14564,2024-10-20,13,2.0,1,526,141,On Time,0,,764,74649.05,15121.83,59527.22,4.39
4566,FL14565,2026-05-24,5,1.0,4,588,228,Delayed,212,,86,55351.48,19061.28,36290.2,3.54
4567,FL14566,2024-02-22,5,4.0,6,402,297,On Time,0,,74,93973.6,18928.96,75044.64,5.0
4568,FL14567,2026-07-10,9,3.0,1,106,136,Delayed,134,,935,92723.97,18282.81,74441.15,3.44
4569,FL14568,2025-05-08,3,5.0,5,514,305,On Time,0,,112,69613.06,26312.23,43300.83,3.57
4570,FL14569,2024-09-20,1,3.0,2,203,240,Delayed,108,,696,124217.19,21212.05,103005.15,3.02
4571,FL14570,2024-01-23,1,4.0,4,103,109,On Time,0,,667,70482.72,11333.56,59149.16,3.44
4572,FL14571,2026-04-04,2,4.0,6,442,166,On Time,0,,1297,188705.11,25733.69,162971.42,3.58
4573,FL14572,2024-06-15,3,1.0,3,119,288,On Time,0,,72,45642.7,19576.08,26066.62,4.06
4574,FL14573,2026-05-24,11,1.0,1,344,167,On Time,0,,56,16025.38,10060.86,5964.52,3.7
4575,FL14574,2026-08-08,5,4.0,1,329,307,Cancelled,0,Weather,70,0.0,17541.61,-17541.61,3.87
4576,FL14575,2024-07-30,2,1.0,5,380,186,On Time,0,,1378,192909.46,28409.44,164500.02,4.57
4577,FL14576,2025-11-01,1,2.0,6,230,168,On Time,0,,698,118777.77,19075.68,99702.09,4.56
4578,FL14577,2025-04-09,8,4.0,2,303,286,Delayed,126,,752,162681.37,30437.23,132244.14,3.14
4579,FL14578,2025-07-04,13,2.0,6,81,270,On Time,0,,785,213732.5,29424.35,184308.16,4.59
4580,FL14579,2024-03-17,6,1.0,3,534,144,On Time,0,,66,20578.41,11025.48,9552.93,4.67
4581,FL14580,2025-02-28,1,1.0,1,436,269,On Time,0,,738,140382.74,28657.93,111724.81,5.0
4582,FL14581,2025-03-01,4,3.0,4,79,147,On Time,0,,706,97815.38,19066.05,78749.33,3.65
4583,FL14582,2025-06-18,8,4.0,6,534,295,Delayed,227,,747,229023.55,30736.16,198287.39,3.31
4584,FL14583,2024-10-20,3,4.0,2,620,91,On Time,0,,90,16191.73,8308.78,7882.94,3.51
4585,FL14584,2025-02-21,15,5.0,6,502,242,On Time,0,,346,110000.16,15756.77,94243.39,5.0
4586,FL14585,2024-06-05,12,4.0,4,119,125,On Time,0,,97,32002.95,9752.69,22250.26,3.87
4587,FL14586,2024-11-11,6,4.0,3,441,245,Delayed,127,,50,41251.31,20740.74,20510.58,4.13
4588,FL14587,2025-06-16,15,2.0,5,122,315,On Time,0,,348,138757.42,23039.46,115717.96,4.1
4589,FL14588,2025-08-18,5,2.0,3,516,243,Delayed,17,,74,50519.54,15778.41,34741.13,3.87
4590,FL14589,2024-05-03,3,2.0,1,151,189,On Time,0,,93,27319.34,12105.07,15214.27,3.99
4591,FL14590,2025-08-10,15,1.0,6,598,279,On Time,0,,316,143409.39,21279.24,122130.15,4.6
4592,FL14591,2024-12-04,15,5.0,3,482,134,Delayed,81,,352,45095.43,17624.67,27470.76,3.48
4593,FL14592,2024-08-20,5,2.0,4,536,214,On Time,0,,50,39835.34,12444.68,27390.66,5.0
4594,FL14593,2026-04-07,9,3.0,5,390,312,On Time,0,,914,250493.51,34189.71,216303.81,4.2
4595,FL14594,2026-01-16,3,2.0,1,70,171,On Time,0,,82,27961.05,10500.24,17460.81,3.53
4596,FL14595,2025-10-13,10,1.0,5,67,96,Delayed,72,,67,26266.99,11759.51,14507.49,3.64
4597,FL14596,2025-02-06,11,5.0,3,527,191,On Time,0,,50,39252.28,12634.18,26618.1,4.01
4598,FL14597,2026-02-10,11,2.0,4,568,201,On Time,0,,56,41481.83,12576.22,28905.6,3.36
4599,FL14598,2025-02-02,9,1.0,3,248,276,On Time,0,,938,197853.66,28070.92,169782.74,4.25
4600,FL14599,2024-08-11,11,2.0,5,643,275,Delayed,130,,73,72519.67,19981.11,52538.56,2.9
4601,FL14600,2025-04-03,9,1.0,2,187,168,On Time,0,,940,116994.88,22026.48,94968.4,3.85
4602,FL14601,2025-06-22,13,5.0,1,324,267,On Time,0,,787,167124.11,26496.6,140627.51,4.03
4603,FL14602,2025-08-18,3,1.0,3,283,122,On Time,0,,82,29086.27,11277.52,17808.75,2.68
4604,FL14603,2024-10-07,8,2.0,1,15,133,On Time,0,,802,74660.92,16932.8,57728.12,3.72
4605,FL14604,2025-06-10,7,2.0,2,178,228,On Time,0,,751,142973.2,23017.16,119956.04,4.6
4606,FL14605,2025-03-09,9,1.0,4,333,252,Delayed,154,,958,202071.18,30947.25,171123.93,3.18
4607,FL14606,2024-08-17,3,1.0,5,15,275,Delayed,22,,81,69206.77,20961.99,48244.78,2.06
4608,FL14607,2025-08-06,5,3.0,5,377,233,On Time,0,,56,38990.56,17869.02,21121.54,3.95
4609,FL14608,2024-10-21,15,2.0,2,333,119,On Time,0,,341,34817.23,11834.49,22982.74,4.31
4610,FL14609,2024-12-30,2,1.0,5,128,245,On Time,0,,1354,269701.56,32929.71,236771.86,3.81
4611,FL14610,2026-07-13,10,2.0,3,346,188,On Time,0,,50,44847.77,15926.5,28921.27,3.83
4612,FL14611,2025-05-21,10,2.0,2,23,151,On Time,0,,67,17250.53,10711.9,6538.63,3.71
4613,FL14612,2025-06-09,8,3.0,5,422,167,On Time,0,,754,124089.78,16602.95,107486.83,4.4
4614,FL14613,2025-07-17,1,5.0,4,317,276,Delayed,16,,699,181953.25,31959.11,149994.14,2.77
4615,FL14614,2024-05-09,1,2.0,3,239,130,On Time,0,,721,84675.69,18546.69,66129.0,4.36
4616,FL14615,2024-05-03,5,4.0,4,568,218,On Time,0,,69,60835.91,18355.21,42480.7,3.83
4617,FL14616,2025-02-14,2,4.0,5,542,109,Cancelled,0,Technical,1345,0.0,21480.83,-21480.83,3.81
4618,FL14617,2024-01-21,2,1.0,2,162,256,On Time,0,,1375,253975.76,35192.99,218782.77,3.68
4619,FL14618,2024-10-10,3,3.0,1,353,124,On Time,0,,84,21712.06,11749.92,9962.14,3.28
4620,FL14619,2024-03-26,3,3.0,4,240,306,On Time,0,,113,77225.23,18752.36,58472.87,4.4
4621,FL14620,2025-08-26,13,3.0,1,565,292,Cancelled,0,Weather,803,0.0,29575.16,-29575.16,3.32
4622,FL14621,2026-04-25,10,1.0,4,588,286,On Time,0,,54,55974.71,19122.87,36851.84,4.27
4623,FL14622,2024-01-31,1,3.0,3,542,170,On Time,0,,688,101604.12,21709.04,79895.08,4.55
4624,FL14623,2026-08-02,10,1.0,2,397,269,On Time,0,,50,51445.15,18208.41,33236.75,3.35
4625,FL14624,2025-04-06,3,5.0,4,639,120,On Time,0,,148,37615.5,10327.09,27288.41,3.49
4626,FL14625,2024-05-20,7,3.0,3,371,156,On Time,0,,692,94695.46,15188.8,79506.65,4.86
4627,FL14626,2024-10-28,1,1.0,3,414,120,On Time,0,,668,76362.64,13917.66,62444.98,4.28
4628,FL14627,2024-12-04,2,3.0,2,214,102,Delayed,178,,1388,98746.07,25127.81,73618.26,3.0
4629,FL14628,2024-12-01,2,5.0,5,468,174,Delayed,167,,1384,193931.19,23894.19,170037.0,2.15
4630,FL14629,2024-11-15,7,4.0,6,626,222,On Time,0,,745,155555.99,25163.36,130392.63,3.19
4631,FL14630,2026-07-09,7,2.0,4,360,288,On Time,0,,698,197037.79,22782.37,174255.42,3.38
4632,FL14631,2025-07-23,6,5.0,2,454,97,On Time,0,,82,16990.83,5896.24,11094.59,3.64
4633,FL14632,2024-06-18,10,1.0,6,182,183,On Time,0,,50,49569.48,15889.03,33680.45,4.2
4634,FL14633,2024-10-21,11,2.0,1,67,254,On Time,0,,64,34400.38,17758.2,16642.18,3.11
4635,FL14634,2024-11-29,11,1.0,2,244,136,On Time,0,,75,30200.15,10596.47,19603.67,3.66
4636,FL14635,2026-07-04,9,5.0,1,31,259,Delayed,39,,955,167204.66,24827.3,142377.36,2.48
4637,FL14636,2026-04-14,9,4.0,6,650,221,On Time,0,,932,177750.05,26087.48,151662.58,3.73
4638,FL14637,2024-06-24,8,3.0,1,401,219,On Time,0,,806,130076.36,24419.35,105657.01,5.0
4639,FL14638,2025-11-05,4,4.0,4,483,118,Delayed,171,,711,67705.69,16059.36,51646.33,4.07
4640,FL14639,2025-04-05,8,2.0,2,175,128,Delayed,69,,761,85723.83,20861.07,64862.76,3.67
4641,FL14640,2024-07-31,1,1.0,2,391,291,Delayed,41,,694,180815.94,27926.76,152889.18,2.96
4642,FL14641,2024-07-30,15,5.0,4,71,291,Delayed,23,,317,129593.89,26057.07,103536.82,2.6
4643,FL14642,2025-09-19,6,5.0,5,601,194,On Time,0,,70,54922.73,13920.63,41002.1,3.94
4644,FL14643,2025-01-19,12,1.0,1,476,227,On Time,0,,109,49358.46,17193.58,32164.88,2.99
4645,FL14644,2024-01-13,15,1.0,1,191,214,On Time,0,,295,75133.4,19602.13,55531.28,4.42
4646,FL14645,2024-07-11,8,3.0,2,563,208,Delayed,180,,741,124041.81,23082.98,100958.83,3.17
4647,FL14646,2024-01-02,13,1.0,6,354,253,On Time,0,,776,205653.39,27649.49,178003.9,3.98
4648,FL14647,2024-03-25,8,4.0,1,293,220,Delayed,63,,808,120580.11,20634.98,99945.14,2.22
4649,FL14648,2024-06-19,2,5.0,2,337,118,On Time,0,,1371,114236.25,20445.33,93790.92,4.03
4650,FL14649,2026-05-13,1,2.0,3,197,109,Delayed,105,,735,58833.16,13067.9,45765.26,3.14
4651,FL14650,2024-11-20,3,2.0,2,264,285,On Time,0,,93,56795.46,20703.87,36091.59,3.38
4652,FL14651,2025-07-12,15,5.0,1,89,260,Cancelled,0,Technical,315,0.0,22574.98,-22574.98,3.15
4653,FL14652,2026-05-27,8,2.0,4,57,135,On Time,0,,747,90338.36,17868.97,72469.38,3.74
4654,FL14653,2025-10-05,5,2.0,4,441,103,On Time,0,,50,24720.22,8902.77,15817.45,4.19
4655,FL14654,2026-06-29,7,1.0,2,410,140,Delayed,197,,726,79585.23,19683.82,59901.4,3.7
4656,FL14655,2025-01-22,4,5.0,5,10,223,On Time,0,,647,149177.77,24551.31,124626.46,3.29
4657,FL14656,2024-02-01,14,5.0,1,243,224,On Time,0,,375,86391.18,23739.99,62651.19,4.07
4658,FL14657,2024-05-30,15,1.0,5,444,128,Delayed,222,,315,52074.9,17204.58,34870.32,3.36
4659,FL14658,2026-06-16,2,5.0,2,93,130,Delayed,98,,1366,130674.5,22462.02,108212.48,4.11
4660,FL14659,2026-07-17,11,1.0,2,622,137,On Time,0,,66,25116.69,8151.22,16965.47,4.55
4661,FL14660,2025-08-07,6,1.0,2,211,191,On Time,0,,77,36594.54,15706.96,20887.58,3.77
4662,FL14661,2024-11-20,1,2.0,6,254,143,On Time,0,,671,101022.38,15426.58,85595.8,3.72
4663,FL14662,2024-05-28,14,3.0,4,395,194,On Time,0,,369,81604.35,19391.14,62213.22,4.1
4664,FL14663,2025-12-09,1,5.0,5,473,93,On Time,0,,722,63992.86,12348.61,51644.25,3.27
4665,FL14664,2024-12-23,4,4.0,2,224,305,On Time,0,,690,177101.11,30472.46,146628.65,3.37
4666,FL14665,2026-05-15,1,1.0,1,37,295,On Time,0,,720,148830.03,22697.22,126132.81,3.7
4667,FL14666,2025-10-24,8,3.0,1,338,167,On Time,0,,778,89036.38,22807.67,66228.71,2.45
4668,FL14667,2025-06-20,9,5.0,3,222,274,Delayed,81,,949,206660.6,32884.28,173776.32,2.66
4669,FL14668,2026-03-14,5,4.0,2,155,213,On Time,0,,77,43071.84,13369.31,29702.54,3.78
4670,FL14669,2025-01-27,2,2.0,5,297,97,On Time,0,,1355,108172.28,17885.44,90286.84,5.0
4671,FL14670,2025-08-31,2,1.0,5,103,155,Delayed,69,,1353,173928.03,28349.09,145578.94,2.88
4672,FL14671,2024-09-02,15,3.0,2,420,103,Delayed,214,,318,36255.86,13211.86,23044.01,3.73
4673,FL14672,2026-08-04,13,3.0,3,438,252,On Time,0,,791,163368.46,24479.55,138888.91,3.87
4674,FL14673,2024-02-18,15,2.0,3,195,270,Cancelled,0,Technical,343,0.0,22415.2,-22415.2,3.29
4675,FL14674,2024-08-17,8,1.0,5,270,231,On Time,0,,772,156268.92,23520.31,132748.61,3.3
4676,FL14675,2024-03-10,9,1.0,4,421,91,On Time,0,,968,69374.52,14461.92,54912.6,3.0
4677,FL14676,2026-06-28,12,3.0,4,557,144,On Time,0,,131,37772.84,8783.53,28989.31,4.9
4678,FL14677,2025-10-04,10,5.0,1,471,197,On Time,0,,50,25219.47,17799.69,7419.78,3.14
4679,FL14678,2024-09-04,7,3.0,3,580,123,Delayed,177,,762,77117.35,20524.09,56593.26,4.26
4680,FL14679,2026-05-31,5,3.0,6,101,114,On Time,0,,66,30515.6,10084.53,20431.07,3.76
4681,FL14680,2025-11-30,8,5.0,3,199,160,Delayed,59,,788,97551.77,20794.04,76757.73,2.76
4682,FL14681,2025-12-27,1,4.0,2,548,226,On Time,0,,701,134395.6,21342.71,113052.88,3.66
4683,FL14682,2025-05-23,3,4.0,2,132,110,On Time,0,,121,18150.87,7744.57,10406.3,5.0
4684,FL14683,2024-10-22,12,3.0,1,446,319,On Time,0,,103,43227.25,21284.15,21943.1,3.55
4685,FL14684,2026-06-10,14,4.0,5,48,195,On Time,0,,385,94394.87,15338.7,79056.17,3.75
4686,FL14685,2024-04-18,2,3.0,1,644,129,Delayed,121,,1358,117055.69,22992.7,94062.99,3.93
4687,FL14686,2024-08-12,2,4.0,4,197,94,Delayed,174,,1342,101869.83,24404.22,77465.61,3.61
4688,FL14687,2024-07-13,2,4.0,3,506,310,Delayed,179,,1355,299463.39,39227.08,260236.31,4.65
4689,FL14688,2025-12-31,12,4.0,1,517,226,Delayed,22,,121,35985.6,19223.96,16761.64,4.06
4690,FL14689,2026-04-01,5,5.0,6,495,289,On Time,0,,88,83694.26,21344.41,62349.86,3.55
4691,FL14690,2026-03-17,5,2.0,5,174,268,On Time,0,,54,76719.44,16333.32,60386.12,4.85
4692,FL14691,2024-08-27,1,4.0,5,13,316,On Time,0,,681,207015.94,28477.79,178538.15,2.75
4693,FL14692,2025-05-29,15,1.0,6,647,294,Delayed,57,,351,140582.62,26133.96,114448.66,3.8
4694,FL14693,2025-06-04,7,3.0,6,275,266,On Time,0,,746,205217.63,30431.34,174786.28,3.57
4695,FL14694,2026-07-13,12,5.0,5,449,285,On Time,0,,57,78407.6,23414.4,54993.2,4.39
4696,FL14695,2026-08-10,11,4.0,4,201,287,On Time,0,,124,63555.59,17763.05,45792.53,5.0
4697,FL14696,2024-10-31,3,2.0,5,643,148,On Time,0,,97,42641.53,12343.72,30297.82,2.91
4698,FL14697,2026-08-15,13,4.0,3,503,226,On Time,0,,827,160254.49,25164.29,135090.21,4.6
4699,FL14698,2026-05-03,9,2.0,2,428,316,On Time,0,,949,225342.45,27645.94,197696.51,4.55
4700,FL14699,2024-07-25,10,3.0,3,428,289,On Time,0,,50,72408.11,16988.48,55419.63,4.43
4701,FL14700,2025-12-04,4,2.0,3,45,114,On Time,0,,699,67409.12,13914.1,53495.02,3.36
4702,FL14701,2026-07-07,13,4.0,1,333,115,Delayed,177,,763,72350.79,22044.04,50306.75,3.24
4703,FL14702,2024-08-31,14,1.0,6,178,136,Delayed,157,,389,72081.18,18828.72,53252.47,2.67
4704,FL14703,2024-10-22,7,3.0,6,236,260,On Time,0,,716,194521.55,26123.77,168397.79,4.28
4705,FL14704,2026-04-25,2,5.0,3,355,180,Delayed,31,,1362,172754.66,25336.19,147418.47,2.45
4706,FL14705,2026-03-08,13,4.0,3,66,234,Delayed,32,,798,140880.83,23279.33,117601.5,3.02
4707,FL14706,2026-02-19,14,3.0,6,506,122,On Time,0,,397,67491.26,11857.64,55633.62,4.41
4708,FL14707,2024-08-13,8,5.0,3,204,103,Delayed,121,,751,70763.27,15278.69,55484.57,2.82
4709,FL14708,2024-09-05,9,1.0,5,299,267,Delayed,202,,932,241902.25,30394.73,211507.52,3.04
4710,FL14709,2024-02-07,4,5.0,4,393,157,On Time,0,,656,91137.19,15586.54,75550.64,3.41
4711,FL14710,2025-11-27,2,2.0,2,64,99,On Time,0,,1378,98208.29,17412.71,80795.58,4.17
4712,FL14711,2026-02-08,15,5.0,5,192,139,On Time,0,,336,56735.11,13347.84,43387.27,3.91
4713,FL14712,2026-02-18,8,5.0,2,147,164,On Time,0,,757,96608.95,17699.48,78909.47,3.52
4714,FL14713,2025-03-12,5,4.0,2,76,183,Cancelled,0,Crew,95,0.0,14825.23,-14825.23,2.59
4715,FL14714,2024-03-22,11,4.0,5,455,296,On Time,0,,76,87078.0,24763.29,62314.71,4.1
4716,FL14715,2026-08-02,1,4.0,5,11,135,On Time,0,,701,87653.35,16741.71,70911.64,3.31
4717,FL14716,2026-04-07,2,2.0,6,98,228,Delayed,213,,1356,254488.58,33948.64,220539.93,3.27
4718,FL14717,2024-12-04,4,1.0,5,591,153,Delayed,127,,682,106583.04,18581.26,88001.79,3.32
4719,FL14718,2025-11-27,7,2.0,1,416,204,On Time,0,,722,121018.73,22071.8,98946.93,4.1
4720,FL14719,2024-12-17,6,3.0,6,146,158,Delayed,232,,94,54153.02,14891.36,39261.66,2.96
4721,FL14720,2026-03-28,3,4.0,3,491,169,On Time,0,,102,41403.37,14873.92,26529.46,4.39
4722,FL14721,2025-06-26,6,2.0,1,607,227,On Time,0,,50,31449.22,15955.22,15494.0,4.63
4723,FL14722,2026-08-15,6,3.0,4,251,225,On Time,0,,97,51432.16,16192.56,35239.6,4.42
4724,FL14723,2026-01-31,8,1.0,2,15,121,Delayed,219,,779,76697.71,19657.97,57039.75,3.44
4725,FL14724,2025-09-14,9,1.0,3,326,126,On Time,0,,927,90022.99,18942.56,71080.43,3.07
4726,FL14725,2024-01-20,14,5.0,3,278,145,On Time,0,,431,60163.33,13055.47,47107.86,5.0
4727,FL14726,2025-02-23,13,5.0,1,151,296,On Time,0,,771,162755.98,34230.28,128525.7,4.04
4728,FL14727,2025-08-30,5,5.0,6,322,162,Delayed,16,,50,50925.55,15938.4,34987.16,3.5
4729,FL14728,2025-04-25,14,2.0,4,235,222,On Time,0,,392,90769.17,17858.0,72911.17,3.54
4730,FL14729,2024-08-20,8,3.0,6,257,193,On Time,0,,787,143009.19,21734.54,121274.66,3.86
4731,FL14730,2025-07-28,3,4.0,3,185,171,Delayed,125,,81,35143.35,16635.2,18508.15,4.07
4732,FL14731,2024-08-03,6,2.0,4,64,98,Delayed,69,,50,21620.81,13107.09,8513.72,3.81
4733,FL14732,2026-07-04,12,4.0,5,226,191,On Time,0,,97,56558.44,15569.34,40989.11,3.8
4734,FL14733,2024-03-25,13,4.0,2,570,319,On Time,0,,772,171515.76,26262.91,145252.84,4.99
4735,FL14734,2024-09-14,6,3.0,6,587,306,On Time,0,,64,78156.45,26614.13,51542.32,3.34
4736,FL14735,2024-01-09,3,3.0,2,598,159,On Time,0,,80,35346.49,14489.99,20856.49,2.91
4737,FL14736,2024-07-22,3,2.0,6,164,212,On Time,0,,75,71939.39,18835.6,53103.79,2.75
4738,FL14737,2024-10-18,2,5.0,4,491,156,Delayed,170,,1361,159070.42,30256.69,128813.73,3.82
4739,FL14738,2026-06-23,11,5.0,4,12,301,On Time,0,,54,84245.87,17176.6,67069.27,3.55
4740,FL14739,2025-09-11,8,5.0,2,71,217,Delayed,167,,764,128600.45,28569.32,100031.13,3.21
4741,FL14740,2024-05-21,7,4.0,4,520,301,On Time,0,,757,192176.68,22829.42,169347.26,4.71
4742,FL14741,2025-02-13,11,2.0,4,164,286,Delayed,168,,50,62457.11,18429.66,44027.46,3.51
4743,FL14742,2024-05-26,13,4.0,6,556,165,On Time,0,,788,136823.22,20718.21,116105.02,3.23
4744,FL14743,2024-04-21,12,2.0,6,192,195,On Time,0,,96,66768.69,14667.73,52100.96,5.0
4745,FL14744,2025-07-19,3,5.0,3,412,220,On Time,0,,63,51925.47,18551.08,33374.4,3.81
4746,FL14745,2025-04-15,9,2.0,3,614,147,On Time,0,,923,112833.38,20463.33,92370.05,3.96
4747,FL14746,2024-06-18,14,3.0,3,356,281,On Time,0,,391,97199.35,19100.44,78098.91,3.54
4748,FL14747,2026-02-27,12,1.0,3,520,220,On Time,0,,95,45844.63,17718.94,28125.7,3.27
4749,FL14748,2026-07-22,5,1.0,1,627,137,Delayed,172,,51,21471.26,14529.17,6942.09,3.45
4750,FL14749,2026-03-12,6,2.0,1,284,201,On Time,0,,70,28814.6,17420.5,11394.09,3.06
4751,FL14750,2026-04-25,14,3.0,5,316,278,On Time,0,,397,155107.22,19643.23,135464.0,3.95
4752,FL14751,2025-07-10,1,1.0,2,328,187,On Time,0,,715,102624.35,18537.53,84086.81,5.0
4753,FL14752,2024-08-08,8,5.0,3,445,253,Delayed,153,,794,172801.89,25173.31,147628.58,3.79
4754,FL14753,2025-06-12,2,1.0,5,519,316,On Time,0,,1390,350194.41,40833.54,309360.86,4.13
4755,FL14754,2024-06-28,14,5.0,4,141,167,On Time,0,,394,75275.04,16514.87,58760.17,3.29
4756,FL14755,2024-12-16,1,2.0,3,41,319,On Time,0,,676,195827.44,29574.83,166252.61,3.96
4757,FL14756,2025-01-16,1,2.0,5,276,185,On Time,0,,697,122538.08,18888.79,103649.29,3.48
4758,FL14757,2025-04-13,5,1.0,1,256,219,On Time,0,,50,15710.86,18461.56,-2750.7,4.94
4759,FL14758,2026-02-20,4,5.0,3,357,267,On Time,0,,712,162795.62,27824.01,134971.61,3.69
4760,FL14759,2026-01-09,8,4.0,1,34,105,On Time,0,,808,62474.47,13177.31,49297.17,3.49
4761,FL14760,2025-10-11,5,1.0,4,108,251,Delayed,79,,66,66840.7,18842.94,47997.76,3.16
4762,FL14761,2025-02-18,6,1.0,1,594,220,On Time,0,,94,32055.84,16209.98,15845.87,3.49
4763,FL14762,2024-02-03,9,4.0,6,374,240,On Time,0,,967,213651.37,30332.75,183318.62,4.15
4764,FL14763,2026-03-16,9,5.0,4,288,309,On Time,0,,951,233585.57,32712.21,200873.36,5.0
4765,FL14764,2024-07-07,15,1.0,2,398,201,Delayed,165,,342,78469.11,22549.39,55919.72,3.3
4766,FL14765,2025-08-11,8,2.0,4,117,302,Delayed,202,,800,196427.74,27844.13,168583.6,2.7
4767,FL14766,2024-05-19,9,3.0,3,204,220,On Time,0,,917,164444.64,24057.7,140386.94,3.9
4768,FL14767,2025-01-25,11,1.0,4,637,139,Delayed,185,,71,37478.65,10347.29,27131.36,2.47
4769,FL14768,2024-06-05,3,2.0,2,140,240,On Time,0,,107,42276.39,16646.52,25629.87,5.0
4770,FL14769,2026-06-02,11,1.0,4,571,133,On Time,0,,50,36178.02,8446.42,27731.59,5.0
4771,FL14770,2025-01-21,13,3.0,1,105,296,On Time,0,,831,170348.74,29285.12,141063.62,4.81
4772,FL14771,2026-04-30,5,4.0,1,331,125,Delayed,228,,88,18116.83,13039.16,5077.67,3.79
4773,FL14772,2025-02-27,3,3.0,4,528,204,On Time,0,,118,52598.44,17911.57,34686.87,3.89
4774,FL14773,2025-01-16,6,2.0,4,601,278,On Time,0,,79,63470.58,19514.06,43956.52,3.91
4775,FL14774,2024-12-28,5,3.0,2,127,92,On Time,0,,50,23422.06,6197.4,17224.67,3.86
4776,FL14775,2025-12-11,9,3.0,1,119,202,On Time,0,,920,131675.48,19721.05,111954.43,5.0
4777,FL14776,2026-01-10,13,1.0,3,258,206,Cancelled,0,Weather,791,0.0,19459.51,-19459.51,2.88
4778,FL14777,2026-06-09,9,1.0,6,497,167,On Time,0,,959,138296.5,23675.25,114621.24,3.63
4779,FL14778,2024-02-23,2,1.0,5,73,244,Cancelled,0,Crew,1377,0.0,33686.15,-33686.15,2.93
4780,FL14779,2025-07-17,5,5.0,1,503,164,On Time,0,,101,20928.06,12942.01,7986.05,4.34
4781,FL14780,2024-08-22,11,4.0,6,334,176,Delayed,139,,60,61855.23,17472.73,44382.5,1.04
4782,FL14781,2026-06-16,5,1.0,3,386,153,Delayed,118,,59,37511.99,14495.93,23016.07,3.56
4783,FL14782,2024-09-04,9,2.0,4,447,233,Delayed,87,,945,180599.77,29672.39,150927.38,1.65
4784,FL14783,2024-03-17,11,3.0,1,258,293,On Time,0,,50,24003.15,18211.8,5791.35,4.96
4785,FL14784,2024-12-13,5,1.0,2,252,130,On Time,0,,96,17015.67,8615.4,8400.27,2.88
4786,FL14785,2026-06-17,10,5.0,5,183,184,On Time,0,,56,50825.02,12887.45,37937.56,3.48
4787,FL14786,2025-07-22,6,5.0,2,38,141,On Time,0,,76,17447.65,11703.77,5743.88,2.75
4788,FL14787,2025-10-15,3,2.0,1,419,146,Cancelled,0,Crew,113,0.0,13100.98,-13100.98,4.17
4789,FL14788,2025-07-26,6,1.0,1,450,313,On Time,0,,56,60485.87,21086.86,39399.01,3.99
4790,FL14789,2024-05-31,7,2.0,6,210,253,On Time,0,,743,187409.54,22920.86,164488.68,5.0
4791,FL14790,2026-05-20,1,3.0,5,646,307,On Time,0,,703,206955.88,32821.61,174134.27,5.0
4792,FL14791,2024-04-25,14,5.0,1,85,236,On Time,0,,411,71820.22,23481.83,48338.39,4.81
4793,FL14792,2024-10-22,8,2.0,6,558,243,On Time,0,,781,185010.68,25160.9,159849.77,3.09
4794,FL14793,2025-11-30,1,2.0,5,555,254,On Time,0,,646,168523.07,22800.85,145722.22,4.11
4795,FL14794,2026-06-07,14,2.0,3,34,240,Delayed,55,,373,100584.55,24776.78,75807.77,4.19
4796,FL14795,2024-08-26,13,1.0,4,520,279,On Time,0,,763,200307.61,30528.05,169779.56,4.25
4797,FL14796,2026-07-11,1,1.0,2,108,165,On Time,0,,742,98828.29,15089.67,83738.61,3.76
4798,FL14797,2024-02-02,3,3.0,2,194,113,On Time,0,,125,22451.54,8947.84,13503.7,4.23
4799,FL14798,2025-04-27,6,4.0,5,441,202,On Time,0,,50,60886.3,12040.09,48846.21,4.29
4800,FL14799,2024-07-12,8,1.0,2,6,90,On Time,0,,760,53737.26,13141.91,40595.35,3.04
4801,FL14800,2026-04-22,11,2.0,3,154,100,On Time,0,,50,25043.99,7823.8,17220.19,3.63
4802,FL14801,2024-04-10,7,5.0,3,155,101,On Time,0,,742,59862.77,13685.97,46176.79,4.42
4803,FL14802,2025-07-08,10,5.0,1,30,107,Delayed,119,,50,13919.48,10481.55,3437.93,3.87
4804,FL14803,2024-06-12,1,4.0,5,369,252,On Time,0,,698,180383.27,21691.65,158691.62,4.16
4805,FL14804,2024-04-11,10,3.0,5,432,227,On Time,0,,50,59131.64,19187.56,39944.08,3.73
4806,FL14805,2025-05-21,14,3.0,6,447,304,Cancelled,0,Technical,400,0.0,29794.08,-29794.08,2.88
4807,FL14806,2024-09-22,8,2.0,4,481,156,Delayed,115,,747,104617.3,19951.98,84665.33,2.81
4808,FL14807,2025-05-25,7,2.0,2,263,166,On Time,0,,788,105818.48,17451.74,88366.74,3.93
4809,FL14808,2024-10-08,5,2.0,2,246,202,Delayed,113,,97,19457.49,19351.87,105.63,3.85
4810,FL14809,2025-03-05,15,4.0,3,558,269,Delayed,111,,381,101570.03,29886.51,71683.52,4.88
4811,FL14810,2024-07-22,1,4.0,6,25,304,On Time,0,,716,208341.8,31345.19,176996.62,3.22
4812,FL14811,2025-12-16,5,4.0,2,171,257,On Time,0,,98,43672.73,17736.36,25936.38,4.82
4813,FL14812,2026-05-17,3,4.0,5,208,206,On Time,0,,114,59117.05,12519.52,46597.53,4.25
4814,FL14813,2024-01-16,13,1.0,1,614,314,On Time,0,,773,195030.71,35006.07,160024.64,2.96
4815,FL14814,2025-02-06,8,4.0,6,122,131,Delayed,232,,773,99151.71,21787.5,77364.21,3.24
4816,FL14815,2026-05-01,14,5.0,4,421,198,On Time,0,,400,95261.51,17292.56,77968.94,3.88
4817,FL14816,2026-06-20,10,4.0,3,220,146,On Time,0,,84,36835.01,12389.29,24445.72,4.0
4818,FL14817,2026-08-06,9,3.0,3,488,128,On Time,0,,945,96293.94,16882.85,79411.09,4.68
4819,FL14818,2024-03-12,8,2.0,3,249,181,On Time,0,,792,115372.58,17458.4,97914.19,5.0
4820,FL14819,2026-06-24,4,4.0,2,351,266,Delayed,32,,689,153136.58,33968.3,119168.28,4.14
4821,FL14820,2024-03-16,9,3.0,4,91,163,On Time,0,,937,131411.67,21223.93,110187.73,4.14
4822,FL14821,2024-09-10,11,2.0,6,650,278,On Time,0,,50,76570.88,17582.81,58988.07,4.21
4823,FL14822,2025-03-26,15,3.0,2,62,230,On Time,0,,341,79870.31,16023.1,63847.21,5.0
4824,FL14823,2026-04-21,9,1.0,5,107,252,Delayed,60,,935,204718.6,27492.25,177226.35,2.61
4825,FL14824,2025-02-21,15,5.0,4,280,145,Delayed,172,,306,57171.73,15585.1,41586.63,4.11
4826,FL14825,2025-12-11,15,4.0,5,296,288,Delayed,29,,320,120907.27,21394.95,99512.32,2.55
4827,FL14826,2025-06-27,8,2.0,5,303,136,On Time,0,,786,94941.57,16051.14,78890.43,3.01
4828,FL14827,2025-04-08,7,4.0,1,172,175,On Time,0,,751,104597.05,18194.06,86402.99,4.41
4829,FL14828,2024-04-17,3,1.0,1,147,270,On Time,0,,93,39537.52,19633.4,19904.12,2.92
4830,FL14829,2026-08-05,5,2.0,6,176,248,Delayed,89,,88,88246.22,25181.71,63064.52,3.04
4831,FL14830,2024-03-30,14,4.0,1,317,158,On Time,0,,421,54563.08,13634.01,40929.07,4.89
4832,FL14831,2024-08-05,3,1.0,4,528,150,Delayed,145,,91,33679.5,15479.83,18199.67,2.71
4833,FL14832,2026-03-29,6,4.0,5,82,189,On Time,0,,90,54843.43,13039.59,41803.84,5.0
4834,FL14833,2025-07-14,11,5.0,4,373,192,On Time,0,,53,39210.78,12165.55,27045.23,2.53
4835,FL14834,2024-10-30,4,3.0,1,266,103,Cancelled,0,Technical,669,0.0,11913.03,-11913.03,3.68
4836,FL14835,2024-07-23,15,2.0,1,68,145,On Time,0,,313,43025.55,15476.2,27549.35,3.1
4837,FL14836,2024-05-23,10,4.0,5,262,125,Delayed,153,,50,38410.17,10658.93,27751.24,3.17
4838,FL14837,2024-09-02,1,2.0,6,605,125,On Time,0,,695,94712.39,13213.38,81499.01,4.14
4839,FL14838,2026-02-07,4,4.0,3,107,171,Delayed,165,,735,91786.46,21036.38,70750.08,3.12
4840,FL14839,2026-03-07,12,4.0,4,94,98,On Time,0,,86,24307.42,8396.96,15910.46,3.83
4841,FL14840,2025-10-10,13,1.0,6,626,245,Delayed,128,,785,176441.38,25082.83,151358.55,2.36
4842,FL14841,2025-09-01,14,1.0,5,463,244,Delayed,91,,395,135734.55,21216.01,114518.54,4.22
4843,FL14842,2024-10-03,13,1.0,4,265,140,On Time,0,,766,94792.47,16630.46,78162.01,3.2
4844,FL14843,2025-11-14,2,1.0,4,441,291,On Time,0,,1369,290700.58,39061.23,251639.35,3.2
4845,FL14844,2026-06-25,11,2.0,6,397,226,On Time,0,,80,89091.88,19785.81,69306.06,3.94
4846,FL14845,2024-12-08,2,1.0,5,538,162,On Time,0,,1396,170843.17,29664.02,141179.14,3.55
4847,FL14846,2025-06-16,2,5.0,3,246,134,Cancelled,0,Weather,1392,0.0,19721.53,-19721.53,3.55
4848,FL14847,2026-06-03,11,5.0,5,415,188,On Time,0,,74,45168.13,11627.38,33540.75,3.65
4849,FL14848,2024-05-23,8,1.0,2,110,310,Delayed,107,,776,192203.62,25888.36,166315.26,3.3
4850,FL14849,2025-03-12,10,2.0,6,248,90,On Time,0,,58,28255.6,8055.36,20200.25,4.07
4851,FL14850,2025-11-12,13,4.0,1,96,94,On Time,0,,801,52474.55,14262.72,38211.84,4.63
4852,FL14851,2024-11-09,2,4.0,2,132,184,Cancelled,0,Weather,1365,0.0,24513.6,-24513.6,2.66
4853,FL14852,2024-03-23,8,3.0,3,499,301,On Time,0,,779,196209.21,27445.54,168763.67,2.91
4854,FL14853,2024-06-27,13,5.0,2,351,154,On Time,0,,774,103000.89,17069.02,85931.87,3.47
4855,FL14854,2026-04-26,7,4.0,4,64,261,On Time,0,,751,174978.25,25325.87,149652.38,4.74
4856,FL14855,2024-09-10,8,4.0,5,22,222,On Time,0,,787,155464.2,22415.73,133048.47,4.23
4857,FL14856,2026-04-13,8,3.0,6,630,135,On Time,0,,765,100845.69,16731.26,84114.43,3.76
4858,FL14857,2026-01-25,14,3.0,4,341,298,Delayed,196,,421,140861.57,26216.58,114645.0,3.34
4859,FL14858,2025-08-21,1,2.0,4,238,127,On Time,0,,708,88433.57,12785.51,75648.06,3.83
4860,FL14859,2024-11-15,14,3.0,4,113,206,Delayed,116,,363,83860.27,20778.46,63081.81,3.81
4861,FL14860,2025-02-03,13,5.0,1,150,242,On Time,0,,812,151611.51,29677.39,121934.11,4.22
4862,FL14861,2024-11-04,13,2.0,5,420,245,On Time,0,,779,175555.43,28366.69,147188.73,3.82
4863,FL14862,2024-12-28,7,1.0,1,51,286,On Time,0,,730,142113.99,30833.98,111280.01,4.6
4864,FL14863,2025-01-06,8,3.0,4,268,252,On Time,0,,777,156547.89,27599.04,128948.85,4.76
4865,FL14864,2025-01-12,6,4.0,6,519,241,Delayed,100,,88,88012.26,19011.96,69000.31,2.7
4866,FL14865,2024-11-09,4,5.0,5,494,125,On Time,0,,694,89795.94,14579.21,75216.73,3.41
4867,FL14866,2025-01-10,14,3.0,4,270,160,On Time,0,,404,68133.14,13062.13,55071.0,5.0
4868,FL14867,2025-05-15,8,4.0,2,384,169,On Time,0,,749,102680.16,16810.37,85869.79,4.41
4869,FL14868,2025-05-20,11,2.0,6,443,175,On Time,0,,50,44348.05,14575.65,29772.4,5.0
4870,FL14869,2026-07-25,2,3.0,6,325,116,On Time,0,,1367,132433.89,19609.14,112824.74,4.58
4871,FL14870,2024-06-10,12,3.0,3,458,111,On Time,0,,82,25328.17,10475.2,14852.97,4.3
4872,FL14871,2026-06-27,10,2.0,1,428,191,On Time,0,,57,15856.88,15290.18,566.69,2.61
4873,FL14872,2026-03-22,15,4.0,4,212,256,On Time,0,,347,106538.48,18920.0,87618.47,3.21
4874,FL14873,2026-06-13,3,5.0,4,145,294,Delayed,96,,80,63370.16,27829.7,35540.46,3.72
4875,FL14874,2026-02-07,9,2.0,6,169,306,On Time,0,,931,267983.29,34003.5,233979.79,3.41
4876,FL14875,2025-07-31,8,1.0,6,601,200,On Time,0,,783,143420.36,22347.87,121072.48,3.9
4877,FL14876,2025-02-12,9,5.0,2,74,296,On Time,0,,903,215502.04,26680.34,188821.7,4.59
4878,FL14877,2026-08-01,1,5.0,2,46,194,Delayed,221,,724,105665.76,21544.27,84121.49,3.39
4879,FL14878,2026-03-04,8,5.0,6,476,198,On Time,0,,783,133095.7,22846.73,110248.98,4.26
4880,FL14879,2024-12-16,5,2.0,2,224,138,On Time,0,,68,29071.86,11600.49,17471.37,4.9
4881,FL14880,2024-09-30,10,4.0,3,519,234,On Time,0,,50,57127.05,15592.99,41534.06,4.97
4882,FL14881,2024-07-09,4,4.0,2,38,161,On Time,0,,709,87622.25,18887.76,68734.49,3.96
4883,FL14882,2025-10-20,7,4.0,3,531,201,On Time,0,,735,127304.33,20091.01,107213.32,4.83
4884,FL14883,2026-05-17,10,5.0,4,381,305,On Time,0,,85,78594.3,27811.55,50782.75,3.38
4885,FL14884,2026-04-26,1,5.0,2,3,215,On Time,0,,669,125558.31,18565.13,106993.18,4.15
4886,FL14885,2026-02-23,12,3.0,3,248,159,On Time,0,,98,46041.78,13958.16,32083.62,4.37
4887,FL14886,2026-03-23,11,1.0,3,18,244,On Time,0,,67,54994.66,14896.54,40098.11,3.93
4888,FL14887,2025-01-07,1,1.0,1,38,258,On Time,0,,710,134161.81,27148.66,107013.15,3.86
4889,FL14888,2026-02-08,1,5.0,5,46,229,On Time,0,,731,157437.97,26275.47,131162.5,3.27
4890,FL14889,2024-08-18,13,5.0,6,434,99,On Time,0,,766,73997.73,12790.58,61207.15,3.98
4891,FL14890,2025-06-21,5,1.0,3,318,142,Delayed,210,,50,24637.8,11358.34,13279.46,2.25
4892,FL14891,2024-12-20,13,2.0,2,623,119,Cancelled,0,Technical,786,0.0,17163.57,-17163.57,2.91
4893,FL14892,2024-08-27,8,2.0,4,448,309,On Time,0,,743,217441.95,35586.58,181855.36,4.04
4894,FL14893,2025-02-18,6,2.0,4,70,161,On Time,0,,117,29518.27,13637.25,15881.02,4.48
4895,FL14894,2025-12-27,5,4.0,4,584,199,On Time,0,,85,44152.47,13974.74,30177.73,3.24
4896,FL14895,2026-03-10,10,3.0,4,144,297,Delayed,192,,71,79853.63,20391.04,59462.59,3.52
4897,FL14896,2025-07-25,2,3.0,5,216,317,On Time,0,,1382,325009.37,35852.8,289156.57,4.37
4898,FL14897,2025-01-08,7,3.0,1,178,140,On Time,0,,763,73835.63,19089.71,54745.92,3.99
4899,FL14898,2025-08-30,6,4.0,1,258,287,Delayed,153,,59,67919.36,20167.39,47751.97,3.59
4900,FL14899,2025-04-05,3,4.0,1,443,257,On Time,0,,89,37929.88,15070.57,22859.31,4.18
4901,FL14900,2024-11-25,6,1.0,1,124,231,On Time,0,,78,41902.08,20446.71,21455.37,2.31
4902,FL14901,2024-06-25,8,1.0,6,252,128,On Time,0,,771,103362.09,16343.92,87018.17,3.4
4903,FL14902,2025-03-12,11,2.0,5,559,248,On Time,0,,50,61752.64,20143.54,41609.1,5.0
4904,FL14903,2025-12-02,2,3.0,4,491,230,Delayed,36,,1355,242494.24,36193.27,206300.97,3.73
4905,FL14904,2025-07-03,14,5.0,5,191,192,On Time,0,,399,106139.27,16955.99,89183.28,3.61
4906,FL14905,2025-08-23,14,5.0,1,301,224,On Time,0,,410,79930.67,18209.3,61721.38,4.24
4907,FL14906,2025-12-24,11,4.0,2,440,138,On Time,0,,50,35685.86,12461.75,23224.1,4.46
4908,FL14907,2024-05-21,14,1.0,5,16,233,On Time,0,,388,106820.9,24388.71,82432.19,5.0
4909,FL14908,2026-03-06,7,1.0,3,502,125,Delayed,204,,737,85831.05,14883.5,70947.55,3.05
4910,FL14909,2024-09-27,13,3.0,4,114,155,Delayed,135,,765,107427.96,17969.28,89458.68,2.91
4911,FL14910,2024-09-19,11,3.0,5,259,203,Delayed,181,,75,54675.65,18634.65,36041.0,2.98
4912,FL14911,2024-10-24,9,4.0,1,209,127,Delayed,26,,943,89363.73,18630.09,70733.64,2.93
4913,FL14912,2026-01-15,3,1.0,5,72,300,On Time,0,,78,88582.19,19566.91,69015.28,3.61
4914,FL14913,2025-08-11,9,5.0,5,413,293,On Time,0,,936,239759.0,24859.69,214899.31,4.12
4915,FL14914,2024-02-21,14,3.0,3,208,199,On Time,0,,402,85118.62,19460.2,65658.42,3.73
4916,FL14915,2024-01-21,15,3.0,3,443,220,On Time,0,,351,68360.45,15319.08,53041.37,3.96
4917,FL14916,2025-10-14,7,1.0,1,209,157,On Time,0,,745,82550.13,21011.59,61538.55,5.0
4918,FL14917,2025-07-12,4,5.0,2,417,138,On Time,0,,733,81115.37,15369.61,65745.76,3.38
4919,FL14918,2024-11-23,12,3.0,2,625,311,On Time,0,,119,71181.23,21701.01,49480.23,4.22
4920,FL14919,2024-09-02,2,2.0,6,41,185,Delayed,127,,1377,208588.05,30855.27,177732.78,2.56
4921,FL14920,2025-12-15,3,2.0,1,35,309,On Time,0,,82,52168.62,24787.92,27380.69,4.6
4922,FL14921,2026-05-20,9,2.0,2,240,105,On Time,0,,968,76684.86,15893.48,60791.38,4.73
4923,FL14922,2026-04-15,15,1.0,1,511,114,Delayed,188,,316,38477.62,17614.08,20863.54,2.74
4924,FL14923,2026-02-26,5,5.0,2,413,199,On Time,0,,81,25050.52,16893.61,8156.91,3.55
4925,FL14924,2024-01-31,7,5.0,1,632,269,On Time,0,,689,144162.05,27589.72,116572.33,4.43
4926,FL14925,2025-06-19,5,5.0,2,416,187,On Time,0,,57,32387.46,15512.91,16874.55,3.82
4927,FL14926,2024-09-25,7,2.0,5,562,283,Delayed,218,,710,198270.55,25774.89,172495.65,4.22
4928,FL14927,2024-10-12,1,3.0,5,377,120,Delayed,170,,698,71842.52,18824.38,53018.14,2.52
4929,FL14928,2026-04-21,9,3.0,3,130,286,On Time,0,,914,202270.99,31723.44,170547.55,4.7
4930,FL14929,2024-09-09,9,3.0,5,277,192,On Time,0,,946,157568.04,24618.19,132949.85,5.0
4931,FL14930,2025-10-05,5,3.0,4,413,155,On Time,0,,76,43595.29,11686.44,31908.85,4.25
4932,FL14931,2024-02-26,4,3.0,6,6,237,On Time,0,,682,163016.56,21432.19,141584.38,3.59
4933,FL14932,2025-11-29,12,4.0,5,251,269,Delayed,123,,90,74199.3,22337.09,51862.21,2.79
4934,FL14933,2024-12-31,3,1.0,2,364,303,On Time,0,,101,64441.55,21727.71,42713.85,3.89
4935,FL14934,2024-04-15,1,1.0,4,285,110,Delayed,171,,702,68864.68,15977.19,52887.49,3.74
4936,FL14935,2024-05-22,1,5.0,5,171,251,Cancelled,0,Technical,730,0.0,26222.45,-26222.45,2.03
4937,FL14936,2024-12-17,14,5.0,2,281,162,On Time,0,,378,59616.58,18219.34,41397.25,3.8
4938,FL14937,2025-08-25,6,5.0,4,230,205,Delayed,143,,82,42940.83,18396.7,24544.13,3.39
4939,FL14938,2026-03-05,2,2.0,3,477,196,On Time,0,,1371,207705.29,31163.09,176542.2,5.0
4940,FL14939,2026-04-05,14,3.0,2,389,267,On Time,0,,360,111887.45,25479.66,86407.79,5.0
4941,FL14940,2026-02-23,3,1.0,2,597,181,Delayed,129,,98,29092.71,16242.25,12850.46,3.21
4942,FL14941,2024-03-15,6,2.0,1,312,154,Delayed,110,,69,24231.84,14893.08,9338.76,2.58
4943,FL14942,2026-02-01,1,4.0,5,421,202,Cancelled,0,Operational,694,0.0,23484.58,-23484.58,3.09
4944,FL14943,2026-05-06,11,2.0,5,282,243,On Time,0,,102,73499.54,20547.78,52951.76,4.11
4945,FL14944,2025-08-07,11,3.0,4,480,284,On Time,0,,92,61102.86,17457.26,43645.6,4.77
4946,FL14945,2025-01-21,12,1.0,2,264,91,Delayed,145,,81,20446.74,10915.1,9531.64,3.01
4947,FL14946,2026-03-11,4,3.0,1,506,220,On Time,0,,708,125251.13,20645.01,104606.12,3.36
4948,FL14947,2024-01-28,5,4.0,4,498,106,On Time,0,,81,22540.16,8644.51,13895.65,3.99
4949,FL14948,2024-01-09,15,3.0,2,146,232,On Time,0,,335,79197.73,16492.3,62705.42,3.78
4950,FL14949,2024-03-21,13,3.0,4,322,233,On Time,0,,771,171268.69,22940.7,148328.0,3.76
4951,FL14950,2025-11-04,1,5.0,6,509,286,On Time,0,,684,192328.51,25014.4,167314.11,3.44
4952,FL14951,2024-01-01,11,2.0,1,403,134,Delayed,200,,77,15730.4,14121.63,1608.78,2.48
4953,FL14952,2024-03-30,13,2.0,4,422,272,On Time,0,,803,194659.75,23667.02,170992.73,4.4
4954,FL14953,2025-07-21,9,4.0,6,62,248,Delayed,201,,940,210955.22,32795.81,178159.41,3.47
4955,FL14954,2025-07-14,10,3.0,3,582,242,Delayed,120,,87,36836.12,23823.07,13013.05,2.78
4956,FL14955,2024-09-15,1,5.0,5,397,236,On Time,0,,733,156070.89,25944.08,130126.81,4.53
4957,FL14956,2026-03-18,1,1.0,5,49,216,On Time,0,,733,158468.49,23729.11,134739.38,2.8
4958,FL14957,2025-03-24,1,1.0,3,38,104,On Time,0,,733,70171.51,15923.89,54247.62,3.73
4959,FL14958,2025-08-13,3,2.0,2,158,277,Delayed,42,,96,47609.92,19287.89,28322.04,3.44
4960,FL14959,2025-11-29,15,3.0,5,502,180,On Time,0,,305,74166.2,12955.79,61210.41,4.72
4961,FL14960,2025-10-23,10,5.0,4,442,114,On Time,0,,54,25800.43,9303.21,16497.22,3.64
4962,FL14961,2025-02-05,12,3.0,3,7,230,Delayed,149,,94,67215.55,21281.84,45933.71,4.03
4963,FL14962,2025-06-25,5,3.0,2,206,307,On Time,0,,54,63018.9,27695.17,35323.73,3.58
4964,FL14963,2024-07-07,15,1.0,5,484,254,On Time,0,,324,125791.72,17195.97,108595.75,4.53
4965,FL14964,2025-09-29,3,3.0,2,158,146,Cancelled,0,Weather,73,0.0,9894.42,-9894.42,4.09
4966,FL14965,2026-03-13,14,3.0,1,345,277,On Time,0,,406,81596.51,26160.34,55436.18,3.35
4967,FL14966,2025-10-07,1,3.0,1,507,284,On Time,0,,736,141805.55,32059.47,109746.08,4.1
4968,FL14967,2024-07-16,1,4.0,3,460,166,On Time,0,,751,95974.38,18640.97,77333.41,4.35
4969,FL14968,2026-07-21,2,3.0,1,628,210,Delayed,95,,1371,193563.49,32762.79,160800.7,2.49
4970,FL14969,2025-11-25,12,1.0,3,159,282,Delayed,221,,93,57932.46,27128.42,30804.04,3.58
4971,FL14970,2026-06-26,4,1.0,2,337,126,Delayed,35,,694,68396.73,17104.91,51291.82,2.93
4972,FL14971,2025-10-20,7,1.0,3,342,171,Cancelled,0,Crew,765,0.0,21108.16,-21108.16,2.45
4973,FL14972,2025-09-24,8,4.0,5,277,194,On Time,0,,807,140602.06,22711.08,117890.98,3.72
4974,FL14973,2026-02-06,12,5.0,3,549,91,On Time,0,,92,24739.92,6629.02,18110.9,3.68
4975,FL14974,2026-03-26,6,5.0,4,233,128,On Time,0,,95,32936.24,8769.19,24167.05,4.52
4976,FL14975,2025-03-02,1,2.0,1,139,230,Delayed,106,,707,117036.72,29344.68,87692.04,3.3
4977,FL14976,2025-09-06,6,1.0,1,7,150,Delayed,117,,56,22514.43,12726.42,9788.0,4.8
4978,FL14977,2026-06-08,5,4.0,6,17,145,On Time,0,,63,38121.1,8396.1,29725.0,3.65
4979,FL14978,2026-01-16,11,1.0,4,60,158,Delayed,179,,101,26051.94,14482.85,11569.09,3.61
4980,FL14979,2024-04-25,12,4.0,1,490,118,On Time,0,,111,21439.12,9613.59,11825.52,3.9
4981,FL14980,2026-05-21,2,2.0,4,374,236,On Time,0,,1356,255031.24,28457.94,226573.3,3.17
4982,FL14981,2025-05-29,12,5.0,1,458,149,On Time,0,,115,24093.23,12647.65,11445.58,5.0
4983,FL14982,2024-06-18,2,4.0,1,152,239,Cancelled,0,Technical,1380,0.0,25558.11,-25558.11,3.08
4984,FL14983,2025-11-07,10,4.0,3,98,280,On Time,0,,55,44907.67,16926.53,27981.14,3.49
4985,FL14984,2026-07-18,6,3.0,4,498,200,On Time,0,,56,57868.48,13151.97,44716.51,4.26
4986,FL14985,2026-04-08,5,5.0,4,223,300,Cancelled,0,Operational,50,0.0,22500.02,-22500.02,3.67
4987,FL14986,2024-06-02,8,3.0,5,505,135,On Time,0,,748,98575.8,17858.88,80716.91,3.45
4988,FL14987,2025-09-13,5,4.0,2,272,311,On Time,0,,53,54621.29,23204.1,31417.19,4.03
4989,FL14988,2024-06-06,12,2.0,2,86,164,Delayed,178,,93,29149.36,15222.04,13927.32,3.98
4990,FL14989,2025-09-25,15,3.0,4,26,159,On Time,0,,357,58835.58,11655.14,47180.44,4.11
4991,FL14990,2025-03-31,13,5.0,6,58,315,On Time,0,,809,242973.56,28378.56,214595.01,4.36
4992,FL14991,2026-07-10,7,2.0,5,248,194,On Time,0,,742,130930.92,20008.02,110922.9,3.83
4993,FL14992,2024-01-23,8,1.0,5,204,261,Delayed,83,,743,184047.12,33507.08,150540.03,2.28
4994,FL14993,2025-01-29,7,2.0,1,62,274,On Time,0,,744,168201.64,26737.62,141464.02,3.84
4995,FL14994,2026-01-16,12,2.0,6,148,193,On Time,0,,63,64171.01,16532.38,47638.63,3.64
4996,FL14995,2025-05-26,9,3.0,6,646,163,Delayed,161,,963,125574.64,25633.75,99940.88,3.23
4997,FL14996,2025-04-10,8,1.0,4,403,203,On Time,0,,799,135250.57,24298.48,110952.09,3.64
4998,FL14997,2025-10-07,7,1.0,3,639,178,Delayed,43,,739,104788.46,24853.85,79934.61,3.41
4999,FL14998,2024-10-08,6,2.0,4,331,185,Delayed,77,,87,45071.05,18671.54,26399.51,3.07
5000,FL14999,2024-09-14,9,3.0,4,369,144,Delayed,222,,966,106040.86,16992.06,89048.81,3.83
5001,FL15000,2024-12-04,11,1.0,6,325,300,On Time,0,,69,99293.13,17043.11,82250.03,4.4
5002,FL15001,2025-01-05,7,2.0,1,312,221,On Time,0,,735,120088.68,23534.53,96554.14,3.4
5003,FL15002,2024-08-27,13,2.0,4,196,273,On Time,0,,766,184507.07,27783.86,156723.21,4.82
5004,FL15003,2025-10-21,13,1.0,5,628,241,Delayed,64,,786,176589.53,32792.02,143797.51,2.83
5005,FL15004,2024-12-02,7,2.0,3,50,171,Cancelled,0,Operational,718,0.0,17818.15,-17818.15,2.27
5006,FL15005,2025-01-12,14,2.0,6,434,163,On Time,0,,371,83298.73,15402.69,67896.04,4.69
5007,FL15006,2024-06-23,3,1.0,1,573,315,On Time,0,,82,47668.47,20211.46,27457.01,3.62
5008,FL15007,2026-05-20,14,4.0,1,87,95,On Time,0,,352,32303.71,10263.08,22040.63,4.06
5009,FL15008,2024-05-13,5,1.0,5,605,157,Delayed,233,,86,45971.35,12331.14,33640.21,2.46
5010,FL15009,2025-06-28,9,3.0,1,138,259,Delayed,19,,950,178419.65,33293.49,145126.16,3.06
5011,FL15010,2026-06-17,5,4.0,3,628,215,Delayed,85,,90,53801.77,18411.73,35390.04,3.23
5012,FL15011,2025-10-27,7,5.0,2,427,231,On Time,0,,754,131581.26,24015.33,107565.93,3.74
5013,FL15012,2026-07-27,6,3.0,5,297,94,Cancelled,0,Technical,81,0.0,5645.97,-5645.97,2.67
5014,FL15013,2024-06-04,11,3.0,1,617,140,On Time,0,,82,31697.9,8822.69,22875.21,4.03
5015,FL15014,2025-04-14,2,4.0,3,125,227,On Time,0,,1369,228944.62,29688.54,199256.09,4.64
5016,FL15015,2026-07-18,13,5.0,6,217,162,On Time,0,,819,123512.64,15281.33,108231.31,3.39
5017,FL15016,2024-03-06,14,2.0,3,386,198,On Time,0,,381,72573.23,18296.06,54277.17,2.36
5018,FL15017,2026-08-10,9,4.0,4,77,310,Delayed,155,,945,235999.17,27837.72,208161.44,4.11
5019,FL15018,2024-04-08,9,3.0,6,107,236,On Time,0,,940,201196.42,28704.33,172492.09,3.57
5020,FL15019,2025-10-03,11,1.0,4,494,234,On Time,0,,107,61886.19,20324.28,41561.91,3.63
5021,FL15020,2026-02-15,3,4.0,5,90,135,On Time,0,,84,43455.92,11729.51,31726.41,3.65
5022,FL15021,2024-07-20,12,5.0,6,134,226,On Time,0,,122,78104.38,13632.68,64471.7,3.14
5023,FL15022,2026-03-10,4,1.0,4,581,310,Delayed,17,,668,204799.46,31006.02,173793.45,3.04
5024,FL15023,2025-06-03,11,1.0,5,63,237,On Time,0,,68,58260.05,14377.83,43882.22,3.82
5025,FL15024,2025-08-29,5,5.0,4,408,270,On Time,0,,63,70986.26,19170.79,51815.47,4.28
5026,FL15025,2024-04-04,12,3.0,5,449,309,On Time,0,,76,92589.49,26640.19,65949.3,3.64
5027,FL15026,2024-03-02,12,2.0,4,59,297,Delayed,179,,83,79758.26,20554.17,59204.09,1.71
5028,FL15027,2024-02-23,4,4.0,3,356,168,On Time,0,,705,98249.57,16797.56,81452.01,3.13
5029,FL15028,2024-11-22,10,2.0,4,268,157,On Time,0,,54,32812.05,13545.62,19266.43,4.73
5030,FL15029,2024-10-17,8,2.0,3,286,154,On Time,0,,761,93550.33,18950.57,74599.76,3.45
5031,FL15030,2025-08-24,5,2.0,3,211,267,On Time,0,,84,59280.28,17306.29,41973.99,4.35
5032,FL15031,2024-08-01,9,3.0,2,35,176,On Time,0,,945,129126.77,22926.72,106200.05,3.54
5033,FL15032,2025-03-02,15,1.0,3,327,279,On Time,0,,338,103080.75,19658.04,83422.71,4.53
5034,FL15033,2026-07-06,1,2.0,3,9,274,Delayed,75,,725,164949.79,32247.44,132702.35,3.36
5035,FL15034,2026-07-15,15,2.0,4,274,243,On Time,0,,363,93261.61,17307.41,75954.19,3.06
5036,FL15035,2025-12-17,13,1.0,3,271,117,On Time,0,,747,78987.54,18076.07,60911.46,3.24
5037,FL15036,2025-07-02,8,4.0,3,396,253,Cancelled,0,Technical,778,0.0,28666.71,-28666.71,2.03
5038,FL15037,2025-11-14,10,1.0,1,392,137,On Time,0,,50,17063.83,9242.29,7821.54,4.59
5039,FL15038,2025-11-25,6,5.0,3,492,217,On Time,0,,125,52907.4,19770.33,33137.07,3.18
5040,FL15039,2025-12-30,2,1.0,3,570,142,On Time,0,,1369,146625.75,22157.16,124468.59,3.76
5041,FL15040,2024-12-29,9,2.0,6,333,104,On Time,0,,965,83459.44,17026.28,66433.16,3.95
5042,FL15041,2024-12-10,13,1.0,3,388,236,On Time,0,,780,155575.98,25092.66,130483.33,4.14
5043,FL15042,2025-06-28,4,2.0,1,337,193,Delayed,160,,688,95334.61,20350.54,74984.07,3.0
5044,FL15043,2026-08-09,11,4.0,2,317,237,On Time,0,,88,42821.93,17975.26,24846.67,2.98
5045,FL15044,2025-10-24,12,1.0,5,390,202,Delayed,175,,107,38149.8,15482.93,22666.87,2.52
5046,FL15045,2025-07-10,12,3.0,1,115,175,Cancelled,0,Crew,130,0.0,13913.14,-13913.14,2.32
5047,FL15046,2026-07-18,6,4.0,1,22,93,On Time,0,,54,15663.01,7381.67,8281.33,2.28
5048,FL15047,2024-07-19,6,3.0,3,103,153,On Time,0,,66,32072.21,11022.02,21050.19,4.28
5049,FL15048,2026-01-13,7,1.0,3,111,292,On Time,0,,748,170231.58,30531.55,139700.02,4.33
5050,FL15049,2025-10-07,13,4.0,3,398,263,On Time,0,,806,190930.89,28856.25,162074.64,3.3
5051,FL15050,2024-09-07,14,1.0,1,70,196,Delayed,228,,400,74716.89,19655.9,55060.99,4.15
5052,FL15051,2025-06-13,7,1.0,5,231,97,On Time,0,,711,65490.8,14988.44,50502.35,3.93
5053,FL15052,2025-05-23,15,3.0,2,70,316,Cancelled,0,Operational,313,0.0,21920.46,-21920.46,3.55
5054,FL15053,2025-08-06,9,2.0,5,102,259,On Time,0,,952,194745.71,31668.53,163077.18,4.5
5055,FL15054,2026-06-26,6,1.0,4,418,95,On Time,0,,50,25181.56,8509.77,16671.79,3.91
5056,FL15055,2024-09-12,1,4.0,2,259,138,On Time,0,,686,71705.03,18053.95,53651.07,2.68
5057,FL15056,2025-01-27,10,3.0,3,528,129,On Time,0,,62,29756.79,10894.36,18862.43,4.13
5058,FL15057,2025-07-14,10,5.0,1,479,297,On Time,0,,50,51457.62,20047.87,31409.75,4.34
5059,FL15058,2024-03-25,15,3.0,5,161,309,On Time,0,,336,136436.1,22687.88,113748.22,3.58
5060,FL15059,2024-03-12,11,3.0,2,51,185,On Time,0,,65,25630.66,13929.35,11701.31,4.1
5061,FL15060,2025-02-01,1,5.0,3,626,130,On Time,0,,688,84011.28,13185.63,70825.64,3.98
5062,FL15061,2026-02-20,9,1.0,1,87,237,Cancelled,0,Weather,930,0.0,26046.77,-26046.77,2.38
5063,FL15062,2024-12-14,12,2.0,3,444,152,On Time,0,,122,35330.56,11020.67,24309.88,3.94
5064,FL15063,2025-08-02,8,4.0,3,381,117,On Time,0,,788,72235.37,17483.49,54751.88,3.67
5065,FL15064,2025-12-31,7,2.0,2,534,149,Delayed,71,,743,88730.53,19731.77,68998.76,3.54
5066,FL15065,2025-09-27,13,5.0,6,358,148,Delayed,97,,794,111798.91,18429.5,93369.41,2.92
5067,FL15066,2025-07-22,10,2.0,2,6,102,Delayed,152,,50,12837.0,13184.4,-347.4,2.84
5068,FL15067,2025-07-06,11,3.0,2,101,251,Delayed,170,,55,55897.63,19342.79,36554.84,2.24
5069,FL15068,2025-05-21,7,5.0,4,540,171,On Time,0,,690,123174.61,19050.97,104123.64,5.0
5070,FL15069,2026-08-03,5,2.0,2,392,216,On Time,0,,54,45670.41,15456.89,30213.52,3.71
5071,FL15070,2025-01-16,8,5.0,3,501,216,Delayed,173,,768,146968.38,24869.27,122099.11,2.57
5072,FL15071,2024-03-20,15,1.0,5,411,267,On Time,0,,343,135042.9,20229.68,114813.21,4.39
5073,FL15072,2026-04-20,10,2.0,1,639,265,Delayed,37,,50,26682.21,19003.51,7678.7,3.42
5074,FL15073,2025-03-23,11,3.0,4,54,219,On Time,0,,82,45709.11,12550.77,33158.33,4.36
5075,FL15074,2026-07-28,2,3.0,1,54,282,Delayed,205,,1361,260989.93,33550.62,227439.31,3.73
5076,FL15075,2025-10-05,15,5.0,1,472,220,Delayed,201,,335,69173.48,21948.14,47225.34,4.01
5077,FL15076,2025-07-11,4,5.0,1,28,96,On Time,0,,695,49656.78,13079.93,36576.86,3.31
5078,FL15077,2025-07-30,15,4.0,1,74,287,On Time,0,,346,77002.18,20785.15,56217.02,4.1
5079,FL15078,2024-12-09,7,4.0,3,472,266,Cancelled,0,Weather,762,0.0,23550.64,-23550.64,1.97
5080,FL15079,2025-11-22,14,2.0,6,493,187,Delayed,51,,372,95827.53,18796.44,77031.09,3.1
5081,FL15080,2024-10-23,14,5.0,6,550,178,Delayed,236,,427,97044.95,17577.65,79467.3,3.74
5082,FL15081,2026-07-27,12,4.0,1,158,295,Delayed,125,,79,47416.5,21115.82,26300.69,2.72
5083,FL15082,2025-07-23,14,1.0,6,437,187,On Time,0,,388,83979.9,17253.96,66725.94,5.0
5084,FL15083,2025-04-09,10,5.0,4,147,175,On Time,0,,50,44772.24,14512.24,30260.01,4.01
5085,FL15084,2024-09-05,13,2.0,4,646,258,On Time,0,,823,192948.52,29327.78,163620.74,2.82
5086,FL15085,2026-02-03,3,3.0,5,436,165,On Time,0,,75,49530.93,14944.06,34586.87,4.46
5087,FL15086,2025-03-19,2,3.0,3,501,182,On Time,0,,1380,190106.93,28941.04,161165.89,5.0
5088,FL15087,2025-04-21,9,5.0,2,431,269,On Time,0,,901,187915.51,25701.0,162214.51,2.55
5089,FL15088,2024-05-29,13,2.0,4,642,141,Cancelled,0,Weather,809,0.0,16476.56,-16476.56,3.46
5090,FL15089,2025-12-10,12,2.0,5,176,92,On Time,0,,93,25126.52,7204.87,17921.66,3.36
5091,FL15090,2024-03-07,8,1.0,5,497,167,Delayed,153,,773,118799.21,23399.74,95399.47,3.26
5092,FL15091,2025-04-23,8,2.0,2,628,129,On Time,0,,767,78257.6,18017.47,60240.13,3.15
5093,FL15092,2026-01-18,10,1.0,6,138,173,On Time,0,,60,56922.91,12854.39,44068.52,4.55
5094,FL15093,2025-03-08,14,3.0,2,253,106,On Time,0,,384,36771.88,13137.05,23634.83,3.79
5095,FL15094,2024-05-29,13,5.0,5,458,225,Delayed,79,,763,152151.53,23049.9,129101.63,4.05
5096,FL15095,2026-07-12,2,3.0,2,264,207,Delayed,174,,1350,205230.96,31336.8,173894.16,2.63
5097,FL15096,2024-02-04,9,5.0,1,457,152,On Time,0,,961,105851.04,24040.53,81810.51,3.87
5098,FL15097,2025-10-18,6,5.0,6,131,234,On Time,0,,63,75450.26,16868.78,58581.48,2.5
5099,FL15098,2024-01-02,12,1.0,4,50,123,On Time,0,,81,36509.61,8106.97,28402.64,5.0
5100,FL15099,2025-10-15,8,3.0,2,38,92,On Time,0,,782,55927.5,12984.7,42942.8,5.0
5101,FL15100,2026-07-16,15,3.0,1,123,199,On Time,0,,342,62455.6,16648.6,45807.0,5.0
5102,FL15101,2025-05-12,7,2.0,1,533,127,On Time,0,,751,68770.86,16357.48,52413.38,5.0
5103,FL15102,2024-01-09,11,5.0,2,440,286,Delayed,238,,73,47690.1,26947.96,20742.13,2.92
5104,FL15103,2024-03-06,2,2.0,6,218,159,Delayed,61,,1390,179178.3,21750.58,157427.72,3.27
5105,FL15104,2024-08-11,14,1.0,2,438,188,On Time,0,,393,85555.29,14490.7,71064.59,4.19
5106,FL15105,2024-12-09,3,3.0,1,319,157,Delayed,183,,92,29069.4,17752.79,11316.61,3.54
5107,FL15106,2026-04-26,6,2.0,6,114,189,On Time,0,,88,63825.55,14548.69,49276.86,3.29
5108,FL15107,2024-02-17,13,2.0,6,510,112,Delayed,160,,779,88431.88,22165.29,66266.6,2.56
5109,FL15108,2025-05-05,15,3.0,2,26,304,On Time,0,,324,78075.64,22954.57,55121.07,3.13
5110,FL15109,2025-12-10,8,4.0,4,70,129,On Time,0,,749,89806.09,16026.5,73779.59,3.72
5111,FL15110,2025-09-29,8,2.0,4,168,180,Delayed,55,,817,129035.98,22125.32,106910.66,3.09
5112,FL15111,2026-02-02,1,2.0,4,402,284,On Time,0,,745,181896.3,21587.4,160308.9,3.71
5113,FL15112,2025-10-18,15,1.0,2,231,188,Delayed,39,,328,63447.9,16818.27,46629.63,3.46
5114,FL15113,2024-01-31,1,2.0,5,237,251,Delayed,198,,719,160546.41,25700.72,134845.69,2.4
5115,FL15114,2026-04-29,1,3.0,6,351,105,Delayed,172,,717,72697.34,16347.58,56349.76,2.74
5116,FL15115,2025-04-22,8,4.0,5,543,158,On Time,0,,784,109150.77,19038.55,90112.22,3.51
5117,FL15116,2025-04-16,1,2.0,6,214,264,On Time,0,,728,196022.04,22628.39,173393.65,4.53
5118,FL15117,2026-05-13,3,1.0,1,253,150,On Time,0,,71,31760.01,13713.34,18046.66,4.13
5119,FL15118,2026-01-07,10,3.0,4,25,185,On Time,0,,57,57364.3,11350.37,46013.94,4.22
5120,FL15119,2024-04-11,11,4.0,6,620,108,Delayed,137,,50,30893.42,10904.06,19989.36,2.69
5121,FL15120,2024-10-14,5,1.0,4,549,206,On Time,0,,50,45815.55,13441.55,32374.0,4.03
5122,FL15121,2024-12-08,12,3.0,6,243,170,On Time,0,,64,52349.06,14939.73,37409.34,3.5
5123,FL15122,2026-06-29,10,1.0,3,552,287,On Time,0,,50,49278.05,16249.54,33028.52,3.52
5124,FL15123,2024-04-23,4,3.0,6,21,181,Cancelled,0,Technical,685,0.0,17925.64,-17925.64,3.24
5125,FL15124,2025-03-31,11,4.0,6,48,280,Delayed,27,,74,83372.15,25813.71,57558.44,2.88
5126,FL15125,2025-04-22,9,4.0,4,356,297,On Time,0,,932,242606.44,26340.71,216265.73,3.93
5127,FL15126,2024-06-23,13,4.0,5,362,282,On Time,0,,782,198069.97,30566.61,167503.35,3.82
5128,FL15127,2025-05-25,3,4.0,4,85,260,Delayed,29,,82,78268.53,24732.81,53535.72,2.54
5129,FL15128,2024-08-10,4,2.0,2,333,224,On Time,0,,698,136720.95,20903.07,115817.88,3.62
5130,FL15129,2025-01-10,5,5.0,4,91,200,Cancelled,0,Weather,54,0.0,11807.88,-11807.88,2.64
5131,FL15130,2026-01-25,6,2.0,6,296,108,Delayed,171,,51,39044.11,13627.5,25416.62,3.05
5132,FL15131,2026-03-13,14,2.0,1,314,121,Delayed,65,,410,35465.81,17630.21,17835.6,2.13
5133,FL15132,2024-02-02,11,4.0,2,136,177,On Time,0,,50,27658.63,10850.45,16808.19,3.53
5134,FL15133,2025-01-27,9,2.0,3,187,240,Delayed,125,,920,181891.1,28685.89,153205.21,3.89
5135,FL15134,2024-01-19,9,1.0,3,336,91,Cancelled,0,Operational,960,0.0,16064.97,-16064.97,3.28
5136,FL15135,2024-04-14,14,4.0,4,354,305,On Time,0,,358,151210.81,26256.55,124954.26,3.74
5137,FL15136,2024-01-24,7,4.0,3,639,318,Delayed,170,,763,187235.35,34912.09,152323.26,2.53
5138,FL15137,2026-02-02,4,3.0,4,429,107,On Time,0,,675,65666.6,11310.98,54355.62,4.07
5139,FL15138,2025-05-21,3,1.0,1,489,112,Cancelled,0,Crew,98,0.0,8679.08,-8679.08,3.63
5140,FL15139,2024-07-22,5,4.0,2,586,285,On Time,0,,50,44929.77,25759.49,19170.28,4.99
5141,FL15140,2025-03-28,10,1.0,5,247,135,On Time,0,,61,32515.84,11359.43,21156.41,3.66
5142,FL15141,2025-11-24,8,3.0,3,187,131,On Time,0,,770,82965.02,16032.33,66932.69,3.31
5143,FL15142,2024-09-26,7,3.0,5,381,133,On Time,0,,718,91125.82,17669.15,73456.67,4.31
5144,FL15143,2025-02-20,8,4.0,4,332,251,On Time,0,,749,184651.68,23202.11,161449.57,4.23
5145,FL15144,2024-05-16,15,5.0,2,417,120,Delayed,138,,321,36395.03,12238.56,24156.46,3.31
5146,FL15145,2024-07-28,15,1.0,3,495,132,On Time,0,,341,53134.15,10533.3,42600.86,3.59
5147,FL15146,2024-07-29,3,1.0,6,394,181,Cancelled,0,Operational,110,0.0,11981.42,-11981.42,2.15
5148,FL15147,2024-04-05,2,3.0,6,379,228,On Time,0,,1352,250129.49,31150.79,218978.7,4.44
5149,FL15148,2026-02-15,4,5.0,1,532,317,On Time,0,,681,170101.01,27831.46,142269.55,4.58
5150,FL15149,2026-03-03,13,1.0,5,235,144,Cancelled,0,Weather,789,0.0,18100.09,-18100.09,2.77
5151,FL15150,2025-05-19,7,3.0,3,118,148,On Time,0,,738,94444.0,19296.91,75147.09,5.0
5152,FL15151,2024-07-28,13,3.0,1,56,214,Delayed,100,,793,126340.25,26982.99,99357.26,3.45
5153,FL15152,2024-02-13,10,2.0,4,111,186,Cancelled,0,Technical,52,0.0,11758.77,-11758.77,2.89
5154,FL15153,2026-08-04,9,4.0,1,124,228,On Time,0,,938,160611.4,30912.95,129698.46,3.23
5155,FL15154,2025-02-26,5,2.0,2,288,146,Delayed,121,,61,23753.32,11988.23,11765.09,2.19
5156,FL15155,2025-05-15,6,3.0,5,24,232,On Time,0,,50,66004.65,17593.7,48410.94,3.67
5157,FL15156,2025-04-25,3,5.0,5,503,302,On Time,0,,88,92209.25,19519.83,72689.42,4.24
5158,FL15157,2025-11-27,8,2.0,3,400,247,On Time,0,,796,167950.03,28399.69,139550.34,5.0
5159,FL15158,2025-02-21,5,1.0,5,168,259,Delayed,119,,94,90203.99,19154.91,71049.08,3.34
5160,FL15159,2025-06-26,5,5.0,6,329,105,On Time,0,,90,30447.64,9681.21,20766.42,4.38
5161,FL15160,2026-01-04,1,2.0,3,57,297,On Time,0,,705,179496.44,33373.19,146123.25,3.46
5162,FL15161,2026-08-14,12,4.0,2,195,251,Delayed,147,,73,35697.32,26800.61,8896.71,3.44
5163,FL15162,2025-11-03,15,4.0,4,314,234,On Time,0,,321,107839.01,21862.58,85976.43,4.05
5164,FL15163,2024-08-17,8,3.0,1,618,125,Cancelled,0,Crew,765,0.0,16506.99,-16506.99,2.39
5165,FL15164,2024-07-03,9,1.0,6,424,217,On Time,0,,917,183530.2,27518.56,156011.64,4.87
5166,FL15165,2025-01-10,14,5.0,3,326,245,On Time,0,,373,101081.59,18883.51,82198.07,3.91
5167,FL15166,2026-02-22,8,4.0,5,648,233,On Time,0,,766,168598.04,27861.1,140736.93,4.72
5168,FL15167,2026-04-25,10,3.0,5,644,118,On Time,0,,50,29704.8,7241.24,22463.56,4.01
5169,FL15168,2025-03-15,7,5.0,3,348,99,Delayed,164,,757,65867.57,17905.59,47961.97,3.08
5170,FL15169,2024-07-02,8,4.0,6,240,200,Delayed,205,,793,155513.18,23838.48,131674.7,2.79
5171,FL15170,2025-09-19,8,4.0,5,236,254,Delayed,87,,780,189851.27,34464.24,155387.04,3.07
5172,FL15171,2025-08-25,11,1.0,6,405,178,On Time,0,,74,51975.94,12143.7,39832.24,4.95
5173,FL15172,2024-05-09,10,4.0,1,512,248,On Time,0,,67,27690.69,18780.67,8910.02,3.42
5174,FL15173,2026-05-09,8,2.0,3,202,312,On Time,0,,766,201560.03,31031.81,170528.21,4.43
5175,FL15174,2026-06-27,2,1.0,6,552,294,On Time,0,,1402,336041.57,37174.22,298867.34,3.8
5176,FL15175,2026-08-08,14,2.0,5,606,235,On Time,0,,376,117102.7,16872.45,100230.25,4.38
5177,FL15176,2025-05-25,14,1.0,3,369,257,On Time,0,,358,98567.48,22394.9,76172.57,4.13
5178,FL15177,2026-02-05,3,1.0,1,167,110,Delayed,189,,100,20080.13,13074.44,7005.69,2.43
5179,FL15178,2024-01-30,5,4.0,2,194,109,Delayed,62,,78,15453.56,13465.98,1987.58,3.41
5180,FL15179,2024-03-08,15,3.0,4,128,251,Delayed,59,,326,96846.68,27264.67,69582.01,4.71
5181,FL15180,2024-01-08,5,2.0,4,172,274,On Time,0,,91,68861.77,17649.8,51211.96,4.2
5182,FL15181,2025-06-27,13,1.0,6,414,134,On Time,0,,796,96680.79,16290.55,80390.24,4.6
5183,FL15182,2025-02-27,12,4.0,1,34,226,On Time,0,,80,28352.04,18476.36,9875.68,4.19
5184,FL15183,2025-10-20,13,4.0,3,212,155,On Time,0,,781,110332.76,17372.14,92960.62,4.51
5185,FL15184,2024-07-27,1,3.0,2,551,114,On Time,0,,706,70149.25,14979.75,55169.5,3.53
5186,FL15185,2024-10-19,8,1.0,6,567,177,Delayed,73,,782,147819.79,24201.75,123618.04,3.22
5187,FL15186,2024-11-23,9,1.0,1,49,192,On Time,0,,970,133827.85,21025.49,112802.35,4.57
5188,FL15187,2025-10-10,13,1.0,2,79,268,On Time,0,,809,172877.89,30958.01,141919.88,3.77
5189,FL15188,2024-11-10,4,1.0,2,153,288,On Time,0,,664,160438.03,25657.49,134780.54,4.7
5190,FL15189,2026-05-22,5,5.0,1,40,307,Cancelled,0,Weather,63,0.0,27715.42,-27715.42,2.35
5191,FL15190,2024-08-24,3,2.0,4,369,114,On Time,0,,71,33594.89,8626.16,24968.73,4.04
5192,FL15191,2025-09-11,12,4.0,4,18,302,Delayed,191,,126,94176.95,26990.84,67186.11,3.13
5193,FL15192,2024-08-22,15,5.0,4,160,209,On Time,0,,312,91235.37,15327.93,75907.44,5.0
5194,FL15193,2025-04-17,3,5.0,6,198,129,On Time,0,,100,39316.82,10234.32,29082.49,3.75
5195,FL15194,2025-07-22,4,2.0,3,570,238,Delayed,114,,681,145467.23,23176.43,122290.79,3.57
5196,FL15195,2025-12-27,5,3.0,2,524,103,On Time,0,,50,15331.01,8728.26,6602.75,2.71
5197,FL15196,2026-06-17,14,3.0,3,486,196,Delayed,206,,366,78280.93,25759.3,52521.63,2.54
5198,FL15197,2024-10-11,7,1.0,5,600,280,On Time,0,,733,210285.02,31391.31,178893.71,4.2
5199,FL15198,2026-01-15,5,4.0,4,639,313,On Time,0,,78,63793.99,25124.09,38669.9,3.83
5200,FL15199,2025-10-02,5,3.0,2,588,156,On Time,0,,77,39265.88,9680.57,29585.31,3.84
5201,FL15200,2026-01-03,9,2.0,5,614,130,Delayed,90,,919,109262.88,21234.09,88028.79,3.09
5202,FL15201,2025-04-30,6,3.0,5,606,224,Delayed,237,,77,59849.68,17001.35,42848.33,3.18
5203,FL15202,2024-08-10,3,4.0,2,142,126,Delayed,70,,115,24766.88,12025.34,12741.54,2.19
5204,FL15203,2025-08-08,13,1.0,4,195,315,On Time,0,,803,210585.77,26902.71,183683.06,3.94
5205,FL15204,2025-01-08,7,4.0,4,309,165,On Time,0,,731,105535.32,20516.36,85018.96,3.86
5206,FL15205,2025-04-14,4,5.0,2,359,132,On Time,0,,696,74588.63,14306.99,60281.64,4.69
5207,FL15206,2024-06-11,11,4.0,1,296,144,On Time,0,,69,18617.44,10352.13,8265.31,4.54
5208,FL15207,2025-02-01,12,4.0,5,228,176,On Time,0,,124,46907.72,10454.35,36453.37,2.16
5209,FL15208,2025-08-13,3,1.0,4,285,260,Cancelled,0,Operational,130,0.0,20083.92,-20083.92,2.52
5210,FL15209,2024-02-19,2,4.0,5,459,289,On Time,0,,1379,298822.67,31960.87,266861.8,5.0
5211,FL15210,2024-12-03,1,4.0,3,484,259,On Time,0,,704,144524.98,29723.7,114801.27,4.59
5212,FL15211,2025-08-18,12,3.0,4,591,239,Delayed,144,,96,52413.45,25205.89,27207.55,3.62
5213,FL15212,2025-03-27,10,3.0,6,523,152,On Time,0,,62,56368.65,13742.26,42626.38,3.67
5214,FL15213,2026-07-25,12,4.0,2,108,305,Delayed,99,,100,63553.41,25692.38,37861.03,3.78
5215,FL15214,2026-06-03,10,1.0,4,132,319,On Time,0,,51,83962.39,25242.55,58719.84,3.02
5216,FL15215,2024-12-05,7,2.0,1,314,235,On Time,0,,777,130223.87,24389.05,105834.82,3.63
5217,FL15216,2026-07-24,9,4.0,1,562,270,On Time,0,,929,188721.87,33541.97,155179.9,4.22
5218,FL15217,2025-08-21,11,5.0,6,292,159,On Time,0,,92,56755.78,10872.28,45883.5,4.39
5219,FL15218,2024-11-09,6,2.0,1,84,192,Delayed,212,,50,30292.55,13832.86,16459.69,3.44
5220,FL15219,2025-11-24,14,3.0,4,591,275,On Time,0,,386,138369.43,21510.94,116858.49,4.26
5221,FL15220,2024-04-17,14,5.0,4,385,187,On Time,0,,385,83111.87,16852.17,66259.71,4.11
5222,FL15221,2025-08-01,13,1.0,5,576,264,On Time,0,,797,197593.95,28408.75,169185.21,3.8
5223,FL15222,2026-05-28,15,2.0,4,235,287,On Time,0,,325,124454.81,21123.37,103331.44,4.87
5224,FL15223,2026-05-12,6,1.0,5,560,304,On Time,0,,99,76267.04,24073.89,52193.15,5.0
5225,FL15224,2024-04-14,2,2.0,6,36,157,Delayed,182,,1361,175289.86,24942.84,150347.02,3.27
5226,FL15225,2026-06-11,8,4.0,5,485,199,On Time,0,,760,130454.5,19402.85,111051.65,3.24
5227,FL15226,2025-01-02,12,2.0,5,640,178,On Time,0,,77,52444.03,16471.16,35972.87,3.85
5228,FL15227,2026-04-14,12,5.0,1,597,205,On Time,0,,87,30628.21,17535.73,13092.47,4.06
5229,FL15228,2025-05-27,6,5.0,2,300,260,On Time,0,,85,43325.57,23454.1,19871.47,2.56
5230,FL15229,2025-02-06,5,5.0,3,649,164,On Time,0,,85,32232.07,11737.36,20494.71,4.87
5231,FL15230,2025-03-14,7,4.0,4,641,143,Delayed,137,,714,96763.68,20916.84,75846.84,2.89
5232,FL15231,2024-05-14,13,4.0,5,85,151,Delayed,181,,777,105170.88,19776.44,85394.44,2.76
5233,FL15232,2025-11-06,1,3.0,5,319,266,On Time,0,,682,196208.16,27508.13,168700.03,3.78
5234,FL15233,2025-01-18,5,5.0,1,593,319,On Time,0,,61,51251.13,18332.71,32918.42,3.69
5235,FL15234,2024-10-17,4,1.0,2,568,113,On Time,0,,714,60386.77,11758.38,48628.39,4.04
5236,FL15235,2025-05-16,13,4.0,1,359,314,Delayed,28,,796,191587.91,27292.23,164295.67,3.81
5237,FL15236,2024-11-02,8,1.0,4,157,97,On Time,0,,792,69822.53,16317.4,53505.13,4.83
5238,FL15237,2024-02-10,2,2.0,4,175,211,On Time,0,,1381,223220.93,31350.61,191870.32,4.51
5239,FL15238,2026-01-12,4,2.0,1,60,120,Cancelled,0,Technical,683,0.0,16463.0,-16463.0,2.39
5240,FL15239,2026-03-14,1,4.0,6,371,309,On Time,0,,678,242821.48,24833.77,217987.72,3.93
5241,FL15240,2026-04-05,8,4.0,2,18,265,Delayed,219,,769,168906.13,32464.06,136442.06,3.37
5242,FL15241,2026-04-28,15,1.0,4,323,171,On Time,0,,348,62472.24,12875.49,49596.75,4.2
5243,FL15242,2024-02-25,9,4.0,5,114,247,On Time,0,,957,204656.55,31806.06,172850.49,4.32
5244,FL15243,2025-08-28,14,2.0,1,352,285,On Time,0,,393,94916.08,23079.6,71836.48,4.05
5245,FL15244,2024-07-07,12,1.0,6,37,140,On Time,0,,115,46815.99,11971.37,34844.63,3.94
5246,FL15245,2025-07-09,14,3.0,6,242,236,On Time,0,,394,111856.9,18466.3,93390.6,4.59
5247,FL15246,2026-07-12,5,3.0,6,225,158,Delayed,40,,60,50196.83,14887.71,35309.12,3.21
5248,FL15247,2025-01-06,15,2.0,1,420,254,Delayed,153,,300,69826.16,23425.21,46400.95,3.92
5249,FL15248,2025-04-26,4,2.0,3,443,220,On Time,0,,721,128758.55,21511.19,107247.35,4.53
5250,FL15249,2026-07-25,7,5.0,2,441,255,On Time,0,,736,153589.19,21954.17,131635.01,4.94
5251,FL15250,2025-08-31,11,2.0,3,320,236,On Time,0,,57,45811.81,17819.34,27992.48,4.14
5252,FL15251,2025-02-21,5,5.0,6,41,236,On Time,0,,64,72129.92,13964.69,58165.23,4.94
5253,FL15252,2026-07-13,4,5.0,5,587,109,Delayed,79,,725,75886.68,18467.7,57418.98,3.1
5254,FL15253,2024-07-16,2,2.0,5,501,286,On Time,0,,1386,299985.14,32731.02,267254.13,4.22
5255,FL15254,2025-03-05,1,3.0,3,434,129,Cancelled,0,Operational,696,0.0,15750.36,-15750.36,3.5
5256,FL15255,2026-07-09,8,4.0,6,355,180,On Time,0,,790,127996.09,19701.0,108295.08,3.34
5257,FL15256,2025-11-03,15,3.0,6,369,207,On Time,0,,356,93191.35,19992.08,73199.27,3.74
5258,FL15257,2026-03-11,4,3.0,5,569,285,Delayed,190,,702,191525.51,25918.61,165606.91,2.87
5259,FL15258,2024-09-08,7,2.0,5,202,234,On Time,0,,740,167574.71,26790.95,140783.76,3.96
5260,FL15259,2024-11-09,15,1.0,4,424,132,On Time,0,,290,50263.51,13816.68,36446.83,3.65
5261,FL15260,2025-03-10,12,1.0,1,646,155,On Time,0,,121,27980.36,11685.32,16295.03,4.07
5262,FL15261,2025-06-18,1,2.0,2,646,135,Delayed,130,,683,77113.02,18257.03,58855.98,3.25
5263,FL15262,2025-07-17,8,4.0,5,491,225,On Time,0,,743,151112.0,21581.96,129530.04,3.82
5264,FL15263,2025-07-14,3,2.0,2,483,254,On Time,0,,60,50872.29,23066.43,27805.86,4.1
5265,FL15264,2024-07-18,4,1.0,2,75,253,On Time,0,,678,152888.53,20261.92,132626.62,3.56
5266,FL15265,2026-04-20,4,2.0,6,288,262,On Time,0,,705,166704.12,20449.6,146254.52,3.44
5267,FL15266,2026-02-26,10,3.0,3,544,251,Cancelled,0,Crew,84,0.0,22321.77,-22321.77,2.22
5268,FL15267,2025-06-08,3,2.0,6,156,297,On Time,0,,103,92903.64,26008.04,66895.6,2.84
5269,FL15268,2024-05-01,4,2.0,2,223,298,On Time,0,,730,150424.83,28732.63,121692.19,3.56
5270,FL15269,2025-02-04,4,1.0,3,412,153,On Time,0,,687,92158.76,13475.27,78683.49,4.35
5271,FL15270,2024-12-01,6,2.0,3,629,160,On Time,0,,66,38814.09,12505.06,26309.03,3.87
5272,FL15271,2025-07-20,10,2.0,3,324,102,Cancelled,0,Technical,50,0.0,8901.85,-8901.85,3.01
5273,FL15272,2024-12-25,6,5.0,3,523,151,On Time,0,,59,33885.3,10240.7,23644.6,3.74
5274,FL15273,2026-07-20,5,5.0,2,281,206,Delayed,95,,50,51498.1,14551.71,36946.39,4.56
5275,FL15274,2025-08-13,8,2.0,5,426,241,On Time,0,,754,175254.69,27870.02,147384.68,4.11
5276,FL15275,2024-02-20,10,1.0,2,539,291,On Time,0,,73,80530.49,24183.56,56346.93,3.63
5277,FL15276,2024-09-05,1,1.0,3,572,226,On Time,0,,670,146173.88,21175.51,124998.37,3.31
5278,FL15277,2025-09-11,14,2.0,6,597,313,On Time,0,,360,161994.32,30661.36,131332.96,5.0
5279,FL15278,2024-06-06,14,3.0,3,563,217,On Time,0,,356,91346.98,20033.17,71313.8,3.09
5280,FL15279,2024-03-19,10,3.0,1,298,287,On Time,0,,76,36210.73,25563.67,10647.06,3.48
5281,FL15280,2025-05-07,9,2.0,1,68,275,Cancelled,0,Operational,978,0.0,24931.61,-24931.61,2.48
5282,FL15281,2024-09-08,11,2.0,3,21,202,Delayed,228,,65,46551.81,15356.72,31195.1,3.28
5283,FL15282,2024-01-20,7,2.0,4,646,290,On Time,0,,757,186935.38,29844.09,157091.29,4.23
5284,FL15283,2025-10-28,6,3.0,6,572,288,On Time,0,,50,77817.89,20400.73,57417.16,4.04
5285,FL15284,2025-11-26,6,4.0,1,192,161,Delayed,191,,95,30548.91,12276.8,18272.1,3.06
5286,FL15285,2025-11-11,3,1.0,4,29,139,On Time,0,,82,41456.32,11788.38,29667.94,3.09
5287,FL15286,2024-03-30,13,3.0,2,380,117,On Time,0,,806,67029.52,15711.28,51318.24,5.0
5288,FL15287,2026-03-09,5,4.0,3,293,301,Delayed,96,,66,65252.19,21352.77,43899.42,3.47
5289,FL15288,2024-03-26,5,4.0,3,321,191,On Time,0,,50,47128.78,13856.1,33272.69,4.37
5290,FL15289,2025-06-01,15,3.0,2,216,220,On Time,0,,314,81692.71,20423.34,61269.37,3.56
5291,FL15290,2026-07-05,8,3.0,1,5,152,On Time,0,,784,84468.08,19755.71,64712.37,3.81
5292,FL15291,2026-02-07,10,4.0,1,235,179,On Time,0,,50,30738.61,13057.15,17681.46,4.76
5293,FL15292,2026-06-20,4,2.0,4,266,182,Delayed,59,,701,115211.17,17476.38,97734.78,1.87
5294,FL15293,2025-04-27,5,3.0,2,416,223,Delayed,95,,50,42237.03,17233.03,25003.99,3.8
5295,FL15294,2025-02-11,11,2.0,2,153,130,Cancelled,0,Crew,77,0.0,11303.85,-11303.85,2.84
5296,FL15295,2024-07-12,7,3.0,1,557,270,On Time,0,,711,109283.76,30000.29,79283.47,4.27
5297,FL15296,2026-08-06,3,1.0,1,534,179,Delayed,53,,105,23622.36,16942.02,6680.34,4.38
5298,FL15297,2025-03-02,13,2.0,1,469,145,Delayed,179,,809,87910.63,19197.79,68712.84,2.99
5299,FL15298,2025-08-05,7,1.0,3,245,93,On Time,0,,735,57340.07,11934.85,45405.22,2.24
5300,FL15299,2024-06-14,11,2.0,1,284,113,Cancelled,0,Operational,65,0.0,8303.86,-8303.86,2.29
5301,FL15300,2024-10-21,6,3.0,2,612,151,Cancelled,0,Technical,101,0.0,11267.42,-11267.42,3.01
5302,FL15301,2025-06-06,9,3.0,2,502,258,Delayed,69,,930,181807.9,30637.55,151170.35,4.37
5303,FL15302,2026-03-06,12,5.0,2,371,286,Cancelled,0,Technical,86,0.0,18942.85,-18942.85,2.75
5304,FL15303,2025-05-09,14,1.0,1,421,309,On Time,0,,404,81640.9,21815.08,59825.82,5.0
5305,FL15304,2024-07-05,4,5.0,1,634,158,On Time,0,,704,74786.36,21497.71,53288.66,2.49
5306,FL15305,2024-09-07,11,2.0,6,320,236,Delayed,108,,62,63460.98,19308.5,44152.48,2.97
5307,FL15306,2025-07-21,14,4.0,5,235,151,Delayed,184,,367,75535.09,19369.42,56165.67,3.97
5308,FL15307,2025-04-10,10,4.0,1,218,122,On Time,0,,80,15388.03,9941.24,5446.79,4.61
5309,FL15308,2024-07-27,3,5.0,2,567,214,On Time,0,,72,37552.03,18508.75,19043.28,2.73
5310,FL15309,2025-08-01,3,1.0,3,318,237,On Time,0,,142,48933.13,15428.59,33504.53,3.45
5311,FL15310,2025-10-02,4,5.0,6,242,264,Delayed,129,,671,178262.22,21436.67,156825.55,3.21
5312,FL15311,2025-02-20,2,1.0,6,512,116,On Time,0,,1344,133089.25,21695.41,111393.84,3.57
5313,FL15312,2026-05-12,12,5.0,5,552,261,On Time,0,,103,78937.4,19976.27,58961.12,4.76
5314,FL15313,2024-08-02,15,4.0,1,446,159,On Time,0,,343,53852.73,12802.62,41050.11,4.01
5315,FL15314,2024-12-23,8,3.0,3,567,154,On Time,0,,761,88277.65,19935.42,68342.23,3.06
5316,FL15315,2026-07-02,9,2.0,3,526,97,Cancelled,0,Technical,979,0.0,15470.04,-15470.04,3.3
5317,FL15316,2024-03-09,12,1.0,4,437,137,On Time,0,,103,33872.19,8687.98,25184.21,4.33
5318,FL15317,2026-02-07,7,5.0,6,641,202,On Time,0,,733,145217.49,23549.99,121667.5,3.25
5319,FL15318,2024-06-10,8,4.0,2,245,133,On Time,0,,788,88092.41,17555.58,70536.82,3.42
5320,FL15319,2024-07-23,9,5.0,4,631,163,Delayed,132,,969,125934.66,22250.51,103684.15,2.84
5321,FL15320,2024-06-06,5,4.0,2,219,211,On Time,0,,99,40726.46,12714.7,28011.76,4.89
5322,FL15321,2025-04-01,1,5.0,2,598,112,On Time,0,,707,59572.45,14910.74,44661.72,3.94
5323,FL15322,2024-07-25,9,5.0,2,451,291,On Time,0,,920,208796.53,34513.07,174283.47,2.56
5324,FL15323,2024-12-28,13,3.0,5,491,161,Delayed,177,,768,108160.82,18828.5,89332.32,2.52
5325,FL15324,2024-06-27,2,4.0,3,644,264,Delayed,20,,1338,266110.45,33708.02,232402.43,3.77
5326,FL15325,2026-08-12,4,2.0,5,646,238,Delayed,41,,682,162075.45,26749.53,135325.93,3.03
5327,FL15326,2025-09-02,4,4.0,5,596,262,On Time,0,,696,185030.45,21006.73,164023.72,3.2
5328,FL15327,2025-11-22,13,4.0,3,309,156,Cancelled,0,Crew,797,0.0,17944.62,-17944.62,2.75
5329,FL15328,2024-02-25,8,3.0,6,308,129,Delayed,184,,803,95006.73,18376.27,76630.45,3.94
5330,FL15329,2025-09-13,9,4.0,1,94,122,On Time,0,,904,80362.1,17119.84,63242.27,5.0
5331,FL15330,2026-01-05,10,2.0,6,248,142,Cancelled,0,Crew,61,0.0,11092.81,-11092.81,2.96
5332,FL15331,2024-05-20,5,4.0,1,525,215,Delayed,180,,76,23018.61,16539.29,6479.32,3.62
5333,FL15332,2026-06-14,11,3.0,3,384,233,Delayed,148,,50,31524.28,22310.11,9214.18,3.23
5334,FL15333,2024-07-01,1,2.0,5,113,263,Delayed,148,,712,167275.91,24110.83,143165.08,3.44
5335,FL15334,2026-06-02,2,5.0,5,202,311,On Time,0,,1421,335347.05,35607.86,299739.19,3.4
5336,FL15335,2026-06-11,13,1.0,2,334,280,On Time,0,,808,172848.61,31073.95,141774.66,4.94
5337,FL15336,2024-09-07,10,4.0,6,190,172,On Time,0,,67,57047.96,12707.15,44340.81,3.7
5338,FL15337,2025-03-06,3,2.0,1,587,198,On Time,0,,91,37353.05,14912.46,22440.59,3.29
5339,FL15338,2024-05-19,7,2.0,5,533,309,On Time,0,,743,209506.85,28950.09,180556.76,3.5
5340,FL15339,2024-01-15,1,1.0,4,510,253,On Time,0,,734,147252.1,27355.5,119896.61,4.43
5341,FL15340,2025-03-18,11,1.0,2,533,185,Delayed,70,,60,35133.85,17872.07,17261.78,2.85
5342,FL15341,2025-04-20,12,1.0,6,206,281,On Time,0,,120,93806.7,16400.07,77406.63,4.99
5343,FL15342,2024-06-10,5,5.0,5,98,121,Delayed,119,,76,32882.29,10548.59,22333.71,3.72
5344,FL15343,2025-08-15,6,5.0,1,152,244,On Time,0,,103,45436.43,18842.26,26594.17,4.56
5345,FL15344,2026-05-23,4,3.0,1,97,308,On Time,0,,717,167326.91,31076.09,136250.82,3.73
5346,FL15345,2024-10-05,6,1.0,1,396,211,On Time,0,,75,31186.11,12996.2,18189.91,3.6
5347,FL15346,2025-12-31,5,5.0,3,156,231,On Time,0,,69,50019.8,17101.27,32918.54,4.02
5348,FL15347,2025-02-11,4,4.0,3,492,103,On Time,0,,689,64605.69,15281.76,49323.93,3.23
5349,FL15348,2025-02-28,7,3.0,5,527,229,On Time,0,,757,153341.98,23935.87,129406.12,4.31
5350,FL15349,2024-09-21,13,5.0,5,497,156,On Time,0,,781,108684.0,19841.37,88842.63,4.6
5351,FL15350,2026-08-05,12,3.0,1,199,318,On Time,0,,99,48011.73,21851.24,26160.49,3.55
5352,FL15351,2025-02-27,5,2.0,3,498,163,On Time,0,,63,27640.28,12987.34,14652.94,4.45
5353,FL15352,2026-06-02,15,4.0,5,120,162,On Time,0,,305,71670.47,16070.15,55600.33,4.17
5354,FL15353,2026-07-31,4,3.0,6,2,180,On Time,0,,700,127060.79,21344.34,105716.45,4.73
5355,FL15354,2024-06-29,14,4.0,2,442,250,On Time,0,,361,93335.48,23390.92,69944.56,5.0
5356,FL15355,2025-03-15,5,4.0,1,456,308,On Time,0,,57,39470.32,21113.05,18357.27,4.51
5357,FL15356,2024-03-12,9,5.0,1,519,169,Delayed,26,,959,124908.81,26917.32,97991.48,3.26
5358,FL15357,2026-02-11,4,2.0,3,428,138,Delayed,213,,699,86998.39,18838.94,68159.45,4.08
5359,FL15358,2024-12-09,12,1.0,3,319,265,Delayed,144,,99,59830.4,20524.85,39305.56,3.33
5360,FL15359,2024-05-03,5,3.0,3,261,214,Delayed,190,,50,45807.98,17731.87,28076.11,3.13
5361,FL15360,2024-07-31,14,4.0,1,460,194,On Time,0,,413,75450.88,15751.01,59699.87,3.6
5362,FL15361,2026-01-26,2,5.0,3,650,317,On Time,0,,1348,313684.37,35781.47,277902.9,4.06
5363,FL15362,2024-03-31,8,2.0,2,274,203,On Time,0,,795,117984.42,21817.58,96166.84,4.65
5364,FL15363,2025-04-30,3,4.0,3,292,232,On Time,0,,122,55011.01,14524.08,40486.93,3.33
5365,FL15364,2026-07-04,14,5.0,1,159,315,On Time,0,,361,111899.56,26713.25,85186.31,3.19
5366,FL15365,2024-12-17,7,5.0,5,46,138,On Time,0,,730,98096.98,18257.76,79839.22,3.21
5367,FL15366,2024-07-02,11,5.0,3,468,297,Cancelled,0,Crew,56,0.0,17190.2,-17190.2,3.66
5368,FL15367,2025-07-06,14,5.0,2,39,310,On Time,0,,397,108534.04,25746.29,82787.75,4.26
5369,FL15368,2025-08-28,9,4.0,6,41,198,On Time,0,,926,159776.94,26739.49,133037.45,4.96
5370,FL15369,2024-12-01,1,2.0,5,277,167,Delayed,76,,680,108894.88,25245.79,83649.09,2.96
5371,FL15370,2025-11-24,4,3.0,1,426,127,On Time,0,,694,69578.78,15456.25,54122.53,3.21
5372,FL15371,2026-02-14,4,4.0,1,401,101,On Time,0,,684,50018.6,13518.3,36500.3,5.0
5373,FL15372,2025-09-08,14,2.0,1,642,316,On Time,0,,389,86288.78,25787.17,60501.62,3.52
5374,FL15373,2026-01-26,14,4.0,4,650,189,On Time,0,,409,85201.09,16422.7,68778.39,4.44
5375,FL15374,2024-11-29,8,3.0,3,242,243,Cancelled,0,Operational,748,0.0,24826.33,-24826.33,2.13
5376,FL15375,2024-08-08,14,4.0,3,284,145,Delayed,107,,389,50793.77,19170.14,31623.63,3.42
5377,FL15376,2026-05-03,4,3.0,4,204,164,On Time,0,,683,104157.35,20477.79,83679.56,3.89
5378,FL15377,2025-02-17,11,4.0,4,373,278,On Time,0,,67,64573.97,21825.45,42748.51,3.07
5379,FL15378,2024-04-13,6,1.0,1,393,240,On Time,0,,59,48518.25,21172.69,27345.56,5.0
5380,FL15379,2024-05-12,4,4.0,1,549,140,On Time,0,,672,74285.33,18102.59,56182.74,3.42
5381,FL15380,2026-07-26,4,5.0,5,226,91,On Time,0,,703,62609.18,13673.29,48935.88,3.39
5382,FL15381,2024-01-06,7,5.0,6,462,278,On Time,0,,793,202424.85,22649.92,179774.94,3.57
5383,FL15382,2026-04-04,6,5.0,6,81,108,Delayed,28,,69,32139.34,12871.01,19268.33,1.88
5384,FL15383,2024-10-11,4,2.0,6,593,98,Delayed,96,,681,67172.49,16086.65,51085.84,3.09
5385,FL15384,2026-08-12,6,1.0,3,68,159,Delayed,102,,56,39962.04,15824.17,24137.87,2.87
5386,FL15385,2025-06-21,2,4.0,5,416,303,Delayed,170,,1385,335170.3,33411.56,301758.74,3.95
5387,FL15386,2025-12-20,15,1.0,6,93,238,On Time,0,,314,101601.72,21453.05,80148.67,4.21
5388,FL15387,2025-12-28,6,2.0,6,610,99,Delayed,15,,97,27205.08,9993.7,17211.38,2.48
5389,FL15388,2025-03-04,2,4.0,1,556,300,Delayed,186,,1333,269472.7,40150.8,229321.9,2.88
5390,FL15389,2026-06-29,9,3.0,1,417,305,On Time,0,,949,219097.81,26138.42,192959.39,5.0
5391,FL15390,2025-11-21,14,4.0,3,273,250,On Time,0,,405,87537.98,23087.4,64450.58,3.41
5392,FL15391,2025-02-09,6,4.0,4,84,106,On Time,0,,86,29258.87,7402.59,21856.28,4.54
5393,FL15392,2024-12-07,13,1.0,6,629,93,Cancelled,0,Crew,807,0.0,13191.9,-13191.9,2.56
5394,FL15393,2024-01-04,10,4.0,2,224,290,Delayed,145,,66,51471.65,26858.15,24613.51,2.65
5395,FL15394,2024-08-07,12,3.0,5,76,279,Delayed,91,,119,78851.04,21934.07,56916.97,2.95
5396,FL15395,2025-09-14,5,3.0,6,302,281,On Time,0,,50,100429.85,16190.87,84238.98,4.96
5397,FL15396,2025-10-20,1,3.0,6,40,201,Cancelled,0,Operational,691,0.0,18544.97,-18544.97,2.05
5398,FL15397,2024-07-17,6,3.0,2,521,226,On Time,0,,63,28917.31,13460.92,15456.39,4.43
5399,FL15398,2025-03-15,14,3.0,2,276,129,On Time,0,,421,43002.63,12652.61,30350.02,4.79
5400,FL15399,2025-07-05,12,2.0,2,194,98,On Time,0,,106,13387.63,6295.32,7092.31,3.64
5401,FL15400,2024-07-07,12,2.0,5,168,140,Delayed,55,,110,47766.14,11509.32,36256.81,3.95
5402,FL15401,2025-03-08,14,1.0,5,321,232,Delayed,222,,388,123098.95,23835.35,99263.61,3.85
5403,FL15402,2026-02-09,6,2.0,3,55,182,On Time,0,,87,45776.58,16027.97,29748.61,3.48
5404,FL15403,2024-09-23,5,2.0,1,146,232,On Time,0,,50,31503.36,15000.64,16502.72,3.38
5405,FL15404,2026-01-06,14,3.0,4,217,191,On Time,0,,383,75602.91,19252.5,56350.41,3.9
5406,FL15405,2024-10-13,9,5.0,5,244,218,On Time,0,,941,170990.39,28677.69,142312.71,4.07
5407,FL15406,2024-04-02,5,1.0,3,10,308,Delayed,94,,57,54266.35,25980.26,28286.09,3.06
5408,FL15407,2024-11-23,5,2.0,2,183,235,On Time,0,,60,40937.17,19305.65,21631.52,4.37
5409,FL15408,2025-02-05,14,1.0,4,248,309,On Time,0,,403,152741.94,25339.89,127402.05,3.5
5410,FL15409,2024-06-16,1,5.0,4,611,312,On Time,0,,708,214015.82,23981.88,190033.93,3.41
5411,FL15410,2025-11-28,1,4.0,4,579,232,Delayed,51,,727,143940.51,28167.57,115772.94,3.3
5412,FL15411,2025-11-07,12,2.0,6,588,318,Delayed,154,,55,81374.75,33445.91,47928.84,3.45
5413,FL15412,2025-06-13,1,3.0,2,118,147,On Time,0,,733,77422.01,15604.16,61817.85,4.85
5414,FL15413,2025-01-12,3,4.0,4,475,209,On Time,0,,83,63907.19,13594.88,50312.31,4.3
5415,FL15414,2024-02-25,15,5.0,6,4,107,Delayed,48,,358,52120.45,10284.83,41835.62,3.76
5416,FL15415,2025-11-18,7,3.0,2,80,111,On Time,0,,730,63969.56,14046.68,49922.88,3.78
5417,FL15416,2024-11-18,11,2.0,2,18,120,On Time,0,,74,19309.46,10900.06,8409.4,3.78
5418,FL15417,2025-07-11,8,4.0,1,613,120,On Time,0,,759,66446.43,14666.18,51780.24,3.59
5419,FL15418,2024-11-01,2,4.0,3,196,184,Cancelled,0,Weather,1342,0.0,25449.1,-25449.1,3.12
5420,FL15419,2024-08-05,3,4.0,1,102,255,Delayed,172,,108,59082.79,25076.42,34006.37,3.39
5421,FL15420,2025-07-18,12,1.0,5,75,316,On Time,0,,50,113545.72,22342.67,91203.06,4.06
5422,FL15421,2024-11-03,2,4.0,1,36,315,On Time,0,,1342,287038.92,35561.66,251477.26,3.87
5423,FL15422,2025-02-11,9,1.0,5,67,131,On Time,0,,961,99542.25,17247.65,82294.6,3.97
5424,FL15423,2026-06-04,6,5.0,4,29,190,On Time,0,,63,48338.97,11305.71,37033.26,5.0
5425,FL15424,2024-08-31,6,5.0,6,386,189,On Time,0,,53,59221.0,14081.43,45139.57,4.18
5426,FL15425,2025-02-08,15,3.0,3,182,112,On Time,0,,362,44350.32,9849.89,34500.43,4.38
5427,FL15426,2024-11-15,10,4.0,3,624,99,On Time,0,,98,23488.86,8215.26,15273.61,4.3
5428,FL15427,2024-04-18,10,1.0,2,105,171,On Time,0,,61,22469.25,11658.97,10810.28,3.89
5429,FL15428,2025-02-09,6,5.0,4,124,287,On Time,0,,96,84179.29,24222.84,59956.45,4.35
5430,FL15429,2025-09-08,6,2.0,2,111,178,On Time,0,,101,29572.8,13974.72,15598.09,4.01
5431,FL15430,2024-11-09,11,2.0,1,223,178,Delayed,215,,66,28849.68,19425.62,9424.06,2.49
5432,FL15431,2024-11-23,1,4.0,6,185,319,On Time,0,,693,222781.21,32442.67,190338.54,3.62
5433,FL15432,2025-10-06,4,5.0,5,625,176,Delayed,185,,697,123162.54,25722.33,97440.21,4.6
5434,FL15433,2025-03-22,10,3.0,1,574,247,Delayed,93,,50,14820.0,18426.22,-3606.22,4.06
5435,FL15434,2025-07-12,10,3.0,4,59,315,Cancelled,0,Operational,72,0.0,22527.34,-22527.34,2.81
5436,FL15435,2024-07-16,2,3.0,2,589,117,On Time,0,,1359,110668.29,22599.68,88068.61,4.44
5437,FL15436,2025-03-15,12,2.0,2,640,207,On Time,0,,97,40726.47,17318.38,23408.1,4.14
5438,FL15437,2024-01-13,9,3.0,3,590,167,On Time,0,,946,132734.04,20055.92,112678.12,5.0
5439,FL15438,2025-06-29,4,5.0,5,592,117,On Time,0,,678,74808.6,11444.42,63364.18,3.92
5440,FL15439,2025-07-14,12,2.0,1,509,101,On Time,0,,96,12683.03,6284.95,6398.08,4.15
5441,FL15440,2024-06-12,15,4.0,3,177,238,On Time,0,,305,85913.42,16623.67,69289.75,3.48
5442,FL15441,2025-02-19,7,4.0,6,429,240,On Time,0,,728,171245.41,20798.92,150446.49,3.91
5443,FL15442,2025-10-19,5,5.0,3,157,219,Delayed,191,,50,38115.7,20330.96,17784.75,1.52
5444,FL15443,2025-01-23,5,4.0,1,384,244,On Time,0,,50,35262.76,18500.83,16761.93,4.17
5445,FL15444,2026-07-11,9,5.0,3,5,255,Delayed,35,,900,192980.42,27464.78,165515.64,3.95
5446,FL15445,2026-06-03,1,4.0,5,646,103,Delayed,64,,695,70939.15,17222.73,53716.41,4.4
5447,FL15446,2024-05-22,8,5.0,6,2,97,On Time,0,,790,70452.56,14350.23,56102.33,4.31
5448,FL15447,2024-09-07,1,4.0,4,203,167,On Time,0,,707,100948.98,17013.7,83935.29,3.76
5449,FL15448,2024-10-31,1,5.0,1,68,220,On Time,0,,725,116242.31,19996.57,96245.74,3.47
5450,FL15449,2025-07-15,7,5.0,5,478,297,Delayed,68,,719,203496.5,35442.31,168054.19,2.99
5451,FL15450,2025-07-27,12,5.0,5,407,315,Delayed,148,,87,91750.25,27098.44,64651.81,2.26
5452,FL15451,2026-03-03,14,3.0,4,43,280,Delayed,118,,410,117879.15,24818.35,93060.8,3.14
5453,FL15452,2024-12-10,2,4.0,6,380,156,Delayed,176,,1364,175742.02,22325.72,153416.3,2.5
5454,FL15453,2025-03-11,4,5.0,5,58,222,On Time,0,,699,140861.93,20668.77,120193.16,3.61
5455,FL15454,2025-04-13,7,2.0,2,436,116,Delayed,30,,780,67798.97,18075.9,49723.07,3.17
5456,FL15455,2025-12-22,9,1.0,3,381,201,Delayed,48,,940,148845.95,24803.71,124042.24,3.51
5457,FL15456,2025-03-11,15,5.0,4,34,112,Delayed,148,,322,45676.84,12936.25,32740.59,2.23
5458,FL15457,2025-06-19,11,4.0,3,558,318,On Time,0,,50,80226.45,21878.23,58348.23,3.78
5459,FL15458,2024-03-30,9,3.0,4,50,193,On Time,0,,939,142866.8,22761.66,120105.14,4.45
5460,FL15459,2024-12-02,1,4.0,5,587,256,On Time,0,,724,150740.12,26672.88,124067.25,4.91
5461,FL15460,2025-03-11,2,1.0,1,458,113,On Time,0,,1377,103869.97,21633.36,82236.61,3.95
5462,FL15461,2026-05-18,3,3.0,4,18,309,On Time,0,,125,69178.7,19648.18,49530.52,5.0
5463,FL15462,2024-04-19,10,2.0,1,225,210,Delayed,106,,68,12600.0,16624.57,-4024.57,3.76
5464,FL15463,2024-12-26,5,2.0,4,185,106,Delayed,124,,50,32533.76,7480.47,25053.29,3.34
5465,FL15464,2025-09-05,4,5.0,3,590,174,On Time,0,,708,107373.64,17157.19,90216.45,4.81
5466,FL15465,2025-03-15,11,3.0,2,557,138,On Time,0,,69,27482.77,9548.95,17933.82,3.67
5467,FL15466,2024-10-17,13,1.0,6,244,105,On Time,0,,793,79013.41,12093.74,66919.66,3.32
5468,FL15467,2025-09-12,7,2.0,2,358,97,Cancelled,0,Technical,762,0.0,15146.11,-15146.11,3.6
5469,FL15468,2024-01-31,14,2.0,1,135,253,Delayed,225,,386,82467.27,28903.18,53564.09,3.64
5470,FL15469,2025-07-22,12,5.0,3,108,289,On Time,0,,108,74468.43,23736.81,50731.62,4.68
5471,FL15470,2026-04-19,11,2.0,5,170,241,On Time,0,,50,69267.57,16678.19,52589.38,4.66
5472,FL15471,2025-05-05,14,2.0,1,297,249,On Time,0,,361,84528.43,23502.41,61026.02,5.0
5473,FL15472,2026-01-28,3,2.0,3,9,98,On Time,0,,84,22592.67,7944.13,14648.54,3.06
5474,FL15473,2025-10-23,12,1.0,3,513,130,On Time,0,,90,36460.55,10793.66,25666.88,3.77
5475,FL15474,2025-08-18,15,4.0,6,500,97,On Time,0,,343,47031.09,8478.06,38553.02,3.81
5476,FL15475,2025-10-26,15,3.0,1,506,314,On Time,0,,310,84140.59,29669.54,54471.06,4.76
5477,FL15476,2026-07-25,9,3.0,1,476,259,On Time,0,,975,179491.32,26788.21,152703.11,4.24
5478,FL15477,2025-05-22,12,2.0,4,559,309,On Time,0,,77,86919.05,20654.76,66264.29,4.76
5479,FL15478,2024-09-24,14,4.0,2,81,298,Delayed,53,,390,110464.18,23990.69,86473.49,3.48
5480,FL15479,2025-04-29,13,1.0,5,14,141,On Time,0,,793,102320.37,16993.01,85327.36,3.99
5481,FL15480,2025-04-03,14,5.0,2,274,207,On Time,0,,398,70055.51,22618.91,47436.61,4.44
5482,FL15481,2024-06-06,13,3.0,4,201,238,Cancelled,0,Operational,802,0.0,27021.77,-27021.77,3.17
5483,FL15482,2026-07-02,6,2.0,1,519,260,On Time,0,,116,26258.22,22809.98,3448.24,4.25
5484,FL15483,2025-11-12,11,3.0,5,198,243,On Time,0,,54,66101.55,21915.08,44186.48,4.42
5485,FL15484,2024-12-11,7,5.0,4,297,194,On Time,0,,744,123252.8,20360.46,102892.34,4.28
5486,FL15485,2026-08-07,13,1.0,1,169,90,Delayed,216,,791,55971.15,17791.42,38179.73,3.94
5487,FL15486,2024-10-30,13,3.0,2,542,305,On Time,0,,812,206408.14,33311.2,173096.94,4.03
5488,FL15487,2024-10-05,15,3.0,1,284,248,On Time,0,,341,65459.26,17586.8,47872.47,4.11
5489,FL15488,2024-07-13,9,5.0,1,427,282,On Time,0,,950,192066.9,26074.14,165992.76,3.35
5490,FL15489,2024-07-10,8,3.0,5,270,140,Delayed,84,,751,99279.24,19267.09,80012.15,3.94
5491,FL15490,2025-07-28,3,4.0,3,469,114,On Time,0,,87,27979.06,9479.32,18499.74,5.0
5492,FL15491,2026-06-19,10,4.0,5,260,297,On Time,0,,50,83373.38,24676.14,58697.25,2.83
5493,FL15492,2025-06-10,9,5.0,2,589,275,On Time,0,,936,193240.26,27556.71,165683.55,4.42
5494,FL15493,2025-01-28,8,2.0,5,284,282,On Time,0,,764,203965.32,31023.54,172941.78,3.91
5495,FL15494,2026-02-26,11,4.0,4,221,191,On Time,0,,56,45512.86,15226.99,30285.87,3.88
5496,FL15495,2025-10-25,13,2.0,4,203,298,On Time,0,,785,222939.67,27787.06,195152.61,4.41
5497,FL15496,2024-05-22,3,5.0,5,518,141,On Time,0,,88,38267.04,11836.95,26430.09,3.98
5498,FL15497,2025-03-27,7,5.0,5,638,264,On Time,0,,732,185529.18,27809.67,157719.5,4.26
5499,FL15498,2025-08-27,11,2.0,5,359,203,Delayed,156,,50,60623.35,16708.43,43914.92,3.07
5500,FL15499,2025-06-23,13,3.0,5,371,127,On Time,0,,794,94341.53,16201.46,78140.07,4.98
5501,FL15500,2024-01-15,12,5.0,3,611,255,On Time,0,,78,55780.96,20917.71,34863.25,3.85
5502,FL15501,2024-11-15,12,1.0,5,302,172,Cancelled,0,Crew,84,0.0,12745.4,-12745.4,2.51
5503,FL15502,2026-08-05,13,4.0,6,553,126,Delayed,185,,792,86863.02,17222.28,69640.74,3.53
5504,FL15503,2026-01-08,15,5.0,5,156,253,On Time,0,,280,102645.19,24574.26,78070.93,3.46
5505,FL15504,2025-12-10,10,5.0,4,81,267,Delayed,217,,111,70908.51,18060.71,52847.8,3.45
5506,FL15505,2025-04-27,4,1.0,1,167,164,On Time,0,,706,81458.18,15828.26,65629.92,5.0
5507,FL15506,2025-06-19,9,4.0,3,73,312,Delayed,216,,952,224141.47,37548.6,186592.87,3.27
5508,FL15507,2025-04-06,11,4.0,1,494,253,On Time,0,,56,31485.38,19946.89,11538.5,3.12
5509,FL15508,2024-08-18,2,1.0,1,92,95,On Time,0,,1368,86687.74,21859.09,64828.65,3.73
5510,FL15509,2025-06-21,12,4.0,3,270,167,Cancelled,0,Operational,72,0.0,12051.92,-12051.92,3.53
5511,FL15510,2026-03-20,9,4.0,3,488,314,On Time,0,,955,245831.91,27272.33,218559.58,4.07
5512,FL15511,2026-06-17,15,5.0,4,212,130,Delayed,54,,298,53571.83,14619.95,38951.89,3.76
5513,FL15512,2024-12-02,4,1.0,6,569,309,On Time,0,,670,228478.28,33104.26,195374.02,3.59
5514,FL15513,2026-02-22,14,5.0,5,121,209,On Time,0,,377,90334.98,15893.7,74441.28,3.73
5515,FL15514,2024-10-31,7,3.0,3,472,245,Cancelled,0,Operational,768,0.0,21240.87,-21240.87,3.41
5516,FL15515,2024-02-27,9,2.0,3,647,247,On Time,0,,923,197211.81,27590.72,169621.09,5.0
5517,FL15516,2024-10-13,10,2.0,5,204,207,Delayed,84,,68,64488.77,22388.14,42100.63,3.05
5518,FL15517,2024-12-10,9,4.0,2,236,208,Delayed,102,,904,159436.22,30365.99,129070.23,3.32
5519,FL15518,2026-08-12,14,5.0,6,470,220,On Time,0,,392,108921.65,17746.14,91175.51,4.71
5520,FL15519,2024-05-27,3,2.0,5,126,237,On Time,0,,131,78512.56,15984.97,62527.6,4.09
5521,FL15520,2025-02-24,11,5.0,5,410,259,On Time,0,,76,68858.47,23385.04,45473.44,4.41
5522,FL15521,2026-05-23,15,4.0,2,480,190,On Time,0,,290,68367.77,18300.88,50066.89,3.52
5523,FL15522,2024-08-04,4,1.0,4,620,190,On Time,0,,696,128892.33,23268.26,105624.08,4.0
5524,FL15523,2024-08-23,4,3.0,5,587,269,On Time,0,,686,172081.35,25758.9,146322.46,3.6
5525,FL15524,2025-08-10,8,5.0,1,158,264,Delayed,93,,805,135972.74,33507.65,102465.1,2.2
5526,FL15525,2026-01-04,11,1.0,2,492,239,On Time,0,,64,57471.08,21690.13,35780.95,3.43
5527,FL15526,2024-09-10,15,1.0,4,513,196,Delayed,196,,303,83512.55,16508.62,67003.93,3.59
5528,FL15527,2025-08-11,12,1.0,3,242,222,On Time,0,,94,50044.84,15255.48,34789.37,4.36
5529,FL15528,2025-08-29,12,3.0,5,578,221,On Time,0,,82,64864.55,13231.85,51632.7,4.5
5530,FL15529,2026-01-04,7,1.0,3,477,190,On Time,0,,695,104572.82,23518.66,81054.17,4.33
5531,FL15530,2025-07-09,10,5.0,6,275,131,On Time,0,,57,41874.88,8590.97,33283.91,3.86
5532,FL15531,2025-10-03,4,1.0,2,208,213,On Time,0,,695,115857.14,19768.45,96088.69,2.81
5533,FL15532,2024-12-10,7,1.0,3,81,191,On Time,0,,746,119487.04,22042.69,97444.35,3.26
5534,FL15533,2024-10-02,3,2.0,1,317,101,Delayed,103,,117,16183.76,12355.67,3828.09,4.02
5535,FL15534,2025-02-02,1,4.0,2,58,309,Delayed,97,,698,138834.76,31075.7,107759.06,2.75
5536,FL15535,2025-04-22,13,5.0,2,67,243,On Time,0,,763,155434.65,29571.87,125862.78,3.95
5537,FL15536,2025-06-12,13,2.0,5,438,116,Delayed,108,,776,85157.22,17096.16,68061.06,3.34
5538,FL15537,2024-06-14,8,3.0,3,186,137,Cancelled,0,Operational,780,0.0,17688.72,-17688.72,2.1
5539,FL15538,2026-02-23,1,4.0,2,371,221,On Time,0,,728,124004.27,23630.88,100373.4,4.22
5540,FL15539,2024-08-09,2,4.0,2,331,287,Cancelled,0,Operational,1366,0.0,35736.77,-35736.77,3.99
5541,FL15540,2024-08-31,2,1.0,4,369,201,On Time,0,,1363,211260.71,26896.82,184363.89,3.99
5542,FL15541,2024-04-29,11,5.0,5,48,276,On Time,0,,62,80150.18,21641.87,58508.32,3.82
5543,FL15542,2024-09-10,4,5.0,6,366,119,On Time,0,,695,85578.32,14838.95,70739.37,3.25
5544,FL15543,2026-04-19,4,4.0,1,478,211,Delayed,191,,733,113390.7,27283.96,86106.75,3.12
5545,FL15544,2026-04-17,13,3.0,6,521,280,Delayed,30,,791,231627.34,35731.56,195895.78,3.65
5546,FL15545,2024-09-30,14,2.0,3,269,284,Cancelled,0,Operational,386,0.0,28649.67,-28649.67,3.0
5547,FL15546,2024-08-22,12,5.0,5,297,145,Cancelled,0,Crew,97,0.0,11305.47,-11305.47,2.71
5548,FL15547,2024-05-05,5,5.0,1,345,244,On Time,0,,53,48813.05,19901.79,28911.26,4.65
5549,FL15548,2024-11-14,9,3.0,4,417,99,On Time,0,,914,77303.05,16661.73,60641.32,3.83
5550,FL15549,2024-08-18,4,4.0,6,299,122,On Time,0,,660,89683.09,15431.6,74251.5,3.72
5551,FL15550,2024-03-15,13,2.0,1,422,297,On Time,0,,778,175896.07,23015.63,152880.44,4.09
5552,FL15551,2024-09-09,2,4.0,5,463,260,On Time,0,,1390,278726.91,27997.04,250729.87,4.85
5553,FL15552,2024-08-11,12,1.0,1,479,137,Delayed,236,,120,26536.04,13915.05,12620.99,3.2
5554,FL15553,2024-04-30,8,5.0,6,414,319,Delayed,232,,758,246633.19,33848.65,212784.54,2.72
5555,FL15554,2024-11-16,12,3.0,5,628,318,On Time,0,,93,78064.12,18311.46,59752.66,4.35
5556,FL15555,2025-10-30,7,3.0,6,459,99,Cancelled,0,Technical,741,0.0,14579.02,-14579.02,2.78
5557,FL15556,2026-08-15,3,1.0,6,622,95,Delayed,233,,82,28438.04,9818.4,18619.64,3.66
5558,FL15557,2025-09-30,12,3.0,2,151,146,On Time,0,,123,34845.14,12833.72,22011.42,2.67
5559,FL15558,2025-12-14,10,1.0,3,424,272,On Time,0,,76,73093.38,16386.48,56706.9,4.02
5560,FL15559,2025-07-18,7,5.0,5,409,227,Delayed,40,,745,172369.96,26972.71,145397.25,3.14
5561,FL15560,2025-08-17,6,4.0,2,235,207,On Time,0,,72,39539.69,17036.13,22503.55,3.38
5562,FL15561,2026-04-12,6,3.0,2,339,185,On Time,0,,50,30033.85,14506.96,15526.89,3.21
5563,FL15562,2026-05-05,8,5.0,1,266,200,On Time,0,,808,118252.31,20111.6,98140.71,3.82
5564,FL15563,2024-02-21,4,5.0,6,49,236,On Time,0,,707,158027.88,26382.68,131645.2,3.3
5565,FL15564,2025-04-26,5,1.0,2,248,104,On Time,0,,75,26820.82,8933.66,17887.16,2.07
5566,FL15565,2025-08-04,5,1.0,3,37,224,On Time,0,,52,56582.96,15533.22,41049.74,3.24
5567,FL15566,2026-08-01,1,2.0,3,574,140,On Time,0,,690,85845.68,15687.51,70158.17,3.21
5568,FL15567,2025-07-17,14,1.0,3,378,271,On Time,0,,401,120770.26,24503.74,96266.52,4.02
5569,FL15568,2024-09-06,4,3.0,5,390,134,On Time,0,,717,87138.81,16008.91,71129.9,3.23
5570,FL15569,2025-11-17,3,3.0,6,380,106,On Time,0,,131,31312.03,7795.14,23516.89,4.0
5571,FL15570,2026-07-21,3,3.0,4,240,189,On Time,0,,82,35288.4,14018.3,21270.1,3.38
5572,FL15571,2024-11-07,15,1.0,6,503,191,On Time,0,,329,92044.23,16358.68,75685.56,4.51
5573,FL15572,2024-10-20,8,5.0,1,265,209,Cancelled,0,Weather,739,0.0,25364.04,-25364.04,3.24
5574,FL15573,2025-02-12,5,5.0,6,498,287,On Time,0,,50,95850.86,25676.99,70173.87,3.8
5575,FL15574,2025-08-10,7,3.0,1,311,250,On Time,0,,748,138551.89,27709.4,110842.49,4.09
5576,FL15575,2024-11-20,2,1.0,1,297,173,On Time,0,,1349,165489.38,20264.73,145224.65,4.37
5577,FL15576,2025-10-22,5,2.0,1,177,257,Delayed,145,,50,43481.3,21524.8,21956.5,3.34
5578,FL15577,2025-01-08,4,4.0,2,279,205,On Time,0,,672,104835.7,19813.56,85022.14,4.09
5579,FL15578,2025-04-20,13,4.0,6,155,141,On Time,0,,800,111800.52,17877.76,93922.76,2.63
5580,FL15579,2025-09-05,1,2.0,2,253,94,Delayed,62,,711,52009.7,16841.99,35167.71,2.96
5581,FL15580,2024-08-11,7,5.0,5,234,90,Delayed,206,,705,64067.87,17440.05,46627.83,2.79
5582,FL15581,2024-09-04,12,5.0,3,613,141,On Time,0,,121,37358.36,10521.88,26836.48,4.68
5583,FL15582,2024-09-21,13,3.0,1,251,278,On Time,0,,779,173338.09,23903.07,149435.02,3.75
5584,FL15583,2026-04-11,8,2.0,3,449,196,Cancelled,0,Operational,786,0.0,22601.1,-22601.1,2.56
5585,FL15584,2025-07-30,4,3.0,2,223,193,Cancelled,0,Technical,696,0.0,18566.02,-18566.02,3.38
5586,FL15585,2026-08-10,6,1.0,2,227,181,Delayed,137,,71,37958.76,13091.43,24867.34,2.31
5587,FL15586,2024-09-27,4,3.0,4,239,148,Delayed,218,,676,85833.91,17302.18,68531.73,3.24
5588,FL15587,2025-02-12,10,1.0,5,458,254,Delayed,115,,60,61987.36,18911.1,43076.26,2.02
5589,FL15588,2025-02-07,5,1.0,4,133,92,Cancelled,0,Crew,72,0.0,6125.25,-6125.25,2.53
5590,FL15589,2026-08-07,10,3.0,2,352,230,On Time,0,,57,28911.51,16947.41,11964.1,3.7
5591,FL15590,2025-09-19,10,3.0,5,328,305,Cancelled,0,Technical,63,0.0,25811.28,-25811.28,3.95
5592,FL15591,2025-04-06,15,5.0,5,375,292,Delayed,18,,354,126312.71,29717.56,96595.16,3.2
5593,FL15592,2025-06-21,6,3.0,2,60,174,On Time,0,,61,31589.48,11679.29,19910.19,3.42
5594,FL15593,2024-01-19,15,5.0,6,595,286,On Time,0,,345,136424.6,23550.42,112874.17,3.91
5595,FL15594,2024-12-02,7,5.0,6,174,144,On Time,0,,734,110329.52,19762.66,90566.85,4.94
5596,FL15595,2026-05-14,11,2.0,4,395,145,Delayed,195,,95,38549.0,15958.87,22590.13,1.96
5597,FL15596,2024-09-19,10,5.0,2,212,169,On Time,0,,50,28707.0,14703.05,14003.95,4.5
5598,FL15597,2024-11-18,13,3.0,3,590,94,On Time,0,,819,60708.57,14458.4,46250.16,4.25
5599,FL15598,2025-01-20,8,3.0,3,633,151,On Time,0,,770,97898.66,21464.51,76434.14,3.92
5600,FL15599,2024-02-27,12,1.0,2,345,286,On Time,0,,139,55235.14,23545.49,31689.65,3.8
5601,FL15600,2025-04-23,6,2.0,2,577,265,On Time,0,,80,70663.96,16019.18,54644.79,4.93
5602,FL15601,2024-06-25,8,3.0,1,499,165,On Time,0,,798,87282.78,15649.71,71633.07,4.47
5603,FL15602,2025-11-02,8,2.0,1,628,161,On Time,0,,777,88160.44,20583.06,67577.38,3.33
5604,FL15603,2025-11-24,11,3.0,5,344,169,On Time,0,,80,41108.84,15155.26,25953.58,4.01
5605,FL15604,2025-02-15,10,1.0,1,416,117,On Time,0,,74,17172.62,8677.43,8495.19,4.81
5606,FL15605,2024-08-11,2,2.0,3,368,126,On Time,0,,1363,128272.86,20931.65,107341.21,4.35
5607,FL15606,2025-12-25,13,4.0,3,468,318,On Time,0,,808,202706.71,27285.72,175420.99,4.17
5608,FL15607,2025-12-03,12,4.0,1,280,249,Delayed,203,,50,47444.24,22097.69,25346.55,2.45
5609,FL15608,2024-11-02,2,5.0,5,271,245,Delayed,17,,1353,267769.81,34631.09,233138.72,4.8
5610,FL15609,2026-03-07,15,5.0,6,428,154,Delayed,68,,332,78822.36,17948.75,60873.61,3.77
5611,FL15610,2025-05-29,10,5.0,4,584,286,On Time,0,,71,81358.68,20420.33,60938.35,5.0
5612,FL15611,2026-05-21,2,1.0,5,45,130,On Time,0,,1385,130703.75,22120.46,108583.28,4.2
5613,FL15612,2025-10-14,8,4.0,2,613,312,Delayed,191,,776,199366.93,34648.38,164718.56,3.29
5614,FL15613,2026-05-18,13,2.0,6,445,205,On Time,0,,785,147056.32,25416.9,121639.41,3.58
5615,FL15614,2024-09-29,5,2.0,5,15,166,On Time,0,,84,48061.89,10714.1,37347.79,4.63
5616,FL15615,2024-06-21,14,2.0,3,340,262,On Time,0,,415,106948.04,19922.96,87025.09,4.97
5617,FL15616,2026-01-11,7,3.0,5,597,185,On Time,0,,753,128148.12,19848.91,108299.21,4.68
5618,FL15617,2025-06-19,4,1.0,6,472,152,On Time,0,,692,100371.41,15238.87,85132.54,5.0
5619,FL15618,2026-01-09,6,3.0,4,363,247,On Time,0,,122,70288.06,18531.29,51756.76,4.09
5620,FL15619,2026-04-26,8,1.0,2,7,256,On Time,0,,782,145877.17,24691.39,121185.78,3.6
5621,FL15620,2024-12-10,11,3.0,2,290,228,On Time,0,,71,46071.66,13883.03,32188.63,4.17
5622,FL15621,2024-08-20,14,4.0,2,190,196,On Time,0,,424,63824.23,20591.66,43232.57,4.52
5623,FL15622,2024-06-24,3,1.0,2,537,165,Delayed,23,,127,31935.76,15565.05,16370.71,3.13
5624,FL15623,2026-08-15,15,1.0,6,369,182,Cancelled,0,Operational,346,0.0,14587.93,-14587.93,2.97
5625,FL15624,2025-06-17,8,5.0,2,174,291,On Time,0,,763,203018.21,29463.64,173554.57,4.14
5626,FL15625,2025-12-06,2,4.0,6,302,172,On Time,0,,1368,182035.31,26507.47,155527.84,4.32
5627,FL15626,2026-07-02,14,2.0,2,442,312,On Time,0,,402,109540.44,27606.93,81933.51,4.09
5628,FL15627,2026-06-13,6,5.0,3,72,123,On Time,0,,110,24010.44,9230.7,14779.74,4.14
5629,FL15628,2026-08-09,10,2.0,4,320,127,Delayed,147,,120,40802.16,9783.82,31018.35,3.71
5630,FL15629,2024-10-24,11,5.0,1,35,166,Delayed,31,,54,22975.82,13042.28,9933.54,3.8
5631,FL15630,2025-10-10,1,1.0,2,118,90,On Time,0,,720,54462.44,15655.19,38807.25,3.68
5632,FL15631,2024-07-13,4,4.0,2,263,292,Delayed,95,,679,167313.01,29384.29,137928.72,2.11
5633,FL15632,2025-03-21,11,1.0,1,387,168,On Time,0,,64,16603.03,13302.38,3300.65,3.33
5634,FL15633,2026-06-28,5,1.0,5,271,113,On Time,0,,50,24374.88,9891.54,14483.34,4.3
5635,FL15634,2024-09-25,1,3.0,4,605,232,Delayed,240,,737,142927.49,26269.91,116657.58,2.82
5636,FL15635,2024-09-26,1,1.0,6,247,310,On Time,0,,708,244470.82,32106.56,212364.27,4.17
5637,FL15636,2025-06-28,13,3.0,6,410,318,On Time,0,,799,245342.24,26607.41,218734.83,3.96
5638,FL15637,2026-05-16,3,2.0,3,611,114,Delayed,93,,97,30332.9,9645.67,20687.23,3.34
5639,FL15638,2025-09-01,2,1.0,5,426,272,On Time,0,,1373,280258.33,37067.46,243190.87,4.32
5640,FL15639,2024-06-12,9,5.0,1,134,173,On Time,0,,953,115887.03,25177.74,90709.29,4.77
5641,FL15640,2026-07-12,2,5.0,3,8,282,On Time,0,,1352,292507.19,33213.29,259293.9,3.99
5642,FL15641,2024-12-09,10,5.0,4,466,229,On Time,0,,50,46752.45,20655.19,26097.26,3.32
5643,FL15642,2025-03-11,9,1.0,3,136,258,On Time,0,,919,193244.87,29531.03,163713.84,4.2
5644,FL15643,2025-08-25,10,2.0,5,119,282,On Time,0,,50,69529.41,16621.9,52907.51,4.46
5645,FL15644,2025-10-20,8,2.0,6,544,295,On Time,0,,784,231257.94,32568.68,198689.26,2.54
5646,FL15645,2026-05-23,12,2.0,3,30,123,On Time,0,,80,29904.14,10960.96,18943.18,3.53
5647,FL15646,2024-08-06,10,3.0,2,206,256,On Time,0,,80,50244.73,19176.33,31068.4,4.02
5648,FL15647,2025-03-17,7,3.0,4,404,122,Delayed,121,,743,84086.99,21710.96,62376.03,2.99
5649,FL15648,2024-11-05,1,3.0,6,595,307,On Time,0,,667,214763.81,26357.29,188406.52,4.09
5650,FL15649,2025-07-27,5,2.0,6,549,234,On Time,0,,58,82113.67,18287.37,63826.3,3.59
5651,FL15650,2024-09-24,2,5.0,5,428,134,Delayed,148,,1324,141953.61,24803.33,117150.28,3.91
5652,FL15651,2024-11-08,1,5.0,2,215,157,On Time,0,,681,92539.76,18269.54,74270.22,4.03
5653,FL15652,2025-10-01,5,2.0,2,150,296,On Time,0,,57,31617.72,23241.05,8376.67,2.83
5654,FL15653,2024-07-06,4,2.0,4,354,238,On Time,0,,676,144317.85,18625.14,125692.71,4.48
5655,FL15654,2025-02-26,2,3.0,3,395,142,On Time,0,,1404,154929.54,18333.9,136595.64,4.52
5656,FL15655,2025-12-10,5,2.0,4,410,278,Cancelled,0,Operational,81,0.0,16485.33,-16485.33,2.98
5657,FL15656,2025-03-24,8,5.0,6,640,255,On Time,0,,774,197981.27,26221.49,171759.78,2.8
5658,FL15657,2025-12-04,3,3.0,4,435,107,Delayed,38,,125,25181.23,10216.99,14964.24,3.89
5659,FL15658,2025-03-09,5,1.0,3,108,155,On Time,0,,50,26737.91,11561.54,15176.37,3.34
5660,FL15659,2026-04-07,1,1.0,6,393,284,On Time,0,,697,198309.36,27968.87,170340.49,3.77
5661,FL15660,2026-03-23,1,1.0,3,531,170,On Time,0,,720,102029.84,15192.68,86837.15,3.63
5662,FL15661,2024-05-24,3,2.0,4,583,98,On Time,0,,74,32455.77,8753.87,23701.9,3.06
5663,FL15662,2026-04-24,7,2.0,1,245,228,On Time,0,,752,134386.14,25911.78,108474.36,4.0
5664,FL15663,2024-02-26,10,5.0,4,119,296,On Time,0,,67,72864.09,23799.67,49064.43,4.13
5665,FL15664,2026-05-27,12,5.0,3,249,217,On Time,0,,108,50230.06,12876.88,37353.19,4.07
5666,FL15665,2025-08-21,10,1.0,1,482,314,Delayed,146,,97,51459.87,27823.75,23636.12,3.16
5667,FL15666,2024-05-18,10,5.0,2,127,116,Delayed,138,,70,14638.29,11577.04,3061.25,2.82
5668,FL15667,2025-04-13,15,3.0,5,616,243,On Time,0,,334,91550.92,23061.42,68489.49,4.95
5669,FL15668,2026-07-07,4,2.0,2,536,239,Cancelled,0,Technical,665,0.0,19626.69,-19626.69,3.12
5670,FL15669,2025-08-22,12,3.0,1,228,316,On Time,0,,101,51095.76,26222.61,24873.15,3.39
5671,FL15670,2025-05-15,15,3.0,1,288,209,On Time,0,,322,53937.87,21424.02,32513.85,4.29
5672,FL15671,2024-08-16,9,1.0,1,506,279,On Time,0,,943,169612.24,33278.51,136333.73,4.24
5673,FL15672,2024-12-18,13,5.0,3,401,123,On Time,0,,783,84720.6,17874.8,66845.79,4.4
5674,FL15673,2026-03-01,3,1.0,3,400,100,On Time,0,,106,21092.06,6365.93,14726.13,3.98
5675,FL15674,2026-03-28,14,1.0,4,116,254,On Time,0,,372,116778.82,22695.25,94083.57,3.6
5676,FL15675,2025-03-02,9,2.0,4,180,90,Delayed,61,,949,69931.66,18788.81,51142.84,2.41
5677,FL15676,2025-06-15,4,1.0,4,122,291,On Time,0,,674,183708.78,28315.46,155393.31,3.66
5678,FL15677,2025-10-10,1,1.0,6,264,94,Delayed,146,,667,64558.85,17413.75,47145.1,2.22
5679,FL15678,2026-07-22,11,2.0,2,392,248,On Time,0,,60,42934.29,20471.96,22462.33,4.2
5680,FL15679,2024-07-05,7,2.0,5,570,193,On Time,0,,747,137791.88,24387.82,113404.06,2.96
5681,FL15680,2024-03-04,5,1.0,1,635,238,On Time,0,,51,31213.58,21511.01,9702.57,3.77
5682,FL15681,2024-02-17,6,5.0,6,313,233,On Time,0,,74,71496.32,15262.65,56233.68,4.47
5683,FL15682,2025-06-03,15,5.0,3,272,192,On Time,0,,325,75890.65,19364.03,56526.62,3.84
5684,FL15683,2024-12-08,7,4.0,3,191,200,Delayed,86,,717,129469.26,29911.33,99557.93,3.26
5685,FL15684,2024-04-11,2,3.0,1,556,205,On Time,0,,1377,184538.51,28462.98,156075.53,4.29
5686,FL15685,2025-02-12,5,5.0,4,648,245,On Time,0,,53,59973.11,16151.61,43821.5,4.33
5687,FL15686,2025-08-11,3,2.0,3,262,253,Delayed,69,,104,53343.36,18349.83,34993.53,3.97
5688,FL15687,2025-02-15,11,3.0,6,197,193,On Time,0,,50,61042.06,13972.78,47069.28,4.37
5689,FL15688,2025-10-20,13,1.0,2,648,171,Delayed,46,,796,115029.79,20260.38,94769.42,3.53
5690,FL15689,2024-08-17,13,4.0,3,28,99,On Time,0,,805,66336.32,12941.66,53394.66,2.73
5691,FL15690,2026-08-02,10,1.0,6,302,269,On Time,0,,68,104398.52,15899.34,88499.17,4.16
5692,FL15691,2025-03-23,12,4.0,5,130,142,On Time,0,,114,43574.23,11158.55,32415.68,5.0
5693,FL15692,2025-04-23,7,4.0,5,386,189,Delayed,239,,751,130017.63,21681.9,108335.72,3.72
5694,FL15693,2025-04-29,10,2.0,4,629,318,On Time,0,,67,76848.23,19074.72,57773.51,4.63
5695,FL15694,2026-06-19,2,4.0,6,49,270,On Time,0,,1383,302397.85,33491.54,268906.32,3.56
5696,FL15695,2024-10-01,9,2.0,2,203,169,Cancelled,0,Weather,938,0.0,19619.64,-19619.64,2.96
5697,FL15696,2025-04-22,9,2.0,5,28,199,Delayed,52,,956,156519.7,23636.01,132883.69,3.67
5698,FL15697,2024-11-14,1,3.0,4,560,164,On Time,0,,704,103215.76,17983.13,85232.63,4.29
5699,FL15698,2025-07-23,9,2.0,3,82,234,On Time,0,,982,169859.7,25982.79,143876.9,4.51
5700,FL15699,2025-06-19,11,4.0,2,567,125,Delayed,105,,72,26479.6,10791.42,15688.18,2.56
5701,FL15700,2026-06-07,6,2.0,4,224,309,On Time,0,,50,55960.39,25127.95,30832.44,3.48
5702,FL15701,2024-02-12,9,3.0,1,15,317,On Time,0,,950,217697.09,31644.08,186053.01,3.16
5703,FL15702,2025-12-13,5,5.0,5,323,158,On Time,0,,50,35970.92,10534.22,25436.7,4.17
5704,FL15703,2024-02-09,5,2.0,2,478,143,On Time,0,,81,27302.75,10607.75,16695.0,3.88
5705,FL15704,2025-06-27,2,3.0,3,147,214,On Time,0,,1381,213152.2,25372.65,187779.55,3.87
5706,FL15705,2025-02-18,5,5.0,2,354,238,Delayed,40,,54,26706.5,22103.68,4602.82,2.86
5707,FL15706,2024-03-26,13,2.0,3,251,238,On Time,0,,772,164333.78,26433.44,137900.34,3.45
5708,FL15707,2024-03-01,15,1.0,3,407,99,Delayed,49,,334,28306.72,12712.49,15594.23,3.3
5709,FL15708,2026-01-29,10,2.0,2,128,253,Delayed,202,,50,43326.33,25724.52,17601.81,4.02
5710,FL15709,2025-12-16,10,5.0,6,285,105,On Time,0,,50,35336.88,8704.87,26632.01,5.0
5711,FL15710,2025-07-21,10,4.0,5,591,168,Delayed,141,,51,54689.98,15766.81,38923.17,4.32
5712,FL15711,2025-07-16,8,5.0,3,82,254,On Time,0,,793,150785.71,30712.9,120072.81,3.7
5713,FL15712,2024-03-31,7,2.0,1,171,294,Delayed,207,,708,157492.61,29654.95,127837.67,2.53
5714,FL15713,2024-01-26,10,5.0,6,91,236,On Time,0,,50,82665.57,15122.13,67543.45,4.57
5715,FL15714,2026-02-19,12,2.0,5,270,126,On Time,0,,144,42773.02,10975.47,31797.55,4.83
5716,FL15715,2024-11-11,7,4.0,4,17,246,On Time,0,,777,173079.7,27883.99,145195.71,4.27
5717,FL15716,2026-01-24,9,5.0,4,19,98,Delayed,152,,969,85838.72,18305.2,67533.52,3.29
5718,FL15717,2024-03-25,8,2.0,1,170,143,On Time,0,,781,80393.99,16521.38,63872.61,3.59
5719,FL15718,2025-09-29,5,5.0,3,486,118,Delayed,94,,81,26412.34,10326.2,16086.13,3.69
5720,FL15719,2026-05-18,5,4.0,2,426,316,On Time,0,,59,51727.54,25802.69,25924.85,4.37
5721,FL15720,2024-12-26,2,4.0,4,377,174,On Time,0,,1312,169801.56,22484.83,147316.73,4.18
5722,FL15721,2024-10-24,7,4.0,6,183,218,On Time,0,,727,158180.78,27076.64,131104.14,3.28
5723,FL15722,2025-12-19,11,1.0,4,602,271,On Time,0,,57,47695.25,16958.0,30737.25,3.35
5724,FL15723,2025-01-01,11,4.0,4,247,312,On Time,0,,67,71002.15,26377.74,44624.42,3.94
5725,FL15724,2024-11-10,15,2.0,5,387,318,On Time,0,,341,124851.4,29692.92,95158.48,4.68
5726,FL15725,2026-01-24,1,2.0,6,383,127,Delayed,27,,736,91806.39,16095.17,75711.22,3.89
5727,FL15726,2025-10-13,12,1.0,1,595,180,Delayed,123,,97,23746.78,16506.05,7240.73,3.04
5728,FL15727,2024-07-26,12,1.0,2,413,183,On Time,0,,76,24099.77,10991.34,13108.43,2.81
5729,FL15728,2025-03-06,7,5.0,2,289,273,On Time,0,,734,169000.12,28824.57,140175.55,4.87
5730,FL15729,2024-07-18,5,2.0,5,560,167,On Time,0,,79,43364.67,12733.71,30630.97,4.81
5731,FL15730,2025-04-13,6,2.0,3,424,143,Delayed,176,,69,28367.83,15853.31,12514.51,3.38
5732,FL15731,2026-02-12,11,3.0,5,235,263,Delayed,174,,50,64850.14,22603.15,42246.99,3.02
5733,FL15732,2025-09-13,13,4.0,3,22,203,Delayed,136,,803,141636.69,23105.49,118531.2,3.1
5734,FL15733,2025-05-25,10,3.0,6,474,261,Delayed,27,,50,83994.54,18926.0,65068.54,3.91
5735,FL15734,2024-10-22,8,3.0,5,513,177,On Time,0,,763,123641.92,16684.27,106957.64,4.35
5736,FL15735,2024-09-02,10,5.0,1,225,201,On Time,0,,69,14142.11,15084.1,-941.99,3.72
5737,FL15736,2025-08-23,2,3.0,6,391,92,Delayed,84,,1350,110664.24,21515.24,89149.0,4.73
5738,FL15737,2024-05-31,10,4.0,6,462,93,On Time,0,,54,35491.39,7962.66,27528.73,3.01
5739,FL15738,2026-05-01,1,5.0,1,502,90,On Time,0,,704,52473.02,12869.52,39603.5,3.61
5740,FL15739,2026-01-28,15,4.0,3,606,130,On Time,0,,331,45420.57,15054.08,30366.49,3.62
5741,FL15740,2026-01-02,14,1.0,6,388,169,Delayed,167,,372,84198.65,16192.18,68006.46,3.37
5742,FL15741,2024-07-14,8,2.0,6,219,101,Delayed,216,,787,77671.35,20840.77,56830.58,4.04
5743,FL15742,2024-11-25,6,4.0,3,295,126,Cancelled,0,Weather,52,0.0,8470.34,-8470.34,3.54
5744,FL15743,2025-04-15,11,3.0,4,322,284,On Time,0,,99,59972.57,17681.91,42290.66,4.08
5745,FL15744,2026-02-28,10,2.0,1,120,286,On Time,0,,53,53882.27,24706.2,29176.07,3.14
5746,FL15745,2024-07-01,11,2.0,4,162,156,On Time,0,,79,38043.73,11616.34,26427.4,4.62
5747,FL15746,2026-03-08,8,1.0,4,133,307,Delayed,86,,795,198262.01,35328.32,162933.69,2.56
5748,FL15747,2024-12-25,4,2.0,3,340,117,On Time,0,,688,73808.67,14669.61,59139.06,3.74
5749,FL15748,2026-04-25,2,4.0,2,279,97,Delayed,188,,1347,92626.62,17864.22,74762.4,3.25
5750,FL15749,2024-03-21,5,1.0,5,337,171,On Time,0,,81,36170.36,10495.04,25675.33,3.48
5751,FL15750,2025-12-15,8,5.0,3,51,150,Delayed,23,,752,91542.23,21949.79,69592.44,2.76
5752,FL15751,2024-01-10,7,2.0,2,528,107,Delayed,170,,713,61061.98,18701.94,42360.04,3.88
5753,FL15752,2024-11-14,8,5.0,3,574,284,On Time,0,,793,186786.4,25831.92,160954.48,4.95
5754,FL15753,2025-07-06,5,2.0,3,508,315,Delayed,46,,62,68295.41,23706.06,44589.34,3.25
5755,FL15754,2025-12-23,15,5.0,2,453,152,On Time,0,,318,58059.74,12316.75,45742.98,2.84
5756,FL15755,2025-06-29,6,3.0,4,270,162,Delayed,56,,61,38913.02,14634.26,24278.76,3.48
5757,FL15756,2024-12-07,13,5.0,6,78,255,Delayed,48,,777,190281.55,23734.61,166546.94,2.85
5758,FL15757,2024-06-30,6,1.0,5,112,304,On Time,0,,114,99431.3,21777.59,77653.71,4.23
5759,FL15758,2024-12-09,7,4.0,2,211,155,On Time,0,,758,96565.7,15715.66,80850.03,4.19
5760,FL15759,2024-07-08,10,2.0,3,165,247,Cancelled,0,Weather,50,0.0,21413.79,-21413.79,1.78
5761,FL15760,2024-02-08,4,2.0,4,210,95,Delayed,104,,689,61058.5,16252.22,44806.28,3.05
5762,FL15761,2026-01-10,4,1.0,5,327,220,On Time,0,,707,143190.02,19491.88,123698.14,4.4
5763,FL15762,2026-08-02,6,5.0,5,279,317,Cancelled,0,Technical,51,0.0,26406.15,-26406.15,2.94
5764,FL15763,2025-03-03,13,4.0,3,631,199,On Time,0,,782,146146.25,22572.34,123573.91,3.29
5765,FL15764,2024-11-19,3,5.0,2,70,237,On Time,0,,90,41524.51,17854.71,23669.8,4.43
5766,FL15765,2025-08-01,7,3.0,4,442,248,On Time,0,,720,165930.54,21742.28,144188.26,2.92
5767,FL15766,2024-01-03,11,1.0,1,143,235,On Time,0,,88,20624.27,16628.23,3996.03,4.15
5768,FL15767,2024-09-25,11,2.0,5,174,247,On Time,0,,52,75724.22,21613.69,54110.54,3.65
5769,FL15768,2025-03-10,7,3.0,6,290,293,On Time,0,,736,201157.68,23657.93,177499.75,4.28
5770,FL15769,2025-07-15,2,1.0,5,646,92,On Time,0,,1368,104763.03,20932.34,83830.68,3.85
5771,FL15770,2024-10-11,1,5.0,3,623,293,On Time,0,,735,194972.27,24622.19,170350.08,4.32
5772,FL15771,2025-02-04,8,5.0,5,544,298,Delayed,82,,779,220459.62,30120.89,190338.72,4.18
5773,FL15772,2024-08-14,13,3.0,4,35,297,Delayed,204,,836,206866.69,33466.69,173400.0,3.75
5774,FL15773,2024-09-19,1,3.0,4,288,174,Cancelled,0,Operational,696,0.0,15446.58,-15446.58,3.44
5775,FL15774,2024-11-16,14,4.0,6,528,224,On Time,0,,387,115155.25,16564.35,98590.91,4.38
5776,FL15775,2025-06-14,11,4.0,2,445,171,Delayed,192,,85,32511.07,15332.91,17178.16,2.18
5777,FL15776,2026-05-24,1,1.0,5,236,283,On Time,0,,742,191213.5,26066.55,165146.95,4.05
5778,FL15777,2024-03-07,6,3.0,5,75,183,On Time,0,,66,58168.32,16375.09,41793.23,4.18
5779,FL15778,2024-07-07,4,4.0,4,311,161,Delayed,173,,720,96657.89,22736.09,73921.8,3.66
5780,FL15779,2024-05-01,15,5.0,1,639,247,On Time,0,,349,88298.27,24358.36,63939.91,3.95
5781,FL15780,2024-06-11,9,3.0,5,191,101,Delayed,149,,930,81452.15,20861.47,60590.68,3.77
5782,FL15781,2025-02-28,5,5.0,2,105,176,On Time,0,,66,26346.19,10151.2,16194.99,3.38
5783,FL15782,2026-06-27,5,3.0,6,530,137,On Time,0,,66,45003.32,12126.25,32877.07,5.0
5784,FL15783,2024-10-21,9,2.0,5,555,175,On Time,0,,925,146331.38,25261.84,121069.54,4.36
5785,FL15784,2025-11-09,1,3.0,3,518,193,On Time,0,,707,104556.12,19335.47,85220.65,3.4
5786,FL15785,2026-02-11,4,4.0,3,310,104,On Time,0,,697,60388.76,15734.98,44653.78,4.88
5787,FL15786,2024-07-01,3,5.0,1,305,288,On Time,0,,104,23948.14,20051.94,3896.19,3.27
5788,FL15787,2024-07-07,10,2.0,3,487,185,On Time,0,,62,33984.55,11215.63,22768.91,4.01
5789,FL15788,2025-11-07,11,2.0,1,48,172,Delayed,27,,53,20409.09,13498.46,6910.63,3.37
5790,FL15789,2024-05-08,8,4.0,6,214,124,On Time,0,,830,94910.98,14032.43,80878.55,3.73
5791,FL15790,2026-02-26,3,4.0,4,55,319,On Time,0,,101,75476.09,23609.05,51867.04,3.92
5792,FL15791,2024-03-04,6,2.0,2,331,286,On Time,0,,97,45535.01,22798.89,22736.12,4.04
5793,FL15792,2025-07-16,13,4.0,5,599,200,On Time,0,,802,154627.21,17162.54,137464.67,3.3
5794,FL15793,2026-02-21,4,1.0,1,388,166,On Time,0,,725,99557.96,17467.15,82090.81,4.18
5795,FL15794,2026-06-21,3,2.0,4,28,197,On Time,0,,81,45692.84,12059.52,33633.32,4.0
5796,FL15795,2026-04-04,2,5.0,1,269,310,Delayed,117,,1364,302458.94,42740.77,259718.16,4.56
5797,FL15796,2025-09-07,13,3.0,1,384,140,On Time,0,,784,84150.26,20383.7,63766.56,4.96
5798,FL15797,2026-05-13,2,5.0,2,303,247,Delayed,114,,1355,225793.17,30872.3,194920.87,2.82
5799,FL15798,2025-05-06,9,2.0,2,298,297,On Time,0,,951,204502.04,32543.28,171958.75,3.91
5800,FL15799,2026-04-29,15,2.0,5,635,263,On Time,0,,327,88900.8,25399.1,63501.7,3.55
5801,FL15800,2026-08-05,10,5.0,6,131,290,On Time,0,,50,93865.7,24469.87,69395.83,3.83
5802,FL15801,2026-04-17,7,5.0,5,295,307,On Time,0,,732,201411.13,33499.55,167911.58,4.56
5803,FL15802,2025-10-11,4,5.0,5,244,103,On Time,0,,688,69235.31,13074.89,56160.42,3.93
5804,FL15803,2026-07-22,1,2.0,4,105,144,On Time,0,,721,104761.2,16408.32,88352.87,3.68
5805,FL15804,2026-08-15,3,5.0,3,646,123,On Time,0,,67,35046.98,11173.27,23873.71,4.39
5806,FL15805,2025-01-16,15,3.0,2,317,220,On Time,0,,322,68674.05,21813.32,46860.73,2.74
5807,FL15806,2024-10-13,3,5.0,6,323,183,On Time,0,,81,54692.77,12480.44,42212.34,3.75
5808,FL15807,2025-09-22,1,5.0,4,589,99,Delayed,86,,718,67595.16,16721.64,50873.52,4.19
5809,FL15808,2025-04-08,13,3.0,4,180,218,Delayed,239,,782,143298.36,23659.87,119638.49,4.22
5810,FL15809,2024-02-10,7,2.0,1,165,113,On Time,0,,759,66493.64,13678.64,52815.0,4.85
5811,FL15810,2024-10-21,6,5.0,3,566,183,On Time,0,,70,56593.72,14486.23,42107.49,3.2
5812,FL15811,2026-04-09,11,3.0,5,199,174,On Time,0,,76,52972.5,10515.86,42456.64,3.19
5813,FL15812,2026-05-07,8,3.0,3,280,295,Delayed,29,,803,203974.94,31074.55,172900.39,2.98
5814,FL15813,2024-05-19,14,4.0,4,176,246,On Time,0,,368,118850.24,19548.29,99301.95,4.01
5815,FL15814,2025-10-26,8,5.0,5,177,233,On Time,0,,776,163216.86,20836.06,142380.81,3.52
5816,FL15815,2025-10-15,11,1.0,1,242,281,Cancelled,0,Operational,75,0.0,20973.66,-20973.66,1.91
5817,FL15816,2026-01-20,14,5.0,6,170,131,On Time,0,,396,63177.99,12261.08,50916.91,4.6
5818,FL15817,2024-11-08,7,3.0,5,308,148,On Time,0,,712,109356.83,18081.91,91274.92,4.49
5819,FL15818,2026-01-02,5,1.0,3,528,263,Delayed,125,,80,45451.81,18793.32,26658.49,2.92
5820,FL15819,2025-07-17,15,2.0,5,218,262,Delayed,228,,333,122756.06,26739.54,96016.52,3.76
5821,FL15820,2024-06-12,4,3.0,1,179,94,On Time,0,,698,53308.35,12309.49,40998.87,4.61
5822,FL15821,2026-01-29,1,4.0,2,122,141,On Time,0,,699,77594.77,14572.34,63022.43,2.45
5823,FL15822,2026-07-16,9,3.0,1,278,142,On Time,0,,882,93154.15,19578.1,73576.05,4.42
5824,FL15823,2025-05-02,15,1.0,4,221,91,On Time,0,,343,36678.53,9477.39,27201.14,3.96
5825,FL15824,2024-04-19,2,3.0,6,260,242,On Time,0,,1378,262271.1,33039.51,229231.59,2.37
5826,FL15825,2026-06-29,13,2.0,4,270,102,On Time,0,,784,71193.34,16223.07,54970.27,4.66
5827,FL15826,2024-05-27,13,2.0,5,369,283,On Time,0,,763,196799.91,27304.09,169495.82,4.05
5828,FL15827,2024-10-23,14,4.0,1,319,224,Delayed,110,,381,69706.68,20851.59,48855.09,2.26
5829,FL15828,2024-10-01,7,5.0,6,127,265,Cancelled,0,Weather,758,0.0,23340.39,-23340.39,3.26
5830,FL15829,2025-06-20,4,1.0,2,427,204,Delayed,204,,687,119159.37,24172.35,94987.01,3.42
5831,FL15830,2024-08-27,8,4.0,4,368,313,On Time,0,,781,211189.55,30640.95,180548.6,4.35
5832,FL15831,2026-04-01,3,3.0,5,481,152,On Time,0,,90,36715.63,13197.96,23517.67,2.74
5833,FL15832,2024-11-08,13,2.0,6,517,218,On Time,0,,799,175158.67,25329.45,149829.21,3.8
5834,FL15833,2025-06-12,10,4.0,6,537,91,On Time,0,,50,26995.69,6095.28,20900.41,3.36
5835,FL15834,2024-05-28,8,2.0,4,469,281,On Time,0,,777,212767.87,30460.69,182307.18,3.89
5836,FL15835,2025-05-26,8,4.0,4,164,220,Delayed,185,,803,149680.54,25527.76,124152.78,2.2
5837,FL15836,2024-08-10,11,3.0,3,75,130,On Time,0,,50,28021.79,10133.53,17888.26,3.27
5838,FL15837,2025-01-05,8,1.0,4,400,278,On Time,0,,775,186229.06,28650.52,157578.54,5.0
5839,FL15838,2025-04-26,13,4.0,5,118,317,On Time,0,,814,233318.12,29503.45,203814.68,4.75
5840,FL15839,2026-01-15,14,5.0,4,120,105,Cancelled,0,Operational,407,0.0,8915.13,-8915.13,3.63
5841,FL15840,2026-02-28,15,3.0,4,432,284,On Time,0,,341,112687.25,18709.79,93977.46,4.96
5842,FL15841,2024-12-10,10,4.0,3,404,259,On Time,0,,69,65273.57,17624.79,47648.78,2.78
5843,FL15842,2024-11-28,12,1.0,2,114,171,On Time,0,,104,33746.37,11256.02,22490.35,3.96
5844,FL15843,2024-08-25,5,2.0,1,598,235,Delayed,113,,62,42742.45,15376.99,27365.46,3.46
5845,FL15844,2026-05-07,1,2.0,3,60,270,On Time,0,,725,144425.42,20663.59,123761.83,3.75
5846,FL15845,2024-05-03,7,4.0,3,567,200,On Time,0,,729,138364.22,25327.29,113036.93,2.79
5847,FL15846,2024-03-29,14,2.0,4,527,243,Delayed,153,,372,111217.67,20770.9,90446.78,3.87
5848,FL15847,2025-02-13,3,4.0,6,396,101,Delayed,101,,69,32805.16,12059.43,20745.73,3.7
5849,FL15848,2025-01-12,9,2.0,5,221,302,On Time,0,,933,257565.49,32678.58,224886.9,3.6
5850,FL15849,2024-09-30,3,4.0,5,180,302,Delayed,103,,84,91871.98,22726.69,69145.29,3.85
5851,FL15850,2025-02-25,7,2.0,4,359,138,On Time,0,,724,85363.26,14199.9,71163.35,4.08
5852,FL15851,2026-08-06,3,3.0,6,91,199,On Time,0,,73,49622.68,13040.59,36582.09,4.41
5853,FL15852,2024-09-13,12,1.0,6,509,144,On Time,0,,104,57324.54,10405.85,46918.68,3.41
5854,FL15853,2025-08-08,13,4.0,1,290,181,On Time,0,,774,104925.75,19812.62,85113.12,4.16
5855,FL15854,2025-11-28,12,1.0,4,348,153,On Time,0,,107,37136.54,13470.41,23666.13,4.16
5856,FL15855,2026-08-08,11,5.0,4,260,288,Delayed,18,,81,65395.42,24988.73,40406.69,3.15
5857,FL15856,2026-03-27,4,5.0,6,81,249,Delayed,169,,747,187685.35,25991.89,161693.47,1.56
5858,FL15857,2025-10-28,8,3.0,4,439,284,On Time,0,,772,189668.29,28289.9,161378.39,4.11
5859,FL15858,2026-03-05,2,5.0,1,442,272,Delayed,175,,1363,261814.36,37054.87,224759.49,3.46
5860,FL15859,2026-03-23,6,5.0,2,70,257,Cancelled,0,Operational,56,0.0,23464.99,-23464.99,2.39
5861,FL15860,2026-01-25,8,1.0,1,220,128,On Time,0,,757,68618.45,17286.92,51331.54,4.37
5862,FL15861,2024-04-17,11,4.0,2,30,280,Delayed,97,,58,58056.59,23315.7,34740.89,3.46
5863,FL15862,2024-11-16,2,2.0,1,220,270,Cancelled,0,Crew,1350,0.0,39264.13,-39264.13,3.27
5864,FL15863,2025-10-24,13,5.0,5,472,118,Delayed,179,,769,83039.41,19509.82,63529.59,3.05
5865,FL15864,2026-04-27,7,5.0,3,370,110,On Time,0,,743,68467.14,16051.39,52415.75,2.89
5866,FL15865,2024-04-23,14,5.0,5,392,265,Delayed,102,,370,128298.51,30091.04,98207.47,2.2
5867,FL15866,2026-08-07,8,3.0,6,387,179,Delayed,53,,792,137933.71,22057.15,115876.56,3.75
5868,FL15867,2024-05-20,9,1.0,4,231,165,On Time,0,,962,141115.45,20341.27,120774.18,3.29
5869,FL15868,2024-07-07,11,1.0,3,262,181,On Time,0,,50,36103.08,12635.7,23467.38,3.48
5870,FL15869,2024-03-15,13,1.0,2,484,289,On Time,0,,821,176564.1,28755.49,147808.61,4.55
5871,FL15870,2025-09-12,3,5.0,5,467,173,On Time,0,,104,50695.74,15199.59,35496.15,2.61
5872,FL15871,2025-08-20,8,3.0,4,289,175,On Time,0,,779,114103.93,18233.79,95870.14,2.96
5873,FL15872,2026-04-17,1,2.0,5,483,181,On Time,0,,668,110817.13,21124.45,89692.68,4.51
5874,FL15873,2025-09-15,8,3.0,1,515,102,Delayed,131,,746,59637.53,18378.66,41258.87,3.35
5875,FL15874,2024-03-22,13,1.0,1,263,98,Delayed,239,,824,59383.56,15263.07,44120.49,2.0
5876,FL15875,2024-10-05,13,3.0,1,545,185,On Time,0,,819,108703.38,21060.72,87642.66,3.71
5877,FL15876,2024-11-24,5,3.0,5,100,93,On Time,0,,98,25910.29,8075.0,17835.29,4.11
5878,FL15877,2026-05-07,6,4.0,4,486,264,On Time,0,,108,57299.73,15393.39,41906.34,3.28
5879,FL15878,2025-11-18,9,1.0,2,361,187,On Time,0,,973,135590.72,20212.79,115377.94,3.06
5880,FL15879,2026-06-03,6,5.0,2,607,205,On Time,0,,76,37811.24,11951.08,25860.15,2.9
5881,FL15880,2026-02-26,3,1.0,4,129,167,On Time,0,,108,46892.97,9769.2,37123.77,4.55
5882,FL15881,2026-02-10,5,3.0,6,47,265,Cancelled,0,Technical,53,0.0,19323.01,-19323.01,3.68
5883,FL15882,2025-02-24,7,2.0,6,33,188,On Time,0,,743,139596.31,22149.09,117447.22,4.49
5884,FL15883,2025-08-22,8,4.0,3,83,98,On Time,0,,796,68223.42,14685.08,53538.34,4.8
5885,FL15884,2026-01-04,14,4.0,5,349,202,Delayed,229,,407,101156.93,22504.32,78652.61,4.13
5886,FL15885,2025-07-26,9,1.0,1,515,130,On Time,0,,943,90749.27,17363.17,73386.11,3.01
5887,FL15886,2025-02-01,6,3.0,6,538,226,On Time,0,,50,58197.73,19559.68,38638.05,4.65
5888,FL15887,2025-01-11,10,3.0,1,474,219,On Time,0,,50,38154.7,15107.36,23047.35,4.07
5889,FL15888,2026-05-20,12,3.0,3,189,199,On Time,0,,106,43531.26,16645.39,26885.88,5.0
5890,FL15889,2025-03-13,7,1.0,5,277,178,On Time,0,,728,123980.98,17566.13,106414.86,5.0
5891,FL15890,2025-01-13,8,1.0,6,31,227,Delayed,51,,794,161271.8,28428.17,132843.63,3.17
5892,FL15891,2024-05-15,4,3.0,2,347,246,On Time,0,,671,156368.81,23082.71,133286.11,3.8
5893,FL15892,2025-07-15,13,2.0,4,497,292,Delayed,152,,820,176923.52,34690.98,142232.54,3.05
5894,FL15893,2026-07-04,14,3.0,2,133,311,On Time,0,,373,133056.35,25421.27,107635.09,4.05
5895,FL15894,2026-01-16,3,1.0,1,332,109,Delayed,227,,126,18972.06,12985.2,5986.86,3.45
5896,FL15895,2025-07-18,6,4.0,3,222,241,Delayed,167,,50,35382.35,22087.56,13294.79,5.0
5897,FL15896,2024-11-19,5,1.0,4,584,109,On Time,0,,79,34561.06,6756.15,27804.9,4.09
5898,FL15897,2024-12-30,14,4.0,2,51,185,Delayed,128,,373,72840.38,21201.1,51639.28,3.02
5899,FL15898,2025-03-12,1,5.0,6,470,260,On Time,0,,703,162495.82,22180.29,140315.53,4.01
5900,FL15899,2024-07-12,4,2.0,4,23,214,On Time,0,,717,132190.8,22973.48,109217.32,3.46
5901,FL15900,2025-12-11,5,1.0,3,294,275,Delayed,16,,84,63114.7,20349.08,42765.62,2.21
5902,FL15901,2025-01-24,9,1.0,3,429,299,On Time,0,,929,242552.78,32112.8,210439.98,3.9
5903,FL15902,2026-02-19,4,2.0,3,296,313,On Time,0,,683,182534.19,29629.52,152904.67,5.0
5904,FL15903,2024-06-09,9,1.0,1,386,244,On Time,0,,914,143620.38,24849.35,118771.03,4.58
5905,FL15904,2024-02-17,12,5.0,4,432,244,On Time,0,,60,76918.74,20299.39,56619.34,3.69
5906,FL15905,2026-02-03,13,5.0,5,456,274,On Time,0,,776,204112.76,28179.82,175932.94,4.23
5907,FL15906,2024-03-12,2,5.0,3,11,143,On Time,0,,1349,133256.07,25816.24,107439.83,5.0
5908,FL15907,2025-11-22,3,5.0,3,251,159,On Time,0,,66,38345.93,13162.4,25183.53,4.13
5909,FL15908,2024-10-28,2,3.0,6,326,168,On Time,0,,1362,189957.57,24275.5,165682.07,3.42
5910,FL15909,2025-12-16,14,2.0,4,524,261,On Time,0,,391,113374.47,25622.73,87751.74,4.04
5911,FL15910,2026-01-04,10,3.0,2,405,170,On Time,0,,61,24377.17,11524.02,12853.15,4.42
5912,FL15911,2025-10-17,8,2.0,1,245,122,Cancelled,0,Operational,765,0.0,14652.54,-14652.54,3.27
5913,FL15912,2025-01-22,12,5.0,5,526,273,Delayed,164,,85,78566.02,27226.13,51339.89,4.24
5914,FL15913,2026-05-06,9,3.0,4,201,262,On Time,0,,939,209250.29,28078.68,181171.61,4.06
5915,FL15914,2025-04-02,4,2.0,4,541,226,On Time,0,,712,149180.93,24964.18,124216.75,2.48
5916,FL15915,2024-06-23,8,4.0,2,389,292,On Time,0,,767,157629.16,34022.64,123606.52,4.31
5917,FL15916,2025-08-22,11,2.0,2,512,272,On Time,0,,50,50254.45,23647.63,26606.82,4.26
5918,FL15917,2025-05-17,1,2.0,3,355,297,On Time,0,,697,184022.13,29401.44,154620.69,4.22
5919,FL15918,2024-01-15,10,2.0,5,508,149,On Time,0,,52,42207.22,12517.5,29689.72,3.45
5920,FL15919,2025-08-13,8,1.0,2,470,116,On Time,0,,748,69696.29,15752.25,53944.04,5.0
5921,FL15920,2024-03-27,2,1.0,4,339,168,On Time,0,,1358,183908.49,23518.87,160389.62,3.29
5922,FL15921,2026-07-29,4,3.0,6,298,280,Delayed,44,,678,209875.15,33044.84,176830.3,2.66
5923,FL15922,2024-04-08,7,5.0,2,296,302,On Time,0,,736,173931.63,31906.26,142025.37,3.85
5924,FL15923,2024-12-13,6,2.0,2,616,115,Delayed,35,,79,20193.11,8011.66,12181.45,4.16
5925,FL15924,2025-01-02,5,4.0,2,390,286,Cancelled,0,Crew,56,0.0,24822.04,-24822.04,3.89
5926,FL15925,2024-09-22,10,2.0,6,319,200,On Time,0,,71,71448.4,17478.53,53969.86,4.42
5927,FL15926,2025-02-18,7,2.0,4,216,278,Delayed,213,,732,175197.46,29501.63,145695.82,3.88
5928,FL15927,2024-02-26,8,1.0,6,11,246,Delayed,132,,775,176722.23,26484.53,150237.69,2.45
5929,FL15928,2026-07-04,12,3.0,6,112,103,On Time,0,,90,35408.38,9383.62,26024.75,2.9
5930,FL15929,2026-07-18,2,4.0,3,376,201,On Time,0,,1362,195105.62,24369.29,170736.33,3.76
5931,FL15930,2024-04-15,6,2.0,1,31,110,Delayed,230,,50,8296.76,10063.53,-1766.77,3.88
5932,FL15931,2024-08-30,2,3.0,2,496,168,On Time,0,,1329,158976.19,23652.0,135324.19,4.59
5933,FL15932,2025-03-21,14,3.0,4,233,264,On Time,0,,414,121532.59,25505.77,96026.82,3.44
5934,FL15933,2024-04-16,3,2.0,3,325,247,On Time,0,,101,70037.19,20964.3,49072.88,3.36
5935,FL15934,2024-10-08,13,4.0,1,371,252,On Time,0,,782,141798.7,27966.91,113831.79,4.76
5936,FL15935,2026-05-09,3,3.0,6,200,242,On Time,0,,118,79817.81,21046.69,58771.12,4.12
5937,FL15936,2025-07-13,5,1.0,2,393,93,Cancelled,0,Weather,124,0.0,7701.7,-7701.7,1.65
5938,FL15937,2026-06-11,10,3.0,4,358,224,On Time,0,,50,49201.38,17590.23,31611.16,3.27
5939,FL15938,2024-08-30,13,2.0,6,215,201,On Time,0,,792,148146.9,18707.1,129439.8,4.32
5940,FL15939,2025-06-02,3,4.0,4,439,211,On Time,0,,110,58214.79,15536.79,42678.0,3.23
5941,FL15940,2026-08-04,4,2.0,5,180,138,On Time,0,,663,86331.41,16816.31,69515.1,3.36
5942,FL15941,2024-09-16,14,5.0,1,408,252,Delayed,96,,361,79100.41,18262.22,60838.19,2.68
5943,FL15942,2025-12-24,5,4.0,5,14,229,On Time,0,,86,62679.46,16164.44,46515.02,4.57
5944,FL15943,2025-04-18,4,1.0,6,265,182,On Time,0,,694,129909.08,17689.49,112219.59,3.99
5945,FL15944,2024-10-29,12,3.0,6,277,103,On Time,0,,82,28957.56,6800.93,22156.63,5.0
5946,FL15945,2024-04-16,2,5.0,1,249,105,Cancelled,0,Crew,1333,0.0,22654.98,-22654.98,2.72
5947,FL15946,2026-06-29,14,2.0,2,569,172,Delayed,192,,398,56858.05,18703.12,38154.93,3.16
5948,FL15947,2024-05-07,14,4.0,1,527,213,On Time,0,,364,67479.03,16270.41,51208.62,4.22
5949,FL15948,2024-04-29,13,4.0,6,464,319,On Time,0,,772,252042.52,32069.39,219973.12,3.59
5950,FL15949,2025-04-04,5,4.0,2,171,256,On Time,0,,50,44343.14,21726.53,22616.61,2.96
5951,FL15950,2024-04-04,2,1.0,4,260,201,Delayed,237,,1359,221786.91,30172.54,191614.37,3.07
5952,FL15951,2026-03-19,7,2.0,3,251,158,Delayed,172,,716,98153.25,20081.72,78071.52,2.81
5953,FL15952,2025-12-14,6,2.0,5,473,128,On Time,0,,52,40624.7,10229.88,30394.82,3.92
5954,FL15953,2024-05-18,15,2.0,6,431,122,Delayed,50,,351,61831.69,16645.34,45186.34,2.91
5955,FL15954,2026-05-16,10,5.0,2,93,106,On Time,0,,64,18220.05,7073.42,11146.63,4.29
5956,FL15955,2025-09-08,15,1.0,5,270,299,On Time,0,,332,118987.69,21327.71,97659.98,3.77
5957,FL15956,2025-10-27,12,3.0,2,385,93,On Time,0,,105,17716.09,7311.07,10405.02,2.95
5958,FL15957,2024-11-15,11,5.0,2,258,288,On Time,0,,50,45260.07,20500.61,24759.46,3.6
5959,FL15958,2026-03-14,2,5.0,1,41,224,On Time,0,,1373,206080.08,27065.63,179014.45,3.22
5960,FL15959,2024-02-23,2,4.0,3,82,232,On Time,0,,1374,235585.27,28867.69,206717.58,5.0
5961,FL15960,2026-07-26,1,5.0,4,637,310,Delayed,59,,683,181904.91,29412.63,152492.27,3.33
5962,FL15961,2024-08-29,9,3.0,5,335,270,Cancelled,0,Operational,957,0.0,26665.5,-26665.5,3.43
5963,FL15962,2024-05-28,4,4.0,6,92,123,On Time,0,,700,82050.56,14876.34,67174.23,3.94
5964,FL15963,2024-03-07,15,3.0,4,643,312,On Time,0,,337,124831.87,30703.0,94128.87,5.0
5965,FL15964,2024-03-19,2,1.0,3,612,130,Delayed,230,,1399,127804.87,22927.35,104877.51,2.48
5966,FL15965,2024-06-28,15,1.0,2,557,220,On Time,0,,334,69171.3,20754.35,48416.95,3.49
5967,FL15966,2025-05-22,11,5.0,6,357,237,Delayed,75,,50,75968.27,17371.88,58596.39,4.02
5968,FL15967,2024-10-19,2,1.0,3,510,146,On Time,0,,1369,145182.55,25345.09,119837.46,3.66
5969,FL15968,2025-05-30,1,2.0,5,642,234,On Time,0,,704,157410.21,26198.34,131211.88,3.51
5970,FL15969,2024-06-15,6,4.0,4,316,236,Delayed,218,,50,49430.33,22968.04,26462.29,2.94
5971,FL15970,2026-02-23,6,3.0,6,645,315,On Time,0,,50,91194.14,24777.46,66416.69,5.0
5972,FL15971,2025-01-21,5,3.0,6,535,300,On Time,0,,65,116168.7,23938.91,92229.79,5.0
5973,FL15972,2025-06-28,8,5.0,5,409,181,On Time,0,,799,125901.94,21540.7,104361.24,4.27
5974,FL15973,2024-01-04,2,4.0,4,594,248,Delayed,237,,1385,240876.2,30844.39,210031.81,3.43
5975,FL15974,2024-11-15,2,5.0,1,261,278,Delayed,219,,1372,264648.91,30869.87,233779.03,3.81
5976,FL15975,2024-01-28,11,4.0,1,142,96,On Time,0,,98,11138.02,8540.91,2597.12,4.26
5977,FL15976,2024-11-28,15,5.0,4,621,247,On Time,0,,335,103131.06,21688.2,81442.86,4.11
5978,FL15977,2026-01-03,5,4.0,5,323,300,On Time,0,,63,83299.88,18250.86,65049.02,3.71
5979,FL15978,2025-03-15,14,3.0,5,446,117,On Time,0,,396,58499.49,14351.67,44147.82,3.6
5980,FL15979,2026-01-14,6,5.0,2,557,263,On Time,0,,56,46028.47,23928.35,22100.12,4.32
5981,FL15980,2024-03-15,6,5.0,4,102,103,On Time,0,,50,24778.78,8015.2,16763.58,4.09
5982,FL15981,2025-01-02,2,1.0,6,535,182,On Time,0,,1346,210242.25,26286.92,183955.33,4.95
5983,FL15982,2024-01-01,7,5.0,1,455,278,On Time,0,,728,132359.98,24479.11,107880.87,3.83
5984,FL15983,2026-07-30,8,4.0,3,575,317,On Time,0,,798,191343.71,31659.73,159683.98,3.4
5985,FL15984,2026-07-14,10,5.0,6,139,257,On Time,0,,50,72852.22,23208.66,49643.56,3.05
5986,FL15985,2024-09-18,3,4.0,2,623,255,On Time,0,,77,34405.99,16838.51,17567.48,3.5
5987,FL15986,2025-12-17,3,5.0,2,85,149,On Time,0,,112,26432.07,10539.26,15892.81,3.07
5988,FL15987,2025-12-17,7,2.0,3,187,279,On Time,0,,731,168381.3,29907.61,138473.69,4.75
5989,FL15988,2024-12-29,2,1.0,5,336,241,On Time,0,,1362,268501.6,31475.39,237026.21,3.72
5990,FL15989,2025-02-28,3,1.0,2,381,306,On Time,0,,89,58472.16,27824.89,30647.27,3.5
5991,FL15990,2026-08-12,10,2.0,5,565,228,On Time,0,,99,61535.97,15670.58,45865.39,4.31
5992,FL15991,2024-11-23,15,2.0,2,104,99,On Time,0,,343,32244.86,8387.5,23857.36,5.0
5993,FL15992,2025-02-20,9,3.0,3,609,207,On Time,0,,950,147887.04,27218.01,120669.03,3.72
5994,FL15993,2024-10-03,3,1.0,4,342,268,On Time,0,,100,79154.55,17650.11,61504.44,3.26
5995,FL15994,2025-01-28,15,1.0,1,439,271,On Time,0,,340,93861.58,24309.93,69551.65,3.74
5996,FL15995,2024-08-08,8,3.0,5,48,178,On Time,0,,818,120608.21,17874.98,102733.23,2.79
5997,FL15996,2024-01-31,11,4.0,5,112,129,On Time,0,,59,43537.75,10809.72,32728.03,4.33
5998,FL15997,2025-09-26,3,1.0,6,273,289,On Time,0,,100,89789.59,18882.95,70906.64,4.38
5999,FL15998,2024-10-06,9,3.0,2,353,279,On Time,0,,946,192485.43,30095.83,162389.59,3.71
6000,FL15999,2024-01-29,2,4.0,3,339,292,Delayed,46,,1384,299751.95,42772.18,256979.77,2.57
6001,FL16000,2024-04-11,10,4.0,6,104,244,On Time,0,,95,81013.26,14186.16,66827.1,5.0
6002,FL16001,2026-05-16,4,1.0,1,453,280,Delayed,61,,683,147001.61,30813.67,116187.94,2.5
6003,FL16002,2025-03-11,14,4.0,3,148,182,On Time,0,,401,72550.67,17725.39,54825.28,3.51
6004,FL16003,2024-08-31,1,1.0,3,140,269,Delayed,39,,707,173116.93,33697.9,139419.03,3.32
6005,FL16004,2024-11-06,10,2.0,3,66,202,Delayed,34,,50,37477.97,14764.91,22713.07,3.86
6006,FL16005,2025-04-05,3,2.0,3,571,272,On Time,0,,116,61680.92,25247.54,36433.38,3.9
6007,FL16006,2024-10-19,11,5.0,5,444,123,On Time,0,,98,41830.16,10949.03,30881.12,4.02
6008,FL16007,2025-01-09,8,1.0,2,18,158,On Time,0,,797,89775.93,20698.41,69077.52,4.4
6009,FL16008,2025-02-05,15,4.0,6,85,139,On Time,0,,319,64349.67,12556.29,51793.38,5.0
6010,FL16009,2026-06-28,10,5.0,6,400,183,On Time,0,,50,63726.04,13919.51,49806.53,3.62
6011,FL16010,2024-11-12,6,5.0,2,422,277,Delayed,54,,84,54563.46,26524.94,28038.52,2.97
6012,FL16011,2024-06-10,2,2.0,6,594,116,Delayed,36,,1344,132969.71,23712.16,109257.55,3.23
6013,FL16012,2025-03-29,9,1.0,2,623,258,Cancelled,0,Weather,926,0.0,26910.29,-26910.29,3.44
6014,FL16013,2024-12-15,7,2.0,1,563,281,Delayed,214,,742,158761.92,29284.89,129477.03,4.94
6015,FL16014,2025-09-01,1,4.0,3,551,244,Delayed,122,,718,144580.43,28195.62,116384.81,3.23
6016,FL16015,2025-09-25,9,1.0,5,341,238,Delayed,234,,939,214386.73,27047.11,187339.63,3.66
6017,FL16016,2025-03-14,4,4.0,6,617,121,On Time,0,,691,88430.22,16603.77,71826.44,2.6
6018,FL16017,2024-09-27,4,2.0,4,94,230,Delayed,78,,693,145295.34,23215.43,122079.91,3.34
6019,FL16018,2025-11-08,1,4.0,5,388,142,On Time,0,,685,96919.47,14506.15,82413.32,3.99
6020,FL16019,2025-06-05,6,4.0,2,64,146,On Time,0,,63,26338.41,8865.42,17472.99,4.66
6021,FL16020,2024-10-31,4,3.0,6,500,288,On Time,0,,663,209366.07,25054.84,184311.23,3.66
6022,FL16021,2024-01-26,2,4.0,4,463,231,On Time,0,,1381,234471.81,28228.53,206243.28,3.21
6023,FL16022,2024-01-27,7,5.0,1,643,318,Delayed,186,,794,191287.37,37849.35,153438.02,3.45
6024,FL16023,2026-05-14,4,2.0,1,82,194,On Time,0,,696,93340.1,17080.12,76259.98,2.99
6025,FL16024,2025-08-27,3,3.0,2,463,172,On Time,0,,120,34632.46,11959.39,22673.07,3.48
6026,FL16025,2026-03-14,8,4.0,1,39,318,On Time,0,,775,175265.77,33882.17,141383.6,4.04
6027,FL16026,2025-01-31,1,5.0,2,56,233,On Time,0,,676,132582.58,19449.36,113133.22,2.44
6028,FL16027,2024-04-28,15,3.0,6,292,288,On Time,0,,377,147911.23,29364.12,118547.11,3.83
6029,FL16028,2026-08-03,8,2.0,2,622,100,On Time,0,,764,55506.79,15838.27,39668.52,5.0
6030,FL16029,2025-11-29,15,5.0,4,121,210,On Time,0,,351,84644.33,21847.49,62796.84,2.95
6031,FL16030,2025-10-02,14,5.0,6,203,277,On Time,0,,396,128904.31,26278.62,102625.68,3.56
6032,FL16031,2024-02-28,15,3.0,2,525,275,On Time,0,,356,90535.94,27786.51,62749.44,4.38
6033,FL16032,2024-02-28,9,1.0,5,643,254,On Time,0,,944,195774.62,27955.68,167818.94,4.53
6034,FL16033,2026-06-02,7,2.0,3,353,127,On Time,0,,715,79935.39,15411.33,64524.06,4.04
6035,FL16034,2026-03-23,11,3.0,2,220,215,Delayed,155,,53,34590.07,22296.65,12293.43,3.18
6036,FL16035,2024-04-24,2,4.0,6,556,113,Delayed,50,,1413,128949.87,23899.83,105050.04,4.37
6037,FL16036,2025-06-18,13,4.0,4,330,274,Delayed,123,,799,201526.87,31363.44,170163.43,3.44
6038,FL16037,2024-12-09,5,5.0,3,254,235,On Time,0,,110,49625.58,16451.73,33173.85,3.31
6039,FL16038,2025-08-30,1,1.0,5,150,134,On Time,0,,696,94309.59,16325.57,77984.02,4.08
6040,FL16039,2026-04-01,4,3.0,6,600,257,Delayed,38,,710,192977.72,30330.19,162647.52,3.21
6041,FL16040,2025-08-29,4,4.0,5,289,255,Cancelled,0,Weather,670,0.0,27442.99,-27442.99,2.71
6042,FL16041,2024-07-17,1,5.0,6,636,102,On Time,0,,704,77290.45,13937.62,63352.83,2.91
6043,FL16042,2025-01-17,11,1.0,2,126,110,Delayed,105,,111,19195.78,14320.4,4875.39,3.3
6044,FL16043,2026-06-08,2,5.0,3,359,136,On Time,0,,1350,132702.93,24329.96,108372.97,4.38
6045,FL16044,2024-03-03,13,1.0,2,277,106,On Time,0,,779,67092.3,13117.81,53974.48,4.49
6046,FL16045,2025-10-01,7,1.0,5,122,213,Cancelled,0,Operational,754,0.0,18945.77,-18945.77,3.01
6047,FL16046,2025-04-23,11,5.0,5,638,292,Delayed,22,,69,67613.94,24836.16,42777.78,3.32
6048,FL16047,2025-03-30,6,4.0,4,35,104,Cancelled,0,Weather,109,0.0,6549.07,-6549.07,2.64
6049,FL16048,2024-01-24,2,5.0,4,12,231,On Time,0,,1361,254632.69,32996.9,221635.78,4.63
6050,FL16049,2024-04-27,3,4.0,5,597,187,On Time,0,,98,57769.0,11655.27,46113.73,3.23
6051,FL16050,2025-03-05,10,4.0,2,165,282,Delayed,235,,67,63228.01,24506.72,38721.29,2.96
6052,FL16051,2025-09-21,11,3.0,3,331,200,On Time,0,,50,39243.99,16125.51,23118.47,3.48
6053,FL16052,2024-06-08,5,3.0,5,67,243,On Time,0,,50,61416.55,17670.76,43745.79,3.93
6054,FL16053,2025-07-18,6,3.0,1,132,302,On Time,0,,50,25544.36,26299.46,-755.09,4.85
6055,FL16054,2026-05-10,15,2.0,6,544,121,On Time,0,,266,62058.38,10242.78,51815.6,3.23
6056,FL16055,2025-02-08,13,5.0,2,244,162,On Time,0,,791,103173.29,18253.79,84919.49,4.18
6057,FL16056,2025-11-15,7,2.0,5,548,152,Delayed,194,,712,103281.86,20749.66,82532.2,3.5
6058,FL16057,2025-01-21,4,4.0,4,606,128,On Time,0,,684,77408.89,13701.05,63707.83,3.37
6059,FL16058,2024-03-16,5,4.0,6,633,239,On Time,0,,87,84902.46,17501.59,67400.88,3.87
6060,FL16059,2025-07-18,9,3.0,5,625,91,On Time,0,,926,74169.11,17568.12,56600.99,3.42
6061,FL16060,2024-03-15,9,4.0,4,272,178,On Time,0,,959,138915.02,20680.31,118234.7,4.07
6062,FL16061,2025-01-28,3,1.0,5,135,117,On Time,0,,65,32543.32,10692.6,21850.72,3.92
6063,FL16062,2024-10-12,1,2.0,3,493,231,On Time,0,,690,135888.97,26837.56,109051.4,4.98
6064,FL16063,2025-10-16,8,3.0,4,329,262,Delayed,182,,815,184514.63,23746.88,160767.74,2.8
6065,FL16064,2024-02-04,12,2.0,6,98,197,On Time,0,,88,56066.12,16854.09,39212.03,3.89
6066,FL16065,2025-02-21,3,5.0,1,524,192,On Time,0,,122,31104.15,15554.45,15549.7,3.76
6067,FL16066,2024-04-06,7,5.0,3,561,193,On Time,0,,785,126838.73,23974.67,102864.05,4.88
6068,FL16067,2026-07-27,3,4.0,1,470,135,On Time,0,,88,21088.14,10906.82,10181.32,3.68
6069,FL16068,2025-10-26,4,2.0,4,308,176,On Time,0,,682,117814.03,20342.29,97471.75,3.42
6070,FL16069,2025-06-14,10,1.0,5,427,304,Delayed,205,,50,98578.37,24591.32,73987.06,2.8
6071,FL16070,2026-04-25,5,4.0,1,91,99,On Time,0,,72,17070.11,7902.05,9168.06,3.48
6072,FL16071,2024-05-14,4,5.0,4,539,271,On Time,0,,703,166311.63,27350.35,138961.28,3.62
6073,FL16072,2025-09-16,15,3.0,3,585,127,On Time,0,,347,47340.48,14494.25,32846.23,3.44
6074,FL16073,2026-07-16,3,5.0,5,530,116,On Time,0,,124,36108.13,8138.52,27969.61,4.01
6075,FL16074,2025-03-31,3,5.0,2,289,155,On Time,0,,76,27548.73,9680.61,17868.12,3.16
6076,FL16075,2026-08-02,14,3.0,1,394,151,On Time,0,,429,48794.33,17103.53,31690.8,4.37
6077,FL16076,2026-03-27,9,2.0,1,13,162,On Time,0,,940,107168.51,20245.77,86922.74,4.03
6078,FL16077,2026-08-09,1,1.0,3,320,285,On Time,0,,711,197091.64,21178.83,175912.82,5.0
6079,FL16078,2024-05-23,7,4.0,3,384,298,Delayed,218,,737,183050.02,33277.61,149772.41,3.6
6080,FL16079,2024-10-19,9,3.0,6,533,249,On Time,0,,930,222519.76,31413.09,191106.67,4.24
6081,FL16080,2026-01-18,4,1.0,3,584,123,Delayed,163,,671,69749.72,20073.77,49675.95,4.61
6082,FL16081,2024-11-24,9,1.0,2,497,307,On Time,0,,949,238174.32,29922.42,208251.9,4.28
6083,FL16082,2025-11-19,10,5.0,5,108,284,On Time,0,,50,75004.44,23758.52,51245.92,3.86
6084,FL16083,2024-01-06,4,2.0,1,128,107,On Time,0,,691,56640.9,14819.91,41820.99,3.44
6085,FL16084,2025-08-17,13,2.0,3,572,179,On Time,0,,785,106210.49,20408.12,85802.37,4.94
6086,FL16085,2026-04-30,7,4.0,4,329,268,Delayed,20,,731,187018.72,33679.69,153339.03,2.64
6087,FL16086,2024-09-14,15,2.0,2,525,110,Delayed,64,,296,42422.9,10051.0,32371.9,2.56
6088,FL16087,2025-11-10,2,5.0,4,385,107,Delayed,113,,1303,107368.67,20474.46,86894.2,2.56
6089,FL16088,2024-04-04,5,4.0,3,29,229,On Time,0,,83,57689.26,14980.27,42708.99,3.51
6090,FL16089,2024-09-26,11,2.0,6,628,167,Delayed,150,,89,44922.15,13037.3,31884.85,3.33
6091,FL16090,2024-06-21,14,2.0,2,570,191,On Time,0,,340,75993.62,16262.07,59731.55,3.83
6092,FL16091,2024-06-27,4,5.0,6,311,262,Delayed,149,,704,181414.32,34829.37,146584.95,3.64
6093,FL16092,2025-04-12,15,3.0,4,176,215,On Time,0,,336,97990.31,17919.98,80070.33,3.29
6094,FL16093,2026-05-02,3,5.0,5,178,253,Delayed,140,,70,77897.87,23111.1,54786.76,2.73
6095,FL16094,2024-04-09,7,2.0,2,527,118,On Time,0,,756,73319.46,13078.12,60241.35,4.1
6096,FL16095,2024-12-05,5,1.0,1,125,90,On Time,0,,89,16570.93,8064.82,8506.12,3.37
6097,FL16096,2024-02-13,7,5.0,5,383,147,Cancelled,0,Technical,759,0.0,18343.57,-18343.57,2.11
6098,FL16097,2025-06-23,14,2.0,3,606,136,Delayed,132,,426,55724.42,18709.69,37014.73,2.31
6099,FL16098,2025-08-28,11,5.0,2,339,164,Delayed,147,,86,22453.02,12526.67,9926.35,3.27
6100,FL16099,2024-05-31,12,4.0,6,358,269,On Time,0,,80,87068.35,20552.84,66515.5,3.96
6101,FL16100,2024-08-13,4,2.0,2,288,124,On Time,0,,696,78113.5,15107.02,63006.47,3.92
6102,FL16101,2024-06-17,15,4.0,3,164,119,Delayed,115,,340,47653.83,13487.59,34166.25,4.09
6103,FL16102,2024-03-04,7,1.0,5,170,136,On Time,0,,768,89377.71,16435.47,72942.24,4.2
6104,FL16103,2025-01-06,10,2.0,6,275,165,Delayed,212,,56,60959.33,14558.59,46400.74,3.3
6105,FL16104,2024-10-15,11,2.0,6,299,135,On Time,0,,54,44471.04,8734.59,35736.45,4.88
6106,FL16105,2024-08-28,10,4.0,4,20,132,On Time,0,,50,35826.76,10879.21,24947.56,4.63
6107,FL16106,2026-03-24,10,3.0,1,547,223,Delayed,98,,78,34457.63,19103.17,15354.46,2.83
6108,FL16107,2024-08-01,8,4.0,1,3,115,On Time,0,,785,68389.53,15082.62,53306.91,4.54
6109,FL16108,2024-09-06,10,3.0,5,151,125,Delayed,173,,50,25928.75,13262.83,12665.92,4.45
6110,FL16109,2025-01-25,14,4.0,4,223,282,Delayed,123,,407,136627.19,25859.21,110767.98,4.45
6111,FL16110,2026-04-04,6,1.0,1,610,94,On Time,0,,64,6072.24,8728.5,-2656.26,4.63
6112,FL16111,2024-07-19,8,4.0,5,460,104,On Time,0,,754,78578.2,16974.13,61604.07,4.25
6113,FL16112,2025-07-25,3,1.0,6,106,105,On Time,0,,123,35454.28,9713.09,25741.19,4.19
6114,FL16113,2026-06-23,6,1.0,1,477,213,On Time,0,,50,36793.89,14783.33,22010.56,4.95
6115,FL16114,2026-03-10,12,4.0,5,325,249,Delayed,156,,99,75875.04,24558.1,51316.94,2.43
6116,FL16115,2025-07-13,10,1.0,3,4,249,On Time,0,,59,60726.45,22742.63,37983.82,4.82
6117,FL16116,2025-12-06,4,4.0,3,270,248,On Time,0,,662,148320.17,22444.37,125875.79,4.08
6118,FL16117,2024-02-11,9,1.0,5,445,103,On Time,0,,952,85601.49,15250.43,70351.06,3.4
6119,FL16118,2025-10-30,13,1.0,2,318,169,On Time,0,,779,107596.66,22028.82,85567.83,3.23
6120,FL16119,2024-07-29,2,5.0,1,494,235,Delayed,214,,1400,236351.83,29863.16,206488.67,2.19
6121,FL16120,2024-09-27,1,1.0,6,645,246,On Time,0,,723,179219.52,23560.55,155658.97,4.37
6122,FL16121,2025-03-05,6,5.0,3,151,166,On Time,0,,75,27790.08,13990.64,13799.44,5.0
6123,FL16122,2026-02-11,10,2.0,2,380,284,On Time,0,,50,43341.44,24145.56,19195.89,3.68
6124,FL16123,2025-02-16,5,4.0,5,100,281,On Time,0,,55,84786.17,17762.85,67023.32,3.44
6125,FL16124,2024-07-17,13,5.0,2,262,266,On Time,0,,780,177313.23,25592.22,151721.01,4.79
6126,FL16125,2025-10-20,13,1.0,5,459,273,Delayed,15,,817,191707.11,30162.16,161544.94,3.37
6127,FL16126,2025-07-26,8,2.0,1,310,314,On Time,0,,784,206736.26,27111.69,179624.57,4.82
6128,FL16127,2026-01-10,6,3.0,4,369,272,On Time,0,,77,69263.75,16295.55,52968.2,3.37
6129,FL16128,2025-04-24,1,5.0,3,312,224,On Time,0,,724,138262.85,25432.94,112829.91,4.42
6130,FL16129,2025-06-30,13,1.0,6,258,181,Delayed,179,,825,130067.94,27863.96,102203.98,4.48
6131,FL16130,2024-03-16,14,1.0,4,483,173,On Time,0,,421,83868.96,19438.16,64430.8,3.32
6132,FL16131,2024-12-07,7,2.0,6,377,279,On Time,0,,749,198968.17,31866.55,167101.61,3.79
6133,FL16132,2024-02-05,8,2.0,2,177,158,Delayed,23,,775,93045.27,24540.09,68505.17,3.06
6134,FL16133,2024-06-28,12,2.0,3,527,234,On Time,0,,105,51029.14,14346.53,36682.61,4.49
6135,FL16134,2026-02-20,11,1.0,5,486,205,Delayed,172,,66,67485.43,17960.81,49524.62,4.12
6136,FL16135,2024-02-05,3,5.0,1,61,177,Delayed,193,,112,31059.25,14600.21,16459.04,2.86
6137,FL16136,2024-10-01,11,4.0,6,416,193,Delayed,69,,55,54943.63,18164.52,36779.11,4.92
6138,FL16137,2024-02-27,14,1.0,5,334,108,On Time,0,,410,49916.17,13797.99,36118.18,4.04
6139,FL16138,2025-02-23,12,3.0,5,407,253,On Time,0,,97,88172.99,14894.0,73278.99,3.63
6140,FL16139,2025-01-28,8,4.0,2,180,105,Delayed,208,,788,63706.3,17715.62,45990.68,4.23
6141,FL16140,2025-12-12,8,4.0,5,54,106,On Time,0,,757,78399.13,15985.34,62413.79,4.09
6142,FL16141,2024-01-02,4,5.0,6,186,147,On Time,0,,690,107409.99,15301.62,92108.37,3.76
6143,FL16142,2024-05-09,10,4.0,2,337,212,On Time,0,,70,12720.0,18172.81,-5452.81,3.65
6144,FL16143,2024-11-20,4,4.0,4,503,158,On Time,0,,692,106927.08,16001.2,90925.89,5.0
6145,FL16144,2024-02-25,6,1.0,1,214,292,On Time,0,,50,33190.97,20739.44,12451.53,3.35
6146,FL16145,2024-01-08,4,1.0,3,423,303,Delayed,168,,671,177218.46,37135.0,140083.46,4.03
6147,FL16146,2025-07-11,6,4.0,1,448,180,On Time,0,,78,35527.71,11876.83,23650.88,3.47
6148,FL16147,2026-04-04,6,5.0,4,577,319,On Time,0,,101,95426.41,22338.23,73088.18,3.6
6149,FL16148,2024-03-09,2,2.0,4,498,110,Cancelled,0,Weather,1361,0.0,19832.54,-19832.54,2.95
6150,FL16149,2024-07-21,11,4.0,4,239,123,Delayed,90,,57,33369.33,9785.38,23583.95,3.6
6151,FL16150,2026-04-24,7,2.0,5,291,169,On Time,0,,759,123028.39,19848.48,103179.91,2.93
6152,FL16151,2025-09-27,15,3.0,6,329,306,On Time,0,,332,161890.46,24225.59,137664.87,3.65
6153,FL16152,2024-10-07,3,4.0,2,210,205,On Time,0,,111,50980.35,14112.1,36868.25,4.67
6154,FL16153,2026-05-04,11,4.0,2,94,252,On Time,0,,61,45251.53,15648.89,29602.65,4.67
6155,FL16154,2025-06-19,3,1.0,2,364,240,On Time,0,,88,40408.39,21116.74,19291.65,3.81
6156,FL16155,2026-05-02,9,5.0,6,555,204,On Time,0,,962,172853.21,21412.74,151440.47,3.24
6157,FL16156,2025-03-14,8,5.0,1,307,304,On Time,0,,794,177673.41,36008.43,141664.98,4.14
6158,FL16157,2026-02-27,7,3.0,1,403,309,On Time,0,,731,170534.83,23835.06,146699.77,4.54
6159,FL16158,2024-12-14,10,2.0,1,415,193,On Time,0,,50,19670.99,16984.22,2686.77,4.12
6160,FL16159,2025-08-29,13,3.0,5,592,254,On Time,0,,759,188668.1,29539.07,159129.03,4.91
6161,FL16160,2024-08-11,5,5.0,4,376,233,On Time,0,,50,44486.09,13726.19,30759.9,3.82
6162,FL16161,2024-07-31,13,3.0,6,411,226,Delayed,234,,780,173000.41,26185.56,146814.85,2.44
6163,FL16162,2024-04-09,3,1.0,2,594,113,Delayed,239,,103,22533.05,14926.64,7606.41,2.91
6164,FL16163,2025-02-10,5,1.0,3,88,138,On Time,0,,50,29647.01,10918.38,18728.63,4.0
6165,FL16164,2024-06-25,5,5.0,4,100,317,Delayed,157,,50,87362.83,31819.95,55542.88,2.84
6166,FL16165,2025-01-26,15,4.0,1,367,146,On Time,0,,339,48056.08,11645.84,36410.23,3.66
6167,FL16166,2025-03-18,2,4.0,6,561,239,On Time,0,,1397,285077.7,34501.39,250576.31,4.63
6168,FL16167,2025-07-19,6,1.0,5,618,299,On Time,0,,93,79348.65,22596.3,56752.35,3.47
6169,FL16168,2024-04-07,7,1.0,1,267,228,On Time,0,,701,128484.08,20894.83,107589.25,3.13
6170,FL16169,2025-01-07,13,2.0,6,110,139,On Time,0,,801,107034.63,18013.8,89020.83,4.53
6171,FL16170,2026-05-14,8,2.0,3,457,287,Delayed,232,,800,188239.43,27528.46,160710.97,3.72
6172,FL16171,2024-03-29,15,2.0,3,214,97,Delayed,81,,322,31983.82,13804.69,18179.13,2.63
6173,FL16172,2026-06-04,12,3.0,6,125,256,Cancelled,0,Weather,92,0.0,16295.87,-16295.87,3.46
6174,FL16173,2024-02-11,11,2.0,4,420,151,Delayed,200,,73,37149.98,16987.9,20162.07,2.57
6175,FL16174,2026-07-08,12,1.0,2,533,237,On Time,0,,106,32947.43,16986.6,15960.83,3.53
6176,FL16175,2025-01-24,3,3.0,5,371,200,On Time,0,,104,57495.56,14816.93,42678.64,3.28
6177,FL16176,2025-10-26,7,4.0,5,217,220,On Time,0,,752,147638.95,26372.12,121266.83,3.7
6178,FL16177,2026-04-14,9,4.0,2,119,177,On Time,0,,950,124930.28,24261.53,100668.75,4.37
6179,FL16178,2026-01-05,4,2.0,5,603,211,Delayed,132,,683,149204.73,25602.99,123601.75,3.48
6180,FL16179,2025-11-06,2,2.0,4,105,305,On Time,0,,1357,307213.77,31124.94,276088.82,3.47
6181,FL16180,2024-03-08,3,3.0,2,423,280,On Time,0,,81,62893.03,24851.48,38041.55,4.12
6182,FL16181,2024-10-19,12,1.0,3,96,186,On Time,0,,87,38907.47,12069.67,26837.8,4.25
6183,FL16182,2026-04-11,10,5.0,6,323,306,Delayed,99,,72,90794.38,22664.91,68129.46,3.92
6184,FL16183,2026-06-14,5,5.0,2,349,294,On Time,0,,51,56475.66,25875.96,30599.71,4.23
6185,FL16184,2024-10-06,12,1.0,5,539,234,Delayed,110,,118,67761.67,16834.6,50927.08,3.78
6186,FL16185,2025-09-20,11,5.0,5,593,226,On Time,0,,50,56401.38,13881.18,42520.2,4.04
6187,FL16186,2025-03-11,13,1.0,6,571,98,On Time,0,,797,73454.95,14428.59,59026.36,3.47
6188,FL16187,2026-03-14,14,3.0,2,327,210,On Time,0,,408,65849.24,18578.11,47271.13,4.11
6189,FL16188,2026-04-17,14,4.0,2,336,138,Delayed,123,,401,53694.62,15407.93,38286.69,4.09
6190,FL16189,2026-02-28,3,2.0,6,267,126,Delayed,55,,59,28426.89,12104.11,16322.78,4.12
6191,FL16190,2026-01-04,12,2.0,3,139,287,On Time,0,,99,74693.38,25586.35,49107.03,2.32
6192,FL16191,2025-08-19,6,1.0,4,137,152,On Time,0,,56,41045.19,14043.07,27002.13,4.41
6193,FL16192,2026-08-11,7,4.0,4,103,231,On Time,0,,711,165118.85,21638.35,143480.5,3.68
6194,FL16193,2026-06-19,10,1.0,4,576,289,On Time,0,,65,92110.86,23121.59,68989.27,4.26
6195,FL16194,2025-01-11,10,3.0,4,474,227,On Time,0,,50,62448.15,19709.71,42738.44,3.11
6196,FL16195,2025-03-07,7,2.0,3,642,269,On Time,0,,743,161881.73,23970.69,137911.04,3.72
6197,FL16196,2024-12-30,15,5.0,3,212,268,Delayed,210,,361,120611.2,26259.54,94351.66,2.26
6198,FL16197,2026-01-22,3,5.0,3,462,192,Delayed,166,,102,35978.37,12423.14,23555.22,3.02
6199,FL16198,2026-04-27,2,5.0,4,23,302,Delayed,191,,1361,295478.42,37021.39,258457.04,3.69
6200,FL16199,2024-07-14,1,4.0,5,336,299,Delayed,25,,700,220471.01,28318.82,192152.2,3.59
6201,FL16200,2025-04-14,13,3.0,4,261,167,Cancelled,0,Operational,811,0.0,20975.62,-20975.62,4.39
6202,FL16201,2026-06-21,7,2.0,5,594,278,Cancelled,0,Technical,732,0.0,28719.15,-28719.15,2.67
6203,FL16202,2024-07-28,7,1.0,3,290,132,On Time,0,,729,76073.24,14151.87,61921.37,3.43
6204,FL16203,2025-11-30,10,5.0,5,342,115,On Time,0,,50,34114.17,9061.0,25053.17,4.9
6205,FL16204,2026-02-22,7,2.0,3,567,211,On Time,0,,720,125186.56,19020.61,106165.95,2.88
6206,FL16205,2024-09-16,9,3.0,3,225,229,Delayed,37,,963,166216.17,25903.95,140312.22,3.43
6207,FL16206,2024-07-27,1,1.0,1,594,224,On Time,0,,694,134702.35,26199.11,108503.24,4.33
6208,FL16207,2025-07-16,3,2.0,2,122,273,On Time,0,,107,73535.77,19861.11,53674.66,2.5
6209,FL16208,2026-02-21,14,4.0,5,548,179,On Time,0,,404,86973.72,17660.45,69313.27,3.29
6210,FL16209,2024-01-22,7,3.0,1,90,275,On Time,0,,719,150832.75,24631.75,126201.0,3.11
6211,FL16210,2026-07-22,3,3.0,2,363,297,On Time,0,,80,67051.0,18210.7,48840.29,4.54
6212,FL16211,2025-05-19,6,2.0,5,292,111,Delayed,18,,82,29286.66,13015.94,16270.72,2.88
6213,FL16212,2024-04-22,6,1.0,6,78,193,On Time,0,,74,46403.3,12136.18,34267.12,3.83
6214,FL16213,2025-12-30,5,5.0,3,254,141,Delayed,72,,63,16094.65,14901.1,1193.55,2.25
6215,FL16214,2025-05-07,5,3.0,3,77,240,On Time,0,,76,49973.77,19549.3,30424.47,3.47
6216,FL16215,2024-12-15,11,2.0,4,135,184,Delayed,90,,87,50906.5,18293.63,32612.87,2.79
6217,FL16216,2024-11-14,2,2.0,5,478,154,On Time,0,,1365,166406.24,27322.43,139083.81,3.86
6218,FL16217,2025-12-09,5,4.0,3,331,147,On Time,0,,55,35154.85,13553.93,21600.92,3.8
6219,FL16218,2025-02-08,8,3.0,2,437,171,Cancelled,0,Weather,783,0.0,17732.32,-17732.32,3.96
6220,FL16219,2025-11-30,9,2.0,3,474,115,Delayed,15,,929,91972.56,19467.29,72505.27,3.75
6221,FL16220,2026-02-23,14,5.0,2,460,114,Delayed,115,,394,43578.7,13584.05,29994.64,2.15
6222,FL16221,2026-06-14,14,5.0,5,401,234,Delayed,142,,392,114754.92,22706.75,92048.17,3.96
6223,FL16222,2026-05-20,5,1.0,1,347,306,On Time,0,,50,42690.68,23022.75,19667.92,4.57
6224,FL16223,2026-07-09,9,4.0,4,503,206,On Time,0,,937,160104.42,23679.78,136424.63,4.04
6225,FL16224,2025-09-27,1,5.0,1,571,303,On Time,0,,697,144683.7,31838.01,112845.69,4.64
6226,FL16225,2024-07-18,10,3.0,6,526,125,Delayed,149,,76,44171.18,15289.78,28881.4,4.08
6227,FL16226,2024-01-29,3,1.0,4,282,313,Delayed,218,,79,78482.68,22442.83,56039.85,2.98
6228,FL16227,2024-11-06,2,1.0,1,89,224,Cancelled,0,Technical,1350,0.0,24955.72,-24955.72,2.21
6229,FL16228,2025-04-16,11,4.0,6,217,261,Delayed,34,,59,77476.12,24674.47,52801.65,3.67
6230,FL16229,2024-08-03,3,5.0,4,645,104,On Time,0,,108,22595.19,6935.92,15659.27,3.47
6231,FL16230,2026-01-11,8,1.0,4,449,228,On Time,0,,795,155497.37,20277.06,135220.31,4.17
6232,FL16231,2025-01-07,2,3.0,1,107,178,On Time,0,,1371,170537.33,25293.88,145243.45,3.33
6233,FL16232,2026-06-10,12,3.0,2,239,296,On Time,0,,111,50169.02,20431.7,29737.32,4.63
6234,FL16233,2024-02-07,12,2.0,5,481,272,Delayed,163,,120,91253.56,20375.01,70878.55,2.81
6235,FL16234,2024-04-24,9,4.0,3,606,288,On Time,0,,948,212646.41,26925.85,185720.56,3.86
6236,FL16235,2025-04-06,13,5.0,4,370,294,Delayed,21,,777,187823.99,26633.53,161190.46,3.12
6237,FL16236,2024-09-30,7,2.0,6,571,255,Delayed,223,,736,198091.51,32573.54,165517.96,2.38
6238,FL16237,2026-04-28,3,1.0,3,337,146,On Time,0,,69,34473.69,9907.83,24565.86,4.7
6239,FL16238,2025-04-29,3,2.0,3,516,155,Delayed,83,,104,40205.44,17820.8,22384.64,4.14
6240,FL16239,2025-11-26,4,2.0,5,587,287,On Time,0,,685,200481.01,27876.21,172604.79,3.91
6241,FL16240,2025-10-31,4,4.0,1,382,228,Delayed,195,,697,112720.04,24015.34,88704.71,2.81
6242,FL16241,2025-06-25,5,3.0,3,514,295,On Time,0,,65,56797.24,26704.26,30092.99,3.85
6243,FL16242,2025-09-20,4,1.0,6,129,272,On Time,0,,688,200926.4,25988.6,174937.81,3.67
6244,FL16243,2024-08-27,9,2.0,2,38,229,On Time,0,,950,178730.52,22379.78,156350.74,3.99
6245,FL16244,2025-01-25,3,4.0,2,320,125,On Time,0,,94,24548.75,10083.51,14465.24,3.8
6246,FL16245,2024-08-24,10,3.0,3,408,315,Delayed,116,,50,58400.48,21436.65,36963.83,2.71
6247,FL16246,2026-04-26,6,3.0,1,204,145,Cancelled,0,Technical,50,0.0,9739.87,-9739.87,3.74
6248,FL16247,2024-03-19,11,2.0,1,322,146,Delayed,207,,74,17354.74,15972.96,1381.78,3.16
6249,FL16248,2026-04-03,8,2.0,2,286,123,On Time,0,,756,77061.22,19159.8,57901.42,5.0
6250,FL16249,2024-03-20,14,1.0,6,269,105,Cancelled,0,Technical,427,0.0,10508.4,-10508.4,3.07
6251,FL16250,2025-02-25,7,1.0,2,495,176,On Time,0,,764,105277.49,18137.02,87140.47,3.74
6252,FL16251,2026-01-02,5,1.0,5,22,283,On Time,0,,50,70101.7,21536.85,48564.85,3.82
6253,FL16252,2025-03-19,9,4.0,3,132,289,Delayed,83,,958,213321.55,29820.9,183500.65,3.06
6254,FL16253,2026-06-21,10,1.0,5,571,202,Delayed,162,,84,51589.71,18096.42,33493.29,3.23
6255,FL16254,2026-04-08,7,3.0,2,584,162,Delayed,94,,726,99132.39,21423.32,77709.07,3.45
6256,FL16255,2026-03-22,9,5.0,6,213,169,Delayed,141,,952,145671.66,22347.35,123324.32,2.57
6257,FL16256,2025-11-14,8,4.0,3,303,301,On Time,0,,778,204922.91,25446.58,179476.34,3.34
6258,FL16257,2026-06-16,5,3.0,5,650,102,On Time,0,,80,25693.64,8375.32,17318.32,4.51
6259,FL16258,2024-11-22,5,1.0,5,295,103,On Time,0,,58,28170.93,8097.32,20073.61,4.33
6260,FL16259,2024-03-20,14,3.0,3,530,104,On Time,0,,412,44993.11,10118.27,34874.85,2.98
6261,FL16260,2025-05-18,11,5.0,5,73,294,On Time,0,,64,91391.22,26155.79,65235.43,4.34
6262,FL16261,2024-12-06,2,2.0,1,522,110,On Time,0,,1360,97833.73,19634.91,78198.82,4.55
6263,FL16262,2024-03-10,15,5.0,3,331,306,On Time,0,,345,117847.6,26710.09,91137.51,4.16
6264,FL16263,2024-08-15,11,4.0,3,386,132,On Time,0,,84,24068.38,8621.0,15447.39,2.92
6265,FL16264,2024-02-23,1,2.0,6,212,216,Delayed,63,,657,159699.72,23912.89,135786.83,2.43
6266,FL16265,2024-04-03,11,1.0,6,540,313,On Time,0,,50,119227.23,25214.67,94012.56,3.97
6267,FL16266,2026-02-05,9,1.0,5,195,116,On Time,0,,952,84660.61,19136.6,65524.01,5.0
6268,FL16267,2024-08-14,14,2.0,6,164,154,On Time,0,,378,75889.94,14974.56,60915.38,3.65
6269,FL16268,2025-05-31,8,2.0,6,268,257,Delayed,228,,754,196407.62,23423.06,172984.56,3.69
6270,FL16269,2025-09-06,8,4.0,5,386,277,On Time,0,,773,199402.73,27040.27,172362.46,3.58
6271,FL16270,2024-10-17,5,3.0,4,24,298,On Time,0,,125,83048.96,25992.78,57056.18,5.0
6272,FL16271,2025-04-08,5,3.0,2,380,94,Delayed,224,,50,16785.32,8800.48,7984.84,3.33
6273,FL16272,2025-03-22,10,4.0,5,177,268,Delayed,223,,79,69360.83,22488.59,46872.24,2.51
6274,FL16273,2026-05-20,13,4.0,2,281,164,On Time,0,,778,96233.3,22269.26,73964.03,3.47
6275,FL16274,2026-07-06,14,4.0,2,145,218,On Time,0,,363,72844.98,15360.48,57484.51,3.42
6276,FL16275,2024-05-07,12,5.0,6,369,298,On Time,0,,84,91837.27,27106.84,64730.43,4.08
6277,FL16276,2025-11-13,10,2.0,1,53,297,On Time,0,,50,34918.76,25894.22,9024.54,3.55
6278,FL16277,2025-10-16,8,5.0,1,492,132,On Time,0,,749,78332.94,18776.45,59556.48,3.68
6279,FL16278,2026-06-25,6,3.0,4,159,198,Cancelled,0,Weather,56,0.0,16164.02,-16164.02,4.27
6280,FL16279,2025-07-17,12,1.0,4,122,155,On Time,0,,75,37416.03,13804.46,23611.57,3.62
6281,FL16280,2025-02-22,5,1.0,1,14,231,On Time,0,,64,24364.48,14510.55,9853.92,4.11
6282,FL16281,2025-12-10,5,1.0,3,635,280,Delayed,182,,70,52138.24,24705.02,27433.22,3.12
6283,FL16282,2025-10-18,14,5.0,2,464,163,On Time,0,,376,58029.44,14639.34,43390.1,3.97
6284,FL16283,2025-03-24,9,1.0,2,305,117,On Time,0,,958,80737.68,17472.36,63265.32,4.43
6285,FL16284,2025-11-16,6,5.0,2,202,104,On Time,0,,58,21014.13,8156.09,12858.04,2.57
6286,FL16285,2024-02-03,13,4.0,5,451,102,On Time,0,,790,79088.92,15026.43,64062.49,4.1
6287,FL16286,2026-06-24,15,3.0,3,302,174,On Time,0,,288,57913.78,13277.48,44636.3,3.76
6288,FL16287,2025-01-10,5,5.0,6,590,312,Cancelled,0,Technical,68,0.0,20143.44,-20143.44,3.11
6289,FL16288,2024-10-14,8,5.0,1,481,147,On Time,0,,826,88826.7,18632.6,70194.1,3.87
6290,FL16289,2024-07-21,8,5.0,5,630,183,Delayed,182,,796,132912.06,22131.5,110780.55,3.17
6291,FL16290,2024-05-02,11,3.0,6,564,245,On Time,0,,63,90462.15,18410.73,72051.41,4.19
6292,FL16291,2024-10-22,15,2.0,3,382,241,Delayed,61,,309,88697.79,23364.64,65333.14,2.94
6293,FL16292,2024-01-18,9,1.0,5,18,152,On Time,0,,978,126968.09,18437.04,108531.05,5.0
6294,FL16293,2024-08-03,12,5.0,3,624,119,On Time,0,,93,27787.13,8461.11,19326.02,3.37
6295,FL16294,2025-11-05,9,5.0,4,161,126,On Time,0,,932,99285.14,18194.05,81091.09,4.94
6296,FL16295,2025-08-30,14,3.0,6,375,140,On Time,0,,379,74454.09,14925.7,59528.4,3.19
6297,FL16296,2025-04-14,7,1.0,4,497,109,On Time,0,,779,71980.85,13837.65,58143.2,3.83
6298,FL16297,2026-06-03,6,5.0,4,166,195,On Time,0,,68,51638.75,13704.45,37934.3,4.2
6299,FL16298,2025-12-30,7,2.0,6,502,238,Delayed,134,,747,167862.9,29252.22,138610.68,2.69
6300,FL16299,2024-05-21,15,3.0,3,359,245,On Time,0,,328,86154.18,23705.25,62448.93,3.35
6301,FL16300,2025-06-18,10,4.0,2,600,299,On Time,0,,60,44475.48,23876.62,20598.86,3.82
6302,FL16301,2025-01-07,3,1.0,5,77,157,Delayed,215,,88,44965.91,16767.53,28198.38,3.88
6303,FL16302,2025-04-03,1,1.0,5,182,240,On Time,0,,732,169917.59,27032.92,142884.68,4.05
6304,FL16303,2024-09-30,8,1.0,2,472,293,On Time,0,,781,175455.09,32762.35,142692.74,5.0
6305,FL16304,2026-07-27,13,5.0,5,578,96,Delayed,195,,765,72032.27,19546.06,52486.21,3.67
6306,FL16305,2024-04-20,8,5.0,1,153,269,Delayed,33,,788,158519.18,30568.56,127950.62,3.0
6307,FL16306,2024-04-10,9,3.0,2,469,110,On Time,0,,943,77088.03,16511.62,60576.41,2.25
6308,FL16307,2025-01-17,12,3.0,6,270,216,On Time,0,,104,82079.22,18340.8,63738.42,2.99
6309,FL16308,2026-04-04,8,3.0,4,566,281,On Time,0,,774,199724.65,31395.11,168329.54,3.83
6310,FL16309,2026-02-01,14,2.0,4,245,195,On Time,0,,381,86933.41,18924.51,68008.9,2.98
6311,FL16310,2024-12-09,10,3.0,4,620,218,Delayed,52,,79,52213.21,14235.12,37978.09,3.17
6312,FL16311,2024-09-20,11,2.0,1,154,232,Cancelled,0,Weather,104,0.0,19274.12,-19274.12,3.15
6313,FL16312,2024-11-06,12,4.0,6,646,222,On Time,0,,59,62302.34,15835.9,46466.44,3.81
6314,FL16313,2024-09-06,10,2.0,2,469,258,On Time,0,,62,37016.9,16349.85,20667.05,3.82
6315,FL16314,2025-07-16,1,4.0,5,142,287,Delayed,161,,693,197660.64,26244.36,171416.28,4.57
6316,FL16315,2026-06-08,7,5.0,6,208,121,On Time,0,,720,81475.06,14415.63,67059.44,4.04
6317,FL16316,2025-07-30,3,2.0,2,44,185,Delayed,168,,53,31081.51,15296.92,15784.58,3.21
6318,FL16317,2025-09-11,8,1.0,4,613,286,On Time,0,,788,191980.63,25756.04,166224.59,3.35
6319,FL16318,2024-11-20,3,3.0,1,101,177,On Time,0,,87,46162.12,14449.34,31712.77,4.0
6320,FL16319,2024-09-28,8,1.0,4,5,202,Delayed,75,,770,143133.32,27733.29,115400.03,2.99
6321,FL16320,2024-04-12,6,2.0,3,382,260,Cancelled,0,Crew,95,0.0,15094.06,-15094.06,4.17
6322,FL16321,2024-01-31,1,4.0,1,295,305,On Time,0,,695,153825.18,24380.4,129444.78,4.37
6323,FL16322,2025-02-26,2,3.0,5,438,147,Delayed,182,,1356,160622.78,24299.9,136322.87,4.22
6324,FL16323,2026-08-07,8,3.0,6,302,309,On Time,0,,754,214258.71,32769.62,181489.1,4.14
6325,FL16324,2026-01-06,2,4.0,1,137,253,On Time,0,,1348,234892.41,26419.0,208473.41,4.81
6326,FL16325,2026-07-24,13,1.0,6,380,97,On Time,0,,822,75678.22,13158.18,62520.04,3.35
6327,FL16326,2024-10-07,12,3.0,6,557,288,On Time,0,,109,81953.21,18014.51,63938.7,4.16
6328,FL16327,2025-10-02,11,1.0,4,78,178,Delayed,146,,92,46201.64,14519.55,31682.09,2.74
6329,FL16328,2025-07-29,3,3.0,6,178,154,On Time,0,,80,54028.98,13138.11,40890.86,3.71
6330,FL16329,2024-04-29,12,2.0,2,560,211,On Time,0,,104,36521.44,17644.69,18876.75,4.03
6331,FL16330,2024-01-23,10,5.0,5,598,222,On Time,0,,82,55085.27,14993.86,40091.41,3.38
6332,FL16331,2025-11-24,6,2.0,5,145,214,Delayed,22,,82,55311.84,18500.99,36810.85,2.35
6333,FL16332,2024-08-29,1,2.0,4,526,102,Delayed,103,,735,63788.94,16017.47,47771.47,3.94
6334,FL16333,2025-03-09,8,1.0,6,249,279,On Time,0,,789,207551.7,32096.87,175454.84,2.91
6335,FL16334,2026-02-05,12,1.0,6,467,168,On Time,0,,96,59137.9,14358.67,44779.23,5.0
6336,FL16335,2024-02-14,1,2.0,5,367,122,Cancelled,0,Technical,656,0.0,16491.84,-16491.84,2.47
6337,FL16336,2024-06-11,1,2.0,4,269,220,On Time,0,,712,152591.87,25233.78,127358.09,4.37
6338,FL16337,2024-05-05,6,4.0,6,4,233,Delayed,20,,83,87216.7,20194.07,67022.63,3.71
6339,FL16338,2025-08-01,8,5.0,4,236,113,On Time,0,,804,78339.18,15079.04,63260.14,3.28
6340,FL16339,2024-02-09,8,5.0,4,405,306,Delayed,127,,765,205918.97,33889.21,172029.75,3.6
6341,FL16340,2025-10-14,7,5.0,2,499,228,On Time,0,,737,129979.42,19497.07,110482.34,4.11
6342,FL16341,2024-04-20,4,5.0,2,133,319,On Time,0,,663,182974.11,27503.34,155470.77,4.41
6343,FL16342,2025-06-05,1,3.0,6,128,244,On Time,0,,671,176835.34,25025.88,151809.47,4.79
6344,FL16343,2025-06-15,1,2.0,3,495,92,On Time,0,,714,54785.07,14031.6,40753.46,4.53
6345,FL16344,2026-01-11,2,4.0,4,162,137,On Time,0,,1391,141279.94,21864.38,119415.56,3.44
6346,FL16345,2025-12-05,11,2.0,5,187,313,Cancelled,0,Weather,92,0.0,23195.22,-23195.22,2.91
6347,FL16346,2025-02-25,12,4.0,2,270,218,On Time,0,,105,42856.94,14644.46,28212.47,3.46
6348,FL16347,2026-07-26,7,5.0,2,391,118,On Time,0,,779,67109.63,13336.72,53772.92,3.63
6349,FL16348,2024-08-25,2,1.0,1,215,107,On Time,0,,1358,101003.33,21706.39,79296.95,4.32
6350,FL16349,2026-07-31,7,4.0,2,325,213,On Time,0,,756,120891.47,19787.77,101103.7,4.39
6351,FL16350,2026-08-04,15,5.0,4,625,226,On Time,0,,305,86488.38,23351.66,63136.72,4.38
6352,FL16351,2026-02-17,4,3.0,5,573,146,On Time,0,,632,97429.57,17942.0,79487.57,4.19
6353,FL16352,2025-05-30,8,2.0,2,302,134,Delayed,174,,771,79714.8,21594.7,58120.1,3.59
6354,FL16353,2024-02-16,9,2.0,3,232,229,Delayed,146,,943,166161.27,31705.11,134456.16,3.0
6355,FL16354,2025-03-08,5,1.0,2,257,190,On Time,0,,71,40356.0,13807.04,26548.96,4.88
6356,FL16355,2025-03-09,7,2.0,5,327,98,Delayed,209,,734,66642.24,19218.0,47424.23,3.73
6357,FL16356,2025-01-12,8,4.0,4,260,103,On Time,0,,788,77200.32,16498.06,60702.26,3.99
6358,FL16357,2024-02-17,8,3.0,1,348,144,On Time,0,,815,86678.26,15050.37,71627.89,4.73
6359,FL16358,2026-05-30,11,2.0,4,365,219,Delayed,123,,81,47539.51,19723.3,27816.21,2.97
6360,FL16359,2025-09-02,9,3.0,3,72,159,Delayed,162,,930,125902.81,22067.65,103835.16,3.38
6361,FL16360,2024-02-18,1,5.0,6,388,93,On Time,0,,653,63467.23,13607.02,49860.21,4.58
6362,FL16361,2024-05-29,1,1.0,2,354,300,On Time,0,,682,190977.65,31050.91,159926.74,3.21
6363,FL16362,2026-02-17,7,1.0,6,601,249,On Time,0,,765,183430.02,26852.79,156577.23,5.0
6364,FL16363,2025-09-21,14,5.0,5,318,224,On Time,0,,382,111941.73,19493.75,92447.98,3.62
6365,FL16364,2024-06-13,1,4.0,1,275,146,Delayed,159,,717,77906.82,23215.45,54691.36,3.01
6366,FL16365,2024-08-30,2,3.0,5,112,252,On Time,0,,1379,274505.08,33138.93,241366.16,4.01
6367,FL16366,2024-04-28,11,5.0,5,86,307,Delayed,183,,65,83743.82,28267.9,55475.92,3.78
6368,FL16367,2025-09-16,7,3.0,3,405,245,Delayed,122,,736,144879.94,29361.1,115518.84,3.84
6369,FL16368,2024-03-05,4,3.0,1,267,158,On Time,0,,682,85223.4,15919.87,69303.53,4.97
6370,FL16369,2025-12-01,4,2.0,3,333,180,Delayed,147,,740,114006.24,20034.06,93972.18,3.26
6371,FL16370,2025-01-01,10,5.0,4,177,303,Delayed,100,,50,60805.29,19920.96,40884.33,3.51
6372,FL16371,2024-10-03,8,4.0,1,92,93,On Time,0,,803,58954.24,13350.94,45603.3,3.0
6373,FL16372,2025-01-08,10,2.0,3,630,140,On Time,0,,77,31974.57,12473.56,19501.01,3.3
6374,FL16373,2026-08-08,5,4.0,5,409,114,Delayed,184,,79,30267.94,10878.38,19389.56,3.24
6375,FL16374,2025-02-12,8,4.0,4,360,237,Cancelled,0,Crew,778,0.0,24550.3,-24550.3,3.23
6376,FL16375,2024-08-08,13,1.0,6,306,195,On Time,0,,763,161410.41,23845.11,137565.3,3.97
6377,FL16376,2026-07-22,5,1.0,2,27,120,On Time,0,,50,25038.64,7525.89,17512.75,4.34
6378,FL16377,2024-04-03,6,3.0,5,589,306,Delayed,112,,55,98960.95,30493.67,68467.28,3.26
6379,FL16378,2024-09-20,3,4.0,3,401,216,Cancelled,0,Crew,104,0.0,19837.08,-19837.08,2.85
6380,FL16379,2025-07-13,10,4.0,2,351,147,On Time,0,,79,28193.58,12594.01,15599.57,5.0
6381,FL16380,2025-06-25,1,2.0,6,632,307,On Time,0,,710,220964.25,26980.42,193983.83,3.83
6382,FL16381,2025-01-28,4,5.0,4,159,250,Delayed,136,,700,156596.81,27075.82,129520.99,3.96
6383,FL16382,2024-11-26,11,3.0,4,131,119,On Time,0,,87,29705.26,8187.17,21518.08,3.15
6384,FL16383,2026-03-06,1,2.0,2,482,280,On Time,0,,662,169785.5,22712.51,147072.99,4.08
6385,FL16384,2024-02-26,15,1.0,6,582,103,On Time,0,,288,55103.53,9359.88,45743.65,3.56
6386,FL16385,2025-05-09,7,5.0,1,276,298,On Time,0,,707,162394.39,21821.85,140572.54,5.0
6387,FL16386,2025-10-16,6,4.0,1,106,180,Delayed,133,,89,17557.75,18425.26,-867.51,2.94
6388,FL16387,2024-09-01,9,3.0,2,543,157,On Time,0,,905,121482.79,20623.32,100859.48,3.98
6389,FL16388,2026-01-24,10,2.0,4,105,102,Delayed,152,,61,30632.18,11978.56,18653.62,2.76
6390,FL16389,2025-05-17,7,1.0,1,293,304,On Time,0,,720,172600.12,29195.33,143404.79,3.43
6391,FL16390,2025-02-11,14,1.0,5,262,218,Delayed,155,,395,118481.27,24318.81,94162.47,3.25
6392,FL16391,2026-04-07,15,1.0,2,138,229,On Time,0,,329,80256.84,17255.14,63001.7,4.24
6393,FL16392,2024-04-12,4,3.0,5,619,285,On Time,0,,700,181169.64,23977.49,157192.15,4.69
6394,FL16393,2024-08-14,11,1.0,5,325,206,Cancelled,0,Crew,58,0.0,15626.47,-15626.47,2.62
6395,FL16394,2026-02-18,5,1.0,6,399,156,Delayed,47,,81,42048.38,14634.49,27413.89,2.91
6396,FL16395,2024-04-26,15,2.0,2,68,269,On Time,0,,361,91233.9,18607.74,72626.16,4.84
6397,FL16396,2024-01-25,4,4.0,1,541,211,On Time,0,,721,107859.28,24283.63,83575.64,5.0
6398,FL16397,2026-04-16,5,3.0,5,257,144,On Time,0,,59,37517.77,11331.43,26186.34,3.95
6399,FL16398,2024-01-09,11,1.0,3,78,284,Cancelled,0,Technical,50,0.0,20809.47,-20809.47,3.3
6400,FL16399,2026-04-05,12,4.0,6,368,276,On Time,0,,100,100520.3,17393.99,83126.31,5.0
6401,FL16400,2026-02-07,2,3.0,2,387,146,Delayed,237,,1405,139554.79,27414.64,112140.15,5.0
6402,FL16401,2026-03-25,9,1.0,4,402,239,On Time,0,,944,181929.48,26037.22,155892.26,4.27
6403,FL16402,2024-02-19,6,4.0,1,511,301,Delayed,157,,88,38126.05,22267.14,15858.92,3.79
6404,FL16403,2024-09-19,10,5.0,3,245,273,On Time,0,,77,65405.99,23716.0,41690.0,4.09
6405,FL16404,2024-06-26,9,3.0,1,215,135,On Time,0,,961,91637.92,18330.06,73307.86,3.04
6406,FL16405,2026-02-01,15,1.0,5,102,286,Delayed,51,,357,129785.88,20782.86,109003.02,3.53
6407,FL16406,2024-09-14,15,2.0,4,631,102,On Time,0,,305,47262.29,9155.51,38106.79,4.89
6408,FL16407,2024-09-03,10,3.0,1,209,231,Delayed,58,,50,54715.71,15816.34,38899.37,2.81
6409,FL16408,2025-07-15,11,5.0,3,623,207,On Time,0,,67,48275.21,18544.71,29730.5,2.79
6410,FL16409,2025-08-17,14,5.0,3,331,98,On Time,0,,416,42110.35,9325.9,32784.45,4.38
6411,FL16410,2025-04-21,3,5.0,5,617,256,Delayed,159,,121,65975.44,23537.16,42438.27,2.16
6412,FL16411,2024-04-26,11,5.0,3,356,158,On Time,0,,66,35344.29,13165.76,22178.53,2.98
6413,FL16412,2025-02-04,12,3.0,3,613,286,On Time,0,,116,66164.62,18007.83,48156.79,2.94
6414,FL16413,2025-02-05,2,4.0,5,547,291,On Time,0,,1358,323367.55,31979.99,291387.56,2.7
6415,FL16414,2025-05-13,14,4.0,4,39,225,On Time,0,,375,97207.96,21389.92,75818.04,4.69
6416,FL16415,2026-05-19,11,4.0,5,35,234,Delayed,137,,50,67351.07,24778.81,42572.26,3.39
6417,FL16416,2024-12-10,6,4.0,6,100,101,On Time,0,,68,34308.0,8327.34,25980.66,5.0
6418,FL16417,2024-01-20,8,1.0,6,349,294,On Time,0,,774,241506.0,24968.64,216537.36,4.48
6419,FL16418,2024-04-09,8,5.0,6,103,246,On Time,0,,801,199194.08,23233.87,175960.21,5.0
6420,FL16419,2024-05-27,14,1.0,5,121,178,Delayed,164,,403,93461.13,16312.89,77148.24,2.88
6421,FL16420,2026-04-12,15,3.0,4,152,109,Delayed,174,,333,47354.96,10837.15,36517.81,3.54
6422,FL16421,2025-09-04,13,3.0,4,575,206,Delayed,64,,794,139545.14,27851.62,111693.52,2.47
6423,FL16422,2024-10-08,10,5.0,2,198,297,On Time,0,,52,58740.32,16991.82,41748.5,3.82
6424,FL16423,2026-01-31,2,1.0,5,446,288,On Time,0,,1330,303255.54,31981.83,271273.71,4.93
6425,FL16424,2026-07-25,14,3.0,5,234,112,On Time,0,,368,53035.62,11737.76,41297.86,3.97
6426,FL16425,2025-02-22,3,2.0,6,176,265,Delayed,89,,112,105050.75,18361.18,86689.56,3.15
6427,FL16426,2026-01-22,3,1.0,5,90,108,On Time,0,,94,34344.47,8579.37,25765.1,3.99
6428,FL16427,2025-12-31,2,2.0,3,378,176,On Time,0,,1340,179158.4,25252.8,153905.6,4.09
6429,FL16428,2024-09-12,15,3.0,2,361,192,On Time,0,,359,67478.38,18833.22,48645.16,4.09
6430,FL16429,2026-07-21,8,5.0,6,563,95,Cancelled,0,Crew,815,0.0,13973.32,-13973.32,3.87
6431,FL16430,2026-06-19,4,2.0,5,549,121,On Time,0,,719,71637.61,14139.82,57497.79,3.53
6432,FL16431,2025-10-28,2,5.0,6,95,292,On Time,0,,1374,312657.96,36447.18,276210.78,3.87
6433,FL16432,2026-07-18,7,4.0,4,366,234,Delayed,115,,744,159202.68,27517.93,131684.75,3.36
6434,FL16433,2025-02-28,11,5.0,4,207,270,Cancelled,0,Weather,66,0.0,18540.86,-18540.86,2.41
6435,FL16434,2025-11-03,15,5.0,1,398,221,On Time,0,,335,66351.82,18859.4,47492.42,3.71
6436,FL16435,2025-08-26,9,4.0,1,311,193,Delayed,139,,958,123189.87,28760.09,94429.78,3.8
6437,FL16436,2025-07-27,10,4.0,5,236,94,On Time,0,,75,23706.55,6969.31,16737.24,3.46
6438,FL16437,2024-10-20,13,1.0,2,162,215,On Time,0,,802,133805.43,22993.11,110812.32,5.0
6439,FL16438,2024-12-03,14,4.0,1,316,267,On Time,0,,326,99613.73,24298.23,75315.49,5.0
6440,FL16439,2024-04-01,5,1.0,5,87,136,Delayed,174,,89,43540.6,10642.12,32898.48,3.41
6441,FL16440,2025-04-21,15,4.0,4,312,202,Delayed,147,,336,77424.11,22965.68,54458.44,3.67
6442,FL16441,2024-05-19,8,4.0,1,125,184,On Time,0,,753,108695.17,17461.54,91233.63,4.5
6443,FL16442,2025-04-25,14,4.0,3,122,290,On Time,0,,396,104649.4,24544.18,80105.21,4.36
6444,FL16443,2025-02-23,2,4.0,3,216,127,Delayed,142,,1372,128520.75,25360.72,103160.02,3.36
6445,FL16444,2024-05-08,2,2.0,1,512,114,On Time,0,,1335,110963.74,18757.42,92206.32,5.0
6446,FL16445,2024-09-28,14,2.0,4,494,138,Delayed,181,,379,61189.66,15909.58,45280.08,2.83
6447,FL16446,2026-04-30,11,3.0,3,609,125,Delayed,72,,50,32106.13,11751.55,20354.58,3.05
6448,FL16447,2024-02-12,3,3.0,6,639,284,On Time,0,,77,103224.68,20179.46,83045.22,4.05
6449,FL16448,2024-07-22,14,2.0,1,134,149,On Time,0,,403,52030.26,13964.35,38065.9,4.42
6450,FL16449,2024-12-28,2,3.0,6,141,173,On Time,0,,1354,191383.04,25251.93,166131.11,5.0
6451,FL16450,2025-12-05,11,3.0,1,618,149,On Time,0,,68,18192.67,9300.7,8891.97,4.0
6452,FL16451,2026-03-27,4,2.0,5,529,277,On Time,0,,710,170762.51,22563.81,148198.7,4.38
6453,FL16452,2026-01-11,2,4.0,5,422,242,Delayed,164,,1357,250390.02,36878.39,213511.63,3.55
6454,FL16453,2024-03-18,13,2.0,3,290,198,Delayed,71,,808,137079.9,23660.79,113419.11,3.25
6455,FL16454,2024-12-21,13,2.0,2,165,273,On Time,0,,820,184405.82,31916.82,152489.0,4.81
6456,FL16455,2026-05-14,2,3.0,1,77,106,Delayed,144,,1383,95629.35,22654.05,72975.3,3.58
6457,FL16456,2025-12-05,2,1.0,3,588,246,On Time,0,,1378,249047.09,29810.1,219236.99,4.64
6458,FL16457,2024-06-01,10,4.0,5,389,173,Delayed,82,,78,38448.11,17518.11,20930.01,3.11
6459,FL16458,2025-01-21,1,4.0,5,33,177,On Time,0,,711,112985.75,15537.92,97447.83,3.65
6460,FL16459,2025-03-15,12,5.0,2,255,126,On Time,0,,113,25611.9,9755.82,15856.08,3.78
6461,FL16460,2024-07-23,14,2.0,1,493,112,On Time,0,,368,36130.71,10532.89,25597.82,4.19
6462,FL16461,2026-05-03,12,3.0,4,200,249,On Time,0,,95,49079.95,15675.07,33404.88,4.73
6463,FL16462,2025-12-11,4,3.0,4,600,285,Cancelled,0,Operational,703,0.0,26074.09,-26074.09,4.36
6464,FL16463,2024-03-15,3,4.0,6,242,299,On Time,0,,95,99404.01,23218.16,76185.85,4.11
6465,FL16464,2024-08-04,11,4.0,5,531,146,On Time,0,,116,35353.29,9589.56,25763.73,5.0
6466,FL16465,2025-07-14,1,5.0,4,333,265,On Time,0,,700,170131.64,23038.34,147093.31,4.41
6467,FL16466,2025-11-21,9,5.0,4,526,115,On Time,0,,910,90093.26,14295.97,75797.29,3.57
6468,FL16467,2025-12-21,7,1.0,4,325,269,On Time,0,,739,181175.24,22560.01,158615.23,4.08
6469,FL16468,2026-06-20,12,2.0,3,435,220,On Time,0,,113,47801.62,20073.77,27727.85,4.5
6470,FL16469,2025-07-06,4,4.0,5,258,288,On Time,0,,678,195407.73,28161.8,167245.92,4.55
6471,FL16470,2024-06-29,12,3.0,2,140,105,Delayed,89,,96,23856.24,8175.45,15680.79,2.99
6472,FL16471,2024-02-09,11,3.0,5,71,268,On Time,0,,65,62889.83,18544.11,44345.72,3.77
6473,FL16472,2024-03-05,4,1.0,6,310,197,On Time,0,,694,133612.51,18007.17,115605.34,3.78
6474,FL16473,2025-06-07,6,3.0,3,337,220,On Time,0,,59,53432.32,14248.34,39183.98,3.87
6475,FL16474,2025-08-30,1,4.0,3,429,213,Delayed,135,,725,124227.25,29878.85,94348.4,3.5
6476,FL16475,2024-05-21,7,1.0,3,585,254,Delayed,154,,781,157706.43,21304.33,136402.11,4.53
6477,FL16476,2025-01-14,4,3.0,5,642,227,On Time,0,,678,147785.23,26883.89,120901.34,3.73
6478,FL16477,2025-01-22,2,5.0,2,258,185,On Time,0,,1340,177733.04,26875.33,150857.71,2.93
6479,FL16478,2024-11-21,9,3.0,3,43,190,On Time,0,,936,139459.48,23087.87,116371.61,2.89
6480,FL16479,2024-08-02,9,5.0,4,353,106,On Time,0,,973,78672.77,15966.68,62706.09,4.53
6481,FL16480,2024-10-19,2,2.0,5,584,256,Delayed,69,,1361,280594.4,31830.93,248763.48,2.95
6482,FL16481,2025-12-25,3,1.0,2,413,252,Delayed,30,,104,58301.61,24154.16,34147.46,3.48
6483,FL16482,2025-10-16,2,4.0,1,351,220,On Time,0,,1348,205441.02,33451.4,171989.62,3.54
6484,FL16483,2026-02-12,11,2.0,4,279,255,Delayed,53,,102,71152.96,19877.59,51275.37,3.2
6485,FL16484,2026-05-04,6,1.0,4,600,151,Delayed,225,,65,34928.13,13753.74,21174.39,3.09
6486,FL16485,2024-07-16,2,1.0,5,517,141,Delayed,217,,1371,149565.18,27058.78,122506.4,2.85
6487,FL16486,2024-12-21,3,5.0,1,551,302,Delayed,202,,80,52411.92,19455.74,32956.18,4.1
6488,FL16487,2025-09-06,15,4.0,1,22,309,On Time,0,,314,98558.06,22434.17,76123.89,4.85
6489,FL16488,2025-06-16,4,2.0,3,183,286,Delayed,170,,695,169756.29,29965.4,139790.89,3.72
6490,FL16489,2026-02-12,11,3.0,4,77,102,On Time,0,,69,27487.02,9040.42,18446.6,5.0
6491,FL16490,2026-06-12,8,2.0,1,357,216,On Time,0,,798,115550.45,24669.16,90881.3,3.14
6492,FL16491,2025-02-21,3,1.0,2,18,259,On Time,0,,63,47535.82,20389.29,27146.53,3.86
6493,FL16492,2025-09-05,5,5.0,3,547,98,Delayed,52,,50,23967.73,9920.61,14047.12,3.07
6494,FL16493,2026-05-28,1,5.0,2,610,312,On Time,0,,690,187574.22,31452.03,156122.19,4.46
6495,FL16494,2025-05-28,12,2.0,5,537,271,On Time,0,,99,89006.13,19916.71,69089.42,3.18
6496,FL16495,2024-07-27,6,2.0,1,64,161,Delayed,83,,50,28855.37,14537.94,14317.43,3.73
6497,FL16496,2026-02-06,8,5.0,6,332,206,On Time,0,,779,152843.98,21923.67,130920.31,3.06
6498,FL16497,2024-05-01,3,3.0,2,527,299,On Time,0,,83,40213.43,26854.95,13358.47,4.49
6499,FL16498,2025-10-21,13,2.0,3,267,286,On Time,0,,790,185454.55,23629.13,161825.42,4.75
6500,FL16499,2024-05-26,4,2.0,6,62,280,Delayed,231,,680,202932.76,33387.91,169544.85,2.56
